Price,Close,High,Low,Open,Volume
Ticker,AAPL,AAPL,AAPL,AAPL,AAPL
Date,,,,,
2015-01-02,24.192604064941406,24.659506182275138,23.75446781268404,24.648441478964468,212818400
2015-01-05,23.511062622070312,24.042136374239757,23.325187737341313,23.962475227002493,257142000
2015-01-06,23.513273239135742,23.772171094232995,23.152584838795235,23.575231527032173,263188400
2015-01-07,23.842973709106445,23.94254925811913,23.61062851042855,23.721268759658745,160423600
2015-01-08,24.759077072143555,24.816610479641703,24.053191678114224,24.17047177100101,237458000
2015-01-09,24.785633087158203,25.06002047662429,24.387327450645735,24.931677361721775,214798000
2015-01-12,24.174898147583008,24.922825738800306,24.075322583368106,24.91618759295084,198603200
2015-01-13,24.389543533325195,24.960447781897706,24.09966654067397,24.65729280767819,268367600
2015-01-14,24.296606063842773,24.449288501616856,24.008940661725582,24.128432366224875,195826400
2015-01-15,23.637191772460938,24.35414038758057,23.601787757118135,24.34086409285663,240056000
2015-01-16,23.45352554321289,23.805362503417978,23.27871370223808,23.68365752291758,314053200
2015-01-20,24.0576229095459,24.11294304990514,23.56637979303794,23.862894935009866,199599600
2015-01-21,24.241289138793945,24.57542161180635,23.958048567472943,24.10851943514098,194303600
2015-01-22,24.871929168701172,24.887418736564726,24.27889734612524,24.39838902174535,215185600
2015-01-23,25.000280380249023,25.17066568204172,24.67942253004134,24.849809520070863,185859200
2015-01-26,25.026838302612305,25.305652362292435,24.960455128179923,25.16845776728601,222460000
2015-01-27,24.150562286376953,24.8896402990191,24.1262212875984,24.876362316261897,382274800
2015-01-28,25.515857696533203,26.13765714169229,25.515857696533203,26.029228465091716,585908400
2015-01-29,26.31025505065918,26.374426606206118,25.571177211115504,25.73935088467864,337745600
2015-01-30,25.925228118896484,26.553664023772246,25.856630005500925,26.199615507769245,334982000
2015-02-02,26.250518798828125,26.370010533740277,25.686254242464035,26.122177324948062,250956400
2015-02-03,26.25493812561035,26.35230042157659,26.0248061463723,26.221745704792397,207662800
2015-02-04,26.456302642822266,26.666520183230848,26.179701948787283,26.221745794516334,280598800
2015-02-05,26.64513397216797,26.70955879365363,26.491847269498656,26.66290499248517,168984800
2015-02-06,26.420761108398438,26.714004163225805,26.314126499870483,26.662908024891667,174826400
2015-02-09,26.596263885498047,26.62292126746555,26.309685165049736,26.336344241916905,155559200
2015-02-10,27.107215881347656,27.136096970685305,26.69401122096662,26.69623153945443,248034000
2015-02-11,27.74258041381836,27.75146677384439,27.213854704018523,27.273835515569395,294247200
2015-02-12,28.093584060668945,28.320182004509522,27.89586721069229,28.004722155141266,297898000
2015-02-13,28.231313705444336,28.27574380069617,27.913633609185215,28.27574380069617,217088800
2015-02-17,28.397932052612305,28.631194314145105,28.19577119996392,28.32239884896467,252609600
2015-02-18,28.595645904541016,28.608974594134033,28.313509545559175,28.353497309237724,179566800
2015-02-19,28.535661697387695,28.664511338711634,28.50900431980301,28.542326041783866,149449600
2015-02-20,28.768924713134766,28.768924713134766,28.446802295850947,28.573428232665083,195793600
2015-02-23,29.546470642089844,29.546470642089844,28.804477380870498,28.884452925719273,283896400
2015-02-24,29.362079620361328,29.679761449931537,29.139925727442076,29.53313906705298,276912400
2015-02-25,28.611202239990234,29.235457610797532,28.469023864920207,29.22656955559324,298846800
2015-02-26,28.973308563232422,29.07327713106697,28.126902824541162,28.61119665484146,365150000
2015-02-27,28.537885665893555,29.006630434896266,28.4890115466763,28.880001110615524,248059200
2015-03-02,28.677839279174805,28.94220289932046,28.502339231657224,28.713384708226034,192386800
2015-03-03,28.737821578979492,28.773367007798193,28.455685246153877,28.6489613967314,151265200
2015-03-04,28.5556583404541,28.78225624796574,28.506787605303753,28.680067361107007,126665200
2015-03-05,28.082481384277344,28.602320809120172,27.93808097907652,28.56455504473076,226068400
2015-03-06,28.12468147277832,28.740046987832674,28.049149965508676,28.52455744842278,291368400
2015-03-09,28.244644165039062,28.784479856085543,27.78256368790519,28.42681027882651,354114000
2015-03-10,27.660385131835938,28.262422053347034,27.50265605157878,28.08247792000716,275426400
2015-03-11,27.15608787536621,27.718136880404018,27.12720848319452,27.713694548877402,275756000
2015-03-12,27.647050857543945,27.747021124712568,27.020576957239324,27.17164166982553,193450800
2015-03-13,27.45599937438965,27.85809908133666,27.231625158275826,27.6359451838697,207309200
2015-03-16,27.75812530517578,27.75812530517578,27.296046544920685,27.520420732700014,143497200
2015-03-17,28.222429275512695,28.284632091074627,27.913635516187682,27.969173986496493,204092400
2015-03-18,28.540109634399414,28.693396356113592,28.073586818847133,28.21354315504293,261083600
2015-03-19,28.32461929321289,28.713388577629537,28.302404244511855,28.602311639224784,183238000
2015-03-20,27.96916961669922,28.524552538116783,27.804776244841232,28.491230817057243,274780400
2015-03-23,28.260194778442383,28.40237312558268,28.106908059378792,28.240201742859963,150838800
2015-03-24,28.14467430114746,28.44457999143216,28.115793213344112,28.26463759420105,131369200
2015-03-25,27.409343719482422,28.17355357044147,27.409343719482422,28.11135075836797,206620800
2015-03-26,27.600393295288086,27.742571620841588,27.236061124194826,27.271606553032868,190291600
2015-03-27,27.38046646118164,27.702588918059213,27.304934953461245,27.673709523030762,158184800
2015-03-30,28.07358169555664,28.08024603964981,27.54707647850533,27.558184848593484,188398800
2015-03-31,27.64260482788086,28.100241236455535,27.62705412549918,28.011379353603317,168362400
2015-04-01,27.602617263793945,27.795891733269624,27.34713998434433,27.72924489692644,162485600
2015-04-02,27.8403263092041,27.89364276992168,27.58929301571328,27.775901475674658,128880400
2015-04-06,28.291290283203125,28.326835710021733,27.620386453544633,27.6514878545613,148776000
2015-04-07,27.99360466003418,28.462347683151513,27.986940316302068,28.35571479363924,140049200
2015-04-08,27.90252685546875,28.08025063657794,27.762570521902486,27.958065325202924,149316800
2015-04-09,28.115793228149414,28.12023725469051,27.693702231319484,27.958064183930947,129936000
2015-04-10,28.235754013061523,28.260191072168222,27.826991742366516,27.980276746427457,160752000
2015-04-13,28.18021583557129,28.56232242775019,28.126899385571637,28.517888945434937,145460400
2015-04-14,28.058034896850586,28.27796675701111,27.971395021790396,28.213541930317717,102098400
2015-04-15,28.164663314819336,28.242416819151526,27.99360560528852,28.08246747948214,115881600
2015-04-16,28.02915382385254,28.235756994085587,28.0158251338051,28.05359088553921,113476000
2015-04-17,27.713693618774414,28.022487343944757,27.64926879695406,27.891417382065,207828000
2015-04-20,28.346839904785156,28.46235919764015,27.80700581040335,27.895867717545602,188217200
2015-04-21,28.193544387817383,28.480121347261836,28.140226246381843,28.45790799734594,129740400
2015-04-22,28.57343292236328,28.628971396175867,28.06247998022732,28.211322683269117,150618000
2015-04-23,28.80669593811035,28.97331136387317,28.46680074073816,28.50234617845278,183083600
2015-04-24,28.94220542907715,29.019960638198242,28.70894319151285,28.9888592325096,178103600
2015-04-27,29.468711853027344,29.575348159798903,29.135481021414673,29.393180344746973,387816800
2015-04-28,29.004409790039062,29.888581275967137,28.784479620133364,29.870811948737703,475696000
2015-04-29,28.5778751373291,29.23322840880269,28.502343631285193,28.91554998584197,253544400
2015-04-30,27.80255889892578,28.57787547888214,27.675931252944945,28.57787547888214,332781600
2015-05-01,28.646738052368164,28.90888135598468,27.835877862217878,28.0135999238689,234050400
2015-05-04,28.591203689575195,29.00663375040625,28.49345543996789,28.768927471606737,203953200
2015-05-05,27.94695281982422,28.535659120311355,27.942508794028523,28.46901229256979,197085600
2015-05-06,27.77145767211914,28.15800495791627,27.404903422444445,28.11579517734717,288564000
2015-05-07,27.943225860595703,28.12615286272981,27.66660321192148,27.833914556628738,175763600
2015-05-08,28.469697952270508,28.469697952270508,28.132843981101665,28.260000530194958,222201600
2015-05-11,28.1796932220459,28.456314180575312,28.02576623369674,28.418390682627546,168143200
2015-05-12,28.079303741455078,28.30461510965887,27.845067196000144,28.019070708862035,192640000
2015-05-13,28.110536575317383,28.3737731531699,28.079305261163608,28.14176788947116,138776800
2015-05-14,28.766403198242188,28.766403198242188,28.367088193902088,28.422858655086724,180814000
2015-05-15,28.726255416870117,28.886874647126675,28.601330105328227,28.793180663470256,152832000
2015-05-18,29.043025970458984,29.161259076095174,28.63478578527864,28.639248375290993,203531600
2015-05-19,29.01624870300293,29.196944399824076,28.920321767728332,29.154558317071896,178532800
2015-05-20,29.014022827148438,29.219257706248666,28.853403634120667,29.000638461722566,145819600
2015-05-21,29.31071662902832,29.364257484742,28.962709576784434,29.01625043249812,158921600
2015-05-22,29.567264556884766,29.66319151483739,29.31295140420748,29.35757049383677,182384000
2015-05-26,28.915864944458008,29.649806051808497,28.804324032431605,29.580651230985488,282790400
2015-05-27,29.455711364746094,29.504789619717524,29.011780881991594,29.0764730886591,183332800
2015-05-28,29.397716522216797,29.435640016117567,29.246022546613716,29.415563472986186,122933200
2015-05-29,29.06310272216797,29.324108074389464,28.978330531136447,29.275029795787933,203538000
2015-06-01,29.121097564697266,29.310718462078576,29.01178965788815,29.06309752034872,128451200
2015-06-02,28.991722106933594,29.14787873936453,28.84894984243113,28.969412557746622,134670400
2015-06-03,29.02741241455078,29.210341185502646,28.97833412985439,29.147878532972562,123934000
2015-06-04,28.857866287231445,29.130026398016824,28.7574801423585,28.906944563206427,153800400
2015-06-05,28.69947624206543,28.93148325289006,28.634784008714654,28.88909716029949,142507200
2015-06-08,28.509859085083008,28.824405288183716,28.293469433641413,28.75524706027214,210699200
2015-06-09,28.425086975097656,28.572321802981325,28.0235406937391,28.2644677817625,224301600
2015-06-10,28.75078582763672,28.853401557823254,28.521010125158224,28.536625784357813,156349200
2015-06-11,28.68608283996582,29.04078202312874,28.661543710089028,28.817700262051552,141563600
2015-06-12,28.36931800842285,28.628093767290103,28.35593364226745,28.596862444941216,147544800
2015-06-15,28.31354522705078,28.384931343996573,28.043616419162653,28.130618196003486,175955600
2015-06-16,28.465242385864258,28.52101284575113,28.190852676329285,28.338085805401363,125976400
2015-06-17,28.3983154296875,28.527701587513736,28.273388457264044,28.49200938252072,131672400
2015-06-18,28.527700424194336,28.62362566779641,28.38046731888597,28.382698613475533,141628800
2015-06-19,28.242156982421875,28.51431706464247,28.1975413009342,28.489777929230502,218867600
2015-06-22,28.467470169067383,28.567856303688377,28.349237081009143,28.440699738911512,136157200
2015-06-23,28.338083267211914,28.467471131035477,28.304620653881102,28.438471107204354,121075600
2015-06-24,28.579010009765625,28.956018802673047,28.358159500644405,28.378236046028565,221123600
2015-06-25,28.442935943603516,28.822174408726447,28.442935943603516,28.74632739649364,127752400
2015-06-26,28.275617599487305,28.55223854954749,28.222078445083824,28.480852443016506,176267200
2015-06-29,27.780380249023438,28.213159547462322,27.769227178618095,27.98784642073102,196645600
2015-06-30,27.981149673461914,28.135076656967197,27.85399311812508,28.012380988668923,177482800
2015-07-01,28.242156982421875,28.3180056833259,28.106076941311578,28.309082206632535,120955200
2015-07-02,28.206466674804688,28.262237131404994,28.057000557611623,28.20423537998648,108844000
2015-07-06,28.108308792114258,28.1596183586215,27.851764363536425,27.87184261198854,112241600
2015-07-07,28.03915786743164,28.141775312716643,27.6108394280941,28.083773555997496,187787200
2015-07-08,27.343135833740234,27.804915086186213,27.33644365213623,27.76922288363849,243046400
2015-07-09,26.785442352294922,27.675538613121226,26.595823086983216,27.628691620654553,314380000
2015-07-10,27.501522064208984,27.62867861303297,27.039742839324095,27.20259329054447,245418000
2015-07-13,28.03246307373047,28.054770915935904,27.73353254184397,27.891920434075615,165762000
2015-07-14,28.021303176879883,28.190845810196578,27.8941466273871,28.117228412601033,127072400
2015-07-15,28.291234970092773,28.36485237559187,28.014614003283636,28.045845320408258,134596800
2015-07-16,28.66824722290039,28.681634993181415,28.409473162788792,28.496474947841605,144889600
2015-07-17,28.915864944458008,28.915864944458008,28.62362829958219,28.795402257211233,184658800
2015-07-20,29.46242332458496,29.663195640003035,29.156798857123505,29.217031913332566,235600800
2015-07-21,29.16794776916504,29.652034906839845,29.072024221109125,29.636420949603064,307025600
2015-07-22,27.934310913085938,27.99677356186341,27.213755753021168,27.213755753021168,461802400
2015-07-23,27.92091941833496,28.35146566635156,27.898609876341503,28.15292299685926,203998000
2015-07-24,27.7736873626709,28.050308350612383,27.639838607343037,27.956614392080805,168649200
2015-07-27,27.387754440307617,27.575144055147923,27.24275261810859,27.459140555013633,177822000
2015-07-28,27.523836135864258,27.642070937846118,27.338679506679952,27.523836135864258,134472400
2015-07-29,27.436830520629883,27.550602716905665,27.276211349882686,27.472524426119968,148046800
2015-07-30,27.29852867126465,27.343144363862624,27.151293822128096,27.287373897125367,134513200
2015-07-31,27.059829711914062,27.358758580880675,26.972827924559333,27.349835102436668,171540000
2015-08-03,26.421812057495117,27.343139387606957,26.216575483749125,27.10444190149192,279904000
2015-08-04,25.574098587036133,26.25672838166463,25.264015006993834,26.19426574712073,496554400
2015-08-05,25.74363899230957,26.1987260496658,25.007468402061168,25.19708758379818,397250400
2015-08-06,25.799671173095703,26.10667735055833,25.573339836479377,25.987909049036496,211612000
2015-08-07,25.88705825805664,26.05064586175011,25.6584856014657,25.676413337974065,154681600
2015-08-10,26.828248977661133,26.888752962705077,26.11339616388924,26.11339616388924,219806400
2015-08-11,25.432153701782227,26.48314379074808,25.39629993693712,26.400229288163885,388331200
2015-08-12,25.824310302734375,25.86464685099552,24.567156543225366,25.21702239424032,404870000
2015-08-13,25.80414390563965,26.08425836030425,25.66744791498869,26.00358526058621,194143200
2015-08-14,25.98565673828125,26.064088441275725,25.54867888610996,25.61814672166465,171718000
2015-08-17,26.25457000732422,26.364374401449012,25.88257716849709,26.003586825355924,163538800
2015-08-18,26.10666847229004,26.317315099765885,25.996864079315262,26.0909821304365,138242800
2015-08-19,25.772775650024414,26.111152738404556,25.69882501096786,26.017034675796168,193146000
2015-08-20,25.24391746520996,25.62487247693871,25.01534309042622,25.56436850107426,274006400
2015-08-21,23.699928283691406,25.07585058188817,23.67527807072019,24.746435653712144,513102000
2015-08-24,23.108322143554688,24.381162265078455,20.616423395872122,21.25956678468572,648825200
2015-08-25,23.24726676940918,24.898822808248347,23.19348525333025,24.898822808248347,414406400
2015-08-26,24.580612182617188,24.625429826094532,23.540827124854484,23.99797255931064,387098400
2015-08-27,25.304426193237305,25.376135445724387,24.654560130876177,25.149804132686572,338464400
2015-08-28,25.3873348236084,25.391815902863165,24.99517456601919,25.13635164326541,212657600
2015-08-31,25.268566131591797,25.66520746167961,25.09825605819991,25.104978531809078,224917200
2015-09-01,24.13914680480957,25.07136694780219,24.058473694109427,24.68368944719395,307383600
2015-09-02,25.174442291259766,25.174442291259766,24.4551086670713,24.701610724002983,247555200
2015-09-03,24.732988357543945,25.273048177563375,24.659037725648208,25.208061414050434,212935600
2015-09-04,24.486488342285156,24.75091649826802,24.316179957517583,24.419261888197923,199985200
2015-09-08,25.167728424072266,25.22375132713337,24.7217865944172,25.042237668314055,219374400
2015-09-09,24.683687210083008,25.55092050698643,24.59853131779331,25.492657928736982,340043200
2015-09-10,25.225984573364258,25.385089361501105,24.62766057226877,24.710573347819047,251571200
2015-09-11,25.593496322631836,25.593496322631836,25.044472696084757,25.051195169193704,199662000
2015-09-14,25.840002059936523,26.194067201152144,25.73916152298625,26.124599351683436,233453600
2015-09-15,26.057369232177734,26.113392128431876,25.64055874727226,25.978937519358556,173364800
2015-09-16,26.086503982543945,26.11563527506457,25.8691348569455,26.050648505887892,148694000
2015-09-17,25.52851104736328,26.104426309438182,25.48369341758183,25.918431607130465,256450400
2015-09-18,25.423189163208008,25.61366837467434,25.069125764829042,25.145316081669108,297141200
2015-09-21,25.817590713500977,25.853446186930608,25.470249790487564,25.47248947531461,200888000
2015-09-22,25.411977767944336,25.586768873515815,25.21477614345749,25.40749498028824,201384800
2015-09-23,25.618148803710938,25.70778577571087,25.389576149309995,25.46352506975313,143026800
2015-09-24,25.770532608032227,25.88257840198019,25.18117234735185,25.378372329214343,200878000
2015-09-25,25.705549240112305,26.149251395054904,25.550925476927503,26.093228490675873,224607600
2015-09-28,25.196861267089844,25.674175782638905,25.196861267089844,25.51282954930308,208436000
2015-09-29,24.439434051513672,25.43664288920557,24.170524763643698,25.28426050349697,293461600
2015-09-30,24.717304229736328,24.99517733576546,24.365480485186172,24.688171227461435,265892000
2015-10-01,24.555957794189453,24.564921663298826,24.047268907752663,24.441670600148974,255716400
2015-10-02,24.735227584838867,24.876406372152566,24.101049723055393,24.204131643026145,232079200
2015-10-05,24.824867248535156,24.957082181965,24.441670816553575,24.62318446599663,208258800
2015-10-06,24.943632125854492,25.0399915694046,24.59853090266767,24.791249789767882,192787200
2015-10-07,24.824867248535156,25.046717454485915,24.517862849816233,25.03999498001517,187062400
2015-10-08,24.538028717041016,24.692652458794942,24.24895036534952,24.692652458794942,247918400
2015-10-09,25.125154495239258,25.16100826746643,24.535792406538167,24.650079618024016,211064400
2015-10-12,25.008623123168945,25.26632881443241,24.972769354906614,25.26184773453085,121868800
2015-10-13,25.051197052001953,25.1990966005633,24.80245527017863,24.83382795350022,132197200
2015-10-14,24.697132110595703,24.99069152478597,24.551472245882195,24.939151420302792,177849600
2015-10-15,25.0668888092041,25.120670319419833,24.759882673592674,24.858483533724336,150694000
2015-10-16,24.883129119873047,25.098256830400224,24.76884193595193,25.048956409505504,156930400
2015-10-19,25.03775405883789,25.042235138369406,24.6747250681917,24.829348812117825,119036800
2015-10-20,25.494901657104492,25.584538642829024,24.833832093042265,24.950358977705847,195871200
2015-10-21,25.492660522460938,25.900507160118128,25.479213864072698,25.546442026964304,167180800
2015-10-22,25.882577896118164,25.882577896118164,25.5688493372589,25.620391153728185,166616400
2015-10-23,26.68482208251953,26.718436156827863,26.068570322370572,26.151483101357233,237467600
2015-10-26,25.833280563354492,26.471941310810404,25.75260744686708,26.460737756104727,265335200
2015-10-27,25.669687271118164,26.115628968824417,25.54419484280834,25.86016474322925,279537600
2015-10-28,26.727405548095703,26.734129732523552,26.008071685812876,26.203032001821295,342205600
2015-10-29,27.009750366210938,27.045605829705693,26.503303057284445,26.599662478323346,204909200
2015-10-30,26.778945922851562,27.164383744411797,26.76774065909424,27.112841924684606,197461200
2015-11-02,27.155424118041992,27.19576068031395,26.803600323102398,27.070269913104966,128813200
2015-11-03,27.46690559387207,27.673069442414718,27.047853713081217,27.068022844831653,182076000
2015-11-04,27.339168548583984,27.747015092970628,27.25401437678732,27.592391379490792,179544400
2015-11-05,27.21314239501953,27.61148327358103,27.046605283344793,27.422439708246415,158210800
2015-11-06,27.244651794433594,27.41343990989622,27.145630600923205,27.255905022265036,132169200
2015-11-09,27.134380340576172,27.413442907899615,27.01735465653785,27.222150032855332,135485600
2015-11-10,26.279186248779297,26.571753032227548,26.119400355881204,26.308443957325128,236511600
2015-11-11,26.130653381347656,26.425469434694342,25.928107280307252,26.18916708098192,180872000
2015-11-12,26.042884826660156,26.29044042006532,26.02713133572533,26.164412492586706,130102400
2015-11-13,25.28220558166504,26.00912040774217,25.26645209463557,25.925850995157077,183249600
2015-11-16,25.696304321289062,25.70980682190247,24.98064259975126,25.06616129863884,152426800
2015-11-17,25.586030960083008,25.89210024476018,25.50276152982468,25.862842536209097,110467600
2015-11-18,26.396207809448242,26.441217281405347,25.99336668252736,26.05188036967263,186698800
2015-11-19,26.73153305053711,26.949832595551136,26.27693120190066,26.47497528260345,173183200
2015-11-20,26.84855842590332,26.988088808986056,26.747284545890412,26.826051974566337,137148400
2015-11-23,26.499731063842773,26.94533239262618,26.407459413897218,26.841807516150237,129930000
2015-11-24,26.7540340423584,26.85980817551081,26.357945936384805,26.405206390495255,171212800
2015-11-25,26.5627498626709,26.83281189570902,26.53799413338403,26.828309917474165,85553200
2015-11-27,26.513242721557617,26.648274618566305,26.465982244405335,26.621267895764188,52185600
2015-11-30,26.623519897460938,26.87332651262188,26.499741226164268,26.553752956820105,156721200
2015-12-01,26.40745735168457,26.738282268628147,26.299433940234323,26.724779771447157,139409600
2015-12-02,26.16890525817871,26.58074861079225,26.123895787543884,26.407458543145545,133546400
2015-12-03,25.92584800720215,26.28367962420474,25.70529921420782,26.229667920185882,166278000
2015-12-04,26.787799835205078,26.837311292183443,25.9056009997772,25.94611021757754,231108000
2015-12-07,26.619014739990234,26.974595501438618,26.513240563875687,26.776551368012537,128336800
2015-12-08,26.60776138305664,26.691029094394686,26.29944111628699,26.44797377680992,137238000
2015-12-09,26.020376205444336,26.486231330206245,25.89884855763669,26.474978102501257,185445600
2015-12-10,26.1441593170166,26.31744944950611,25.99562663474177,26.114903321856897,116850800
2015-12-11,25.47124671936035,25.968608724824044,25.396979551716154,25.923599256737276,187544800
2015-12-14,25.313716888427734,25.35872636544817,24.70832963559441,25.246200955895596,257274800
2015-12-15,24.865869522094727,25.385738186321696,24.83436253844483,25.192194305614137,213292400
2015-12-16,25.05715560913086,25.203438974640342,24.485528079849917,24.996392647735327,224954000
2015-12-17,24.526033401489258,25.26194865584956,24.526033401489258,25.210186223835937,179091200
2015-12-18,23.86214256286621,24.64756958850179,23.81263109863098,24.510290142670215,385813200
2015-12-21,24.154705047607422,24.163707286494162,23.758615121598442,24.143451819748623,190362400
2015-12-22,24.132198333740234,24.242472746324506,23.95665726531862,24.17045655812642,131157600
2015-12-23,24.442768096923828,24.49677980942645,24.12544563734299,24.141199125031314,130629600
2015-12-24,24.312238693237305,24.530538253331216,24.294234216383877,24.530538253331216,54281600
2015-12-28,24.039928436279297,24.235723267087668,23.895896049363305,24.213216811568333,106816800
2015-12-29,24.472026824951172,24.62731244741854,24.048931881781158,24.071436621428216,123724800
2015-12-30,24.152462005615234,24.463031622888895,24.12095501764553,24.436026614344616,100855200
2015-12-31,23.6888484954834,24.087187669568237,23.58982559067075,24.082687408895573,163649200
2016-01-04,23.709104537963867,23.71360651607352,22.955184602744627,23.09246574606234,270597600
2016-01-05,23.11496925354004,23.821628682951236,23.047455038507994,23.79912394460722,223164000
2016-01-06,22.662609100341797,23.038445145525916,22.475818288844135,22.63110213372769,273829600
2016-01-07,21.706151962280273,22.534339089007176,21.70165170114115,22.208016070870872,324377600
2016-01-08,21.820926666259766,22.30478625858172,21.775917190369956,22.178758352489098,283192000
2016-01-11,22.174259185791016,22.29353585732134,21.906448134391603,22.27328210570374,198957600
2016-01-12,22.49608039855957,22.66036825729513,22.244022854897278,22.628861278962535,196616800
2016-01-13,21.917701721191406,22.77289562148932,21.89744796924307,22.577100767646975,249758400
2016-01-14,22.397062301635742,22.613112652376685,21.546370269725212,22.04598348643506,252680400
2016-01-15,21.85918617248535,21.989716064011326,21.460846964830314,21.649888835039064,319335600
2016-01-19,21.75341033935547,22.20126093386138,21.492350596949187,22.14724922463988,212350800
2016-01-20,21.782669067382812,22.09774055868971,21.024247186087106,21.40233263225508,289337600
2016-01-21,21.672393798828125,22.02797277549586,21.366324558328266,21.843431179047542,208646000
2016-01-22,22.824657440185547,22.833659680480253,22.138253358481553,22.196765344894477,263202000
2016-01-25,22.379051208496094,22.849406537567848,22.32728877108087,22.847155548897288,207178000
2016-01-26,22.502830505371094,22.703125593310077,22.07073335276125,22.48932800591499,300308000
2016-01-27,21.024246215820312,21.746659108426698,21.006241738976197,21.61387995495452,533478800
2016-01-28,21.175033569335938,21.271805503136676,20.79244781263631,21.10751934480162,222715200
2016-01-29,21.906442642211914,21.906442642211914,21.233541274149022,21.332564169235646,257666000
2016-02-01,21.701644897460938,21.76465883566267,21.469842888932693,21.710647133918478,163774000
2016-02-02,21.262805938720703,21.613884729731595,21.217794736666875,21.474352578867418,149428800
2016-02-03,21.68364715576172,21.793921581847044,21.172782526467135,21.37982887826044,183857200
2016-02-04,21.857868194580078,22.02304746382955,21.538825669478815,21.6904274489689,185886800
2016-02-05,21.274091720581055,21.930280836238957,21.19942327595188,21.839771695058854,185672400
2016-02-08,21.49809455871582,21.654221002038934,21.052338621748934,21.072702264927642,216085600
2016-02-09,21.493572235107422,21.70853162527818,21.253724518431536,21.335182559249382,177324800
2016-02-10,21.330656051635742,21.801302123821248,21.292190234299287,21.70400511588211,169374400
2016-02-11,21.201679229736328,21.432477565937162,20.95051724839192,21.222044601197734,200298800
2016-02-12,21.267305374145508,21.38270458064832,21.045559774862276,21.312560811165437,161405600
2016-02-16,21.866924285888672,21.914441195131964,21.40759243688531,21.500363052174144,196231600
2016-02-17,22.201807022094727,22.22217067140794,21.756050950844866,21.873711619396975,179452800
2016-02-18,21.78094482421875,22.37603960702868,21.742477269354197,22.364725315659374,156084000
2016-02-19,21.731164932250977,21.89408106229437,21.67686013100935,21.722113844324287,141496800
2016-02-22,21.921232223510742,21.925758630555652,21.704011295953993,21.79225724382647,137123200
2016-02-23,21.42569923400879,21.83525105896219,21.394021287676406,21.812624201056,127770400
2016-02-24,21.744739532470703,21.808095418234426,21.115703629076013,21.265043982363427,145022800
2016-02-25,21.894075393676758,21.894075393676758,21.55240424976032,21.733422508789467,110330800
2016-02-26,21.928022384643555,22.179182739750832,21.853352203394042,21.99363975157595,115964400
2016-02-29,21.878232955932617,22.226691927196725,21.869181871784715,21.91669876882285,140865200
2016-03-01,22.74712562561035,22.801430426399506,22.04341951361982,22.095462837185025,201628400
2016-03-02,22.796907424926758,22.828585371580473,22.545745329087584,22.742602620137337,132678400
2016-03-03,22.96660041809082,23.01411731524598,22.72901420599725,22.758430661129815,147822800
2016-03-04,23.30827522277832,23.47571599081362,22.93718934425789,23.163461305615133,184220400
2016-03-07,23.050331115722656,23.267552046038453,22.844422750525865,23.16799180560761,143315600
2016-03-08,22.860261917114258,23.02544125138635,22.717711165909574,22.80369391208277,126247600
2016-03-09,22.880626678466797,22.98471159775455,22.688294085500996,22.923617187232708,108806800
2016-03-10,22.89193344116211,23.13404436573756,22.661136804946963,22.94623995370993,134054400
2016-03-11,23.13857650756836,23.143101188243314,22.966609294506334,23.134050100574946,109632800
2016-03-14,23.197406768798828,23.28565444495634,23.029965957093875,23.059382424585884,100304400
2016-03-15,23.663524627685547,23.799287473548514,23.498345318901467,23.523235375380143,160270800
2016-03-16,23.978044509887695,24.054976162517963,23.66578803991725,23.670314446729847,153214000
2016-03-17,23.9395751953125,24.09117700139507,23.74950584220155,23.87621759339676,137682800
2016-03-18,23.96673011779785,24.09796829371383,23.801552522522893,24.061763944639747,176820800
2016-03-21,23.9644718170166,24.35818467062962,23.790241385061908,23.968996498091382,142010800
2016-03-22,24.147741317749023,24.276716252385185,23.80607021057265,23.815121295182642,129777600
2016-03-23,24.01424789428711,24.226944136945665,23.962206298520723,24.093444479153383,102814000
2016-03-24,23.91016387939453,24.04140206498335,23.733671980446086,23.864910166034907,104532000
2016-03-28,23.80155372619629,24.027825740397013,23.772137259506373,23.984833505276967,77645600
2016-03-29,24.364973068237305,24.389863130469006,23.731410672679043,23.733673876423374,124760400
2016-03-30,24.790361404418945,24.98495547537294,24.573140477234638,24.584454768509033,182404400
2016-03-31,24.661386489868164,24.867294852638533,24.636496430053757,24.826565820789366,103553600
2016-04-01,24.88766098022461,24.88992418397419,24.4826338249817,24.613872021359132,103496000
2016-04-04,25.14334487915039,25.38545584641617,24.95101230102027,24.98495344576784,149424800
2016-04-05,24.846933364868164,25.055104963765114,24.758687403094388,24.779052785367664,106314800
2016-04-06,25.107135772705078,25.111662178516678,24.708896650866684,24.94195821325985,105616400
2016-04-07,24.5595645904541,24.984955355017746,24.46453075895347,24.87860723229722,127207600
2016-04-08,24.58670997619629,24.83787024288714,24.47583548198376,24.643277961534878,94326800
2016-04-11,24.668169021606445,25.02794234592997,24.625178521879334,24.656856459075357,117630000
2016-04-12,24.989482879638672,25.003058648654925,24.586718953183524,24.74058227221714,108929200
2016-04-13,25.35152244567871,25.41940302959068,25.070945567607744,25.070945567607744,133029200
2016-04-14,25.365087509155273,25.430706587658513,25.190858851715603,25.256477930218843,101895600
2016-04-15,24.855976104736328,25.41034347919359,24.82882457258405,25.367351251528262,187756000
2016-04-18,24.319719314575195,24.652337759106935,24.197532207345343,24.63876198929872,243286000
2016-04-19,24.190738677978516,24.437374312312617,24.036873659551965,24.41022105271326,129539600
2016-04-20,24.240520477294922,24.45774140571795,23.998409488981064,24.12964767271117,122444000
2016-04-21,23.978044509887695,24.195265426295872,23.87622107242492,24.195265426295872,126210000
2016-04-22,23.912424087524414,24.09344237092434,23.67257632939006,23.760822267809996,134732400
2016-04-25,23.776657104492188,23.905632047938518,23.647682161045857,23.75855493403565,112126400
2016-04-26,23.611482620239258,23.82644205389541,23.511924115124508,23.511924115124508,224064800
2016-04-27,22.13391876220703,22.33530062941567,21.649696999894374,21.722103943988294,458408400
2016-04-28,21.457368850708008,22.147497243695007,21.326130708952,22.086404578432276,328970800
2016-04-29,21.210737228393555,21.43248455248749,20.932423629466527,21.267305229545045,274126000
2016-05-02,21.1881103515625,21.287670585909353,20.907533549506745,21.26278052732264,192640400
2016-05-03,21.53656578063965,21.663277529105528,21.197157831833383,21.31481849450626,227325200
2016-05-04,21.312559127807617,21.69948402059538,21.22883787067222,21.541092593013676,164102000
2016-05-05,21.22605323791504,21.41500286744286,21.098569987548814,21.39906746114708,143562000
2016-05-06,21.107677459716797,21.273860744455853,20.90962162362799,21.25565009103631,174799600
2016-05-09,21.123613357543945,21.346709064369357,21.078082380864863,21.171419580435106,131745600
2016-05-10,21.26702880859375,21.301176601729335,20.968808337989397,21.246541174809746,134747200
2016-05-11,21.05986785888672,21.301175912061915,21.048484682600442,21.280688278941234,114876400
2016-05-12,20.565868377685547,21.121334074889095,20.367814295389742,21.107675651787034,305258800
2016-05-13,20.606842041015625,20.868639441253695,20.48846500739972,20.48846500739972,177571200
2016-05-16,21.371747970581055,21.487849775426163,20.864090236678617,21.032550487061453,245039200
2016-05-17,21.282960891723633,21.55841670285092,21.173690054940703,21.52427065187415,187667600
2016-05-18,21.526552200317383,21.67452483291446,21.3740273385334,21.435493721946084,168249600
2016-05-19,21.444595336914062,21.544761734036086,21.30117668934936,21.544761734036086,121768400
2016-05-20,21.67679786682129,21.72460408030558,21.517442085044827,21.544760665676776,128104000
2016-05-23,21.952251434326172,22.12526562008119,21.779237248571153,21.824768211574394,152074400
2016-05-24,22.286893844604492,22.33014608301443,22.045584112927113,22.132092063403853,140560800
2016-05-25,22.678457260131836,22.705774104756745,22.33470582502775,22.462189064821,152675200
2016-05-26,22.858301162719727,22.93114897797213,22.455360327707282,22.692116161484822,225324800
2016-05-27,22.84464454650879,22.871963132776415,22.594230251291048,22.637484245340822,145364800
2016-05-31,22.733097076416016,22.856028111455124,22.496341201914312,22.673907673583287,169228800
2016-06-01,22.41438102722168,22.660243029826294,22.38478720234156,22.54186425664834,116693200
2016-06-02,22.24591827392578,22.273235113230708,21.997779316991924,22.21859969779231,160766400
2016-06-03,22.29144859313965,22.37112560641008,22.1844530023928,22.26185477016167,114019600
2016-06-06,22.453083038330078,23.195221340147576,22.20722275072929,22.307387409815206,93170000
2016-06-07,22.544147491455078,22.735374125458055,22.528212083357264,22.594230698856553,89638000
2016-06-08,22.523653030395508,22.664794677408715,22.46446364532262,22.541863679255194,83392400
2016-06-09,22.685287475585938,22.762687521221583,22.41438384220326,22.42349003642433,106405600
2016-06-10,22.49861717224121,22.616994235748717,22.418940135569898,22.43032157690629,126851600
2016-06-13,22.1594181060791,22.564635978748562,22.104782671438503,22.466746550901703,152082000
2016-06-14,22.186735153198242,22.418938773768836,22.025104106674686,22.154864340465654,127727600
2016-06-15,22.113889694213867,22.403005759365648,22.08884809056043,22.268691545512738,117780800
2016-06-16,22.20722770690918,22.2527569496704,21.8703054052566,21.95681166123463,125307200
2016-06-17,21.701839447021484,22.00233688641061,21.695010236076318,21.995507675465443,244032800
2016-06-20,21.64947509765625,21.984120264131167,21.633539696244515,21.854360070684617,137647600
2016-06-21,21.833879470825195,21.93404413901869,21.553869628070824,21.61305902529588,142185600
2016-06-22,21.75192642211914,22.05697614285978,21.706395446526347,21.911280494621096,116876400
2016-06-23,21.877132415771484,21.920386407821066,21.68363054827085,21.840709372594816,128960800
2016-06-24,21.262481689453125,21.549320789159662,21.09174441957555,21.150933826111988,301245600
2016-06-27,20.952871322631836,21.18279792612506,20.8299403188878,21.171414750344976,181958400
2016-06-28,21.30573081970215,21.321667963238593,20.975639507836906,21.14865373553775,161779600
2016-06-29,21.490127563476562,21.52427535874932,21.314836358263275,21.392238143336794,146124000
2016-06-30,21.763301849365234,21.802001865302973,21.467358405523612,21.499229211216885,143345600
2016-07-01,21.82932472229004,21.96136193566166,21.701841474526535,21.73826451524654,104106000
2016-07-05,21.624439239501953,21.71777642740223,21.503785205838827,21.715499444645676,110820800
2016-07-06,21.74736785888672,21.776963420972997,21.483295203588348,21.5356536434154,123796400
2016-07-07,21.84070587158203,21.968189107508774,21.767858060076918,21.786068710331573,100558400
2016-07-08,22.00916862487793,22.056974843812966,21.86574996807282,21.965914634819505,115648400
2016-07-11,22.077463150024414,22.229987994048525,22.020550739254617,22.025102967911465,95179600
2016-07-12,22.177627563476562,22.241369184931997,22.109333713415275,22.120715153344364,96670000
2016-07-13,22.052425384521484,22.234544088551846,22.045594435105123,22.175356421577334,103568800
2016-07-14,22.489503860473633,22.535033085070175,22.15485867552043,22.170794077812076,155676000
2016-07-15,22.48723030090332,22.605609081798118,22.423488682034822,22.51910111033757,120548000
2016-07-18,22.726261138916016,22.79455498028692,22.446251352492066,22.469015966282367,145975600
2016-07-19,22.73537254333496,22.76496637436316,22.614716762614393,22.664799966530648,95119600
2016-07-20,22.755855560302734,22.869680369069854,22.705772366552605,22.764961753423556,105104000
2016-07-21,22.635204315185547,22.99261418904708,22.56690872682313,22.726264520725785,130808000
2016-07-22,22.45991325378418,22.605608877546853,22.38023449408964,22.596502683958082,113254800
2016-07-25,22.1594181060791,22.500892612033855,22.06380566125077,22.366580140036312,161531600
2016-07-26,22.00689125061035,22.30283649036816,21.94997883810531,22.041039045479174,224959200
2016-07-27,23.43653106689453,23.755240928260108,23.391001831054744,23.737028539192586,369379200
2016-07-28,23.752965927124023,23.77800752997383,23.40693919011725,23.40921617314791,159479200
2016-07-29,23.723371505737305,23.80077329539467,23.60271746054674,23.718819276618223,110934800
2016-08-01,24.142242431640625,24.165007045837264,23.768897200963814,23.768897200963814,152671600
2016-08-02,23.78483772277832,24.146799855832086,23.675565119560158,24.14224762674467,135266400
2016-08-03,24.083045959472656,24.094427394807926,23.85084244723193,23.85994863759708,120810400
2016-08-04,24.231826782226562,24.261580922637133,24.096784999236316,24.16545054939915,109634800
2016-08-05,24.600332260131836,24.639241929922044,24.302783823087015,24.323382443715563,162213600
2016-08-08,24.804035186767578,24.804035186767578,24.5270871466591,24.60948336646476,112148800
2016-08-09,24.904743194580078,24.93449908368157,24.7216379561109,24.771992464217153,105260800
2016-08-10,24.7193546295166,24.92534960067685,24.66442321928655,24.881861288365783,96034000
2016-08-11,24.70332908630371,24.932211964247323,24.685018036971154,24.83836914609631,109938000
2016-08-12,24.760547637939453,24.82005766994111,24.668994145530196,24.668994145530196,74641600
2016-08-15,25.058094024658203,25.07182643622555,24.73765770026603,24.751390111833377,103472800
2016-08-16,25.035205841064453,25.22975766317112,24.996296175138156,25.092426554334043,135177600
2016-08-17,24.998586654663086,25.032919433468297,24.797168616999258,24.97112008237138,101424000
2016-08-18,24.9665470123291,25.085565351322884,24.952812850963635,25.000879796385863,87938800
2016-08-19,25.030624389648438,25.106156136493034,24.801741578291914,24.89558262290471,101472400
2016-08-22,24.836082458496094,24.971122523094618,24.685018915482996,24.91619111937978,103280800
2016-08-23,24.91390037536621,25.021475605068048,24.840657925859944,24.854390339443075,85030800
2016-08-24,24.726213455200195,24.89100938292654,24.646104808732535,24.849810400994954,94700400
2016-08-25,24.62093162536621,24.691884760216265,24.417225999435953,24.579732636625383,100344800
2016-08-26,24.476736068725586,24.707906523282393,24.332538734832134,24.58431130314203,111065200
2016-08-29,24.44927215576172,24.59118018732707,24.327964493954276,24.40349627266993,99881200
2016-08-30,24.261581420898438,24.37602284269513,24.147139999101746,24.215805550674766,99455600
2016-08-31,24.28447723388672,24.392052484670987,24.179191301227544,24.183769937477727,118649600
2016-09-01,24.428665161132812,24.444686889348482,24.174605080686185,24.29362338368296,106806000
2016-09-02,24.657556533813477,24.719354150845867,24.449272248607475,24.650688579709424,107210000
2016-09-06,24.65069007873535,24.788021229359444,24.607203510859968,24.696467711022756,107521600
2016-09-07,24.80174446105957,24.89329794549112,24.506485390542494,24.680436836338693,169457200
2016-09-08,24.151721954345703,24.552267014663258,24.087635024092958,24.547690125175723,212008000
2016-09-09,23.604686737060547,24.19749420262541,23.604686737060547,23.950300315527222,186228000
2016-09-12,24.133413314819336,24.19750024683711,23.467363243696187,23.49482982009149,181171200
2016-09-13,24.707904815673828,24.900167332164877,24.54539818951082,24.60719754154775,248704800
2016-09-14,25.582229614257812,25.87062242924948,24.85667156227261,24.886427443662722,443554800
2016-09-15,26.451993942260742,26.488616040660265,25.97591714049353,26.0606044333641,359934400
2016-09-16,26.30321502685547,26.58016304815976,26.101798760335285,26.348992641681043,319547600
2016-09-19,25.99651527404785,26.5916103520135,25.920983512266076,26.365016812905786,188092000
2016-09-20,25.994220733642578,26.12010697798516,25.751605513168432,25.87520244045826,138057200
2016-09-21,25.98965072631836,26.090358002216576,25.735590599557394,26.058314539943815,144012800
2016-09-22,26.234556198120117,26.307798649490568,26.092648184610844,26.172756842947617,124296000
2016-09-23,25.79738998413086,26.27346680818627,25.531886743255473,26.188779511350944,209924800
2016-09-26,25.83629608154297,25.95302682671023,25.53188321108831,25.552481829874388,119477600
2016-09-27,25.884361267089844,25.904961632109924,25.712699125618776,25.863762648307365,98429600
2016-09-28,26.08120346069336,26.239133206587653,25.962185131514705,26.021695169222927,118564400
2016-09-29,25.676082611083984,26.04687352067809,25.589107741729357,25.900388611113527,143548000
2016-09-30,25.875207901000977,25.9484503460104,25.58910432733329,25.74016610618626,145516400
2016-10-03,25.753908157348633,25.875217584823503,25.698976739592844,25.797396475617703,86807200
2016-10-04,25.863765716552734,26.163601733762686,25.779078421401593,25.877498130703476,118947200
2016-10-05,25.875207901000977,26.01482658464982,25.79280993208567,25.955316552380403,85812400
2016-10-06,26.067472457885742,26.170469060900054,25.893520970834256,26.0239841495634,115117200
2016-10-07,26.10637664794922,26.220818070037353,25.980492131394783,26.163597358993286,97433600
2016-10-10,26.561859130859375,26.72207644962108,26.257444478974328,26.326108295770283,144944000
2016-10-11,26.61907958984375,27.166109532262723,26.59618990489879,26.93951422421971,256164000
2016-10-12,26.857112884521484,27.003599515625737,26.722072840694022,26.85940220197684,150347200
2016-10-13,26.77471351623535,26.879999405712596,26.486320669087977,26.73122522088529,140769600
2016-10-14,26.923490524291992,27.047087479760652,26.809049092884454,26.98071123999576,142608800
2016-10-17,26.905179977416992,26.97155446787286,26.72893920331153,26.85482547052972,94499600
2016-10-18,26.886871337890625,27.056244174757325,26.88229270254308,27.049377967973744,98214000
2016-10-19,26.806760787963867,26.953245676457854,26.046869774062202,26.836514930670027,80138400
2016-10-20,26.793020248413086,26.86626267521751,26.62593678081418,26.74724438649927,96503200
2016-10-21,26.687742233276367,26.758697110259885,26.6144997848891,26.735807426320722,92770800
2016-10-24,26.928070068359375,26.94866868851393,26.779295853260383,26.80218379106691,94154800
2016-10-25,27.065397262573242,27.090574516004875,26.85024682278932,26.996731708443775,192516000
2016-10-26,26.456573486328125,26.481750744944865,25.93472075543196,26.16360365468382,264536800
2016-10-27,26.202512741088867,26.51837048528033,26.115536129527058,26.410795252814587,138248000
2016-10-28,26.028562545776367,26.369597563133876,25.966763187546174,26.06289532854449,151446800
2016-10-31,25.987361907958984,26.145291650936002,25.909540822203006,26.012539163976705,105677600
2016-11-01,25.518146514892578,26.03999909376666,25.29841920516862,25.96904597446424,175303200
2016-11-02,25.541040420532227,25.714991902906835,25.45864418807882,25.497553859616954,113326800
2016-11-03,25.267271041870117,25.642264957129893,25.20285508147735,25.531838097943226,107730400
2016-11-04,25.03951072692871,25.36389333452078,24.87156937755949,24.96819331187081,123348000
2016-11-07,25.400705337524414,25.423710787131366,25.182149178250135,25.32478577413851,130240000
2016-11-08,25.550247192382812,25.702086352165576,25.23736809513683,25.377703650013498,97016800
2016-11-09,25.508825302124023,25.610051363527035,24.857762626399186,25.278767348173833,236705600
2016-11-10,24.797950744628906,25.557141052136153,24.34703729863719,25.557141052136153,228538000
2016-11-11,24.945194244384766,25.04642034728978,24.51268574550595,24.643818762813076,136575600
2016-11-14,24.319429397583008,24.80255081531767,23.94443551369246,24.779545367845188,204702000
2016-11-15,24.64151382446289,24.772646821194414,24.422959414978134,24.517282287264077,129058000
2016-11-16,25.30408477783203,25.359299974341905,24.52418811796748,24.54719357224477,235362000
2016-11-17,25.294878005981445,25.38690156287228,25.037214152931146,25.262670024350157,110528000
2016-11-18,25.320180892944336,25.43060949640045,25.228159104467863,25.24196202169871,113715600
2016-11-21,25.70438003540039,25.764193849148143,25.308680011145785,25.333986530501825,117058400
2016-11-22,25.72048568725586,25.86312052717091,25.628462134121555,25.75499298387835,103862000
2016-11-23,25.589353561401367,25.653769524216692,25.382300998635436,25.61926047122181,109705600
2016-11-25,25.71818733215332,25.736592395764816,25.52493767463953,25.566348190163666,45903600
2016-11-28,25.66757583618164,25.874628426316654,25.62616531815464,25.635367850516595,108776000
2016-11-29,25.64226722717285,25.773400231067928,25.322486713197073,25.485827700139822,114115200
2016-11-30,25.42601203918457,25.812509589697417,25.368497533186847,25.674475126343566,144649200
2016-12-01,25.189044952392578,25.522630039614068,25.083218503923213,25.3914970757278,148347600
2016-12-02,25.283369064331055,25.327078881307436,25.041807514670698,25.115425988486724,106112000
2016-12-05,25.101633071899414,25.31328604902802,24.90378301560855,25.30638458860915,137298000
2016-12-06,25.294878005981445,25.389202634475474,25.12003517861256,25.19135260148136,104782000
2016-12-07,25.5433406829834,25.580150807244582,25.113133325701664,25.136138775763236,119994800
2016-12-08,25.794103622436523,25.86542104085599,25.44441447910836,25.504230050636142,108273200
2016-12-09,26.21510887145996,26.38765237457673,25.837813885060886,25.837813885060886,137610400
2016-12-12,26.06557273864746,26.45667064611745,25.87922456055831,26.063271667134355,105497600
2016-12-13,26.500381469726562,26.668322826103353,26.169097389460877,26.189801766875863,174935200
2016-12-14,26.500381469726562,26.732738784998737,26.452069500555023,26.46587241883168,136127200
2016-12-15,26.645313262939453,26.854666852226416,26.509579906968934,26.54408719733231,186098000
2016-12-16,26.67983055114746,26.80176102864263,26.606212050289802,26.794859568437772,177404400
2016-12-19,26.83396339416504,27.004205812649772,26.629211926678533,26.64071552808017,111117600
2016-12-20,26.90528106689453,27.031813662716168,26.84316618225683,26.856969099908948,85700000
2016-12-21,26.930587768554688,27.00880839792081,26.866171812137395,26.87077395485473,95132800
2016-12-22,26.753446578979492,26.804059622741242,26.60390851928433,26.767249498113298,104343600
2016-12-23,26.806358337402344,26.806358337402344,26.592404319614282,26.592404319614282,56998000
2016-12-27,26.976606369018555,27.100837921736478,26.799460694600874,26.80636215499572,73187600
2016-12-28,26.861570358276367,27.15144215064689,26.732736695353033,27.03641316012437,83623600
2016-12-29,26.85466957092285,26.942090974031995,26.778750014031598,26.790251860249484,60158000
2016-12-30,26.645313262939453,26.962792620703265,26.555590797588746,26.836261793897304,122345200
2017-01-03,26.721235275268555,26.76264578272473,26.401454816935974,26.640715331660193,115127600
2017-01-04,26.691329956054688,26.804059646424857,26.629215064694332,26.65222051500545,84472400
2017-01-05,26.827062606811523,26.88457710485285,26.643015510998012,26.66832203055245,88774400
2017-01-06,27.126136779785156,27.183651273757864,26.79485273283738,26.866170143698557,127007600
2017-01-09,27.37459945678711,27.475825533009875,27.133039622896174,27.135338939026216,134247600
2017-01-10,27.402212142944336,27.464327038866397,27.215865699974678,27.323991499898003,97848400
2017-01-11,27.549448013305664,27.59085852729163,27.284880938128854,27.317088920650892,110354400
2017-01-12,27.434415817260742,27.44591941905576,27.195155292590645,27.35389587030523,108344800
2017-01-13,27.386098861694336,27.519532895322232,27.33318476035814,27.402202848152676,104447600
2017-01-17,27.606964111328125,27.6621775480938,27.197461091175988,27.22506693195707,137759200
2017-01-18,27.604658126831055,27.72198819488039,27.540242169534384,27.606959198221134,94852000
2017-01-19,27.55634880065918,27.62766622376003,27.46202592706161,27.468927386690293,102389200
2017-01-20,27.606964111328125,27.710489524664204,27.544849214367183,27.710489524664204,130391600
2017-01-23,27.625362396240234,27.793303737125175,27.55404322958216,27.606957336766985,88200800
2017-01-24,27.60005760192871,27.629964509038164,27.491930064774497,27.503433666464463,92844000
2017-01-25,28.03946876525879,28.090081806735956,27.671376311611134,27.7035842916051,129510400
2017-01-26,28.053274154663086,28.168303159062784,27.97505351896557,27.991157509373394,105350400
2017-01-27,28.055570602416992,28.147594147568313,27.97505065861076,28.099282181284575,82251600
2017-01-30,27.981950759887695,27.981950759887695,27.758795999365482,27.82091088008753,121510000
2017-01-31,27.917543411254883,27.926745943679823,27.749602021309595,27.87153250433377,196804000
2017-02-01,29.619966506958008,30.020268677283774,29.21966609183543,29.224266479391765,447940000
2017-02-02,29.56935691833496,29.767206955205634,29.396813403985195,29.442826060933836,134841600
2017-02-03,29.69588851928711,29.721195040945894,29.48423557014394,29.518742867675616,98029200
2017-02-06,29.97425651550293,30.0225702420806,29.65447602268937,29.70739189237126,107383600
2017-02-07,30.259525299072266,30.388357203952918,30.011062263771247,30.031766639111467,152735200
2017-02-08,30.37685775756836,30.41827002431868,30.188212016880424,30.218120681177513,92016400
2017-02-09,30.59635353088379,30.603284910354823,30.295980826512785,30.41843989800148,113399600
2017-02-10,30.527055740356445,30.716522968778026,30.510883686453024,30.605617300663816,80262000
2017-02-13,30.79737663269043,30.919839253845378,30.672608252092974,30.748856966868217,92141600
2017-02-14,31.197099685668945,31.213271729612963,30.788130658971273,30.838963126724675,132904800
2017-02-15,31.310321807861328,31.485926200920584,31.10468260464162,31.312634618691856,142492400
2017-02-16,31.273347854614258,31.400425496207777,31.15550735154518,31.3472837446891,90338400
2017-02-17,31.358854293823242,31.384270541106034,31.215601004935127,31.215601004935127,88792800
2017-02-21,31.585281372070312,31.596834850449913,31.418921155158582,31.476685021429972,98028800
2017-02-22,31.680021286010742,31.68233057189723,31.44896577477899,31.52290170504695,83347600
2017-02-23,31.54599952697754,31.765501493928575,31.492857761966008,31.74239806487526,83152800
2017-02-24,31.57604217529297,31.57604217529297,31.25718449042464,31.40275056840831,87106400
2017-02-27,31.638427734375,31.756268295074936,31.48824307051981,31.68695094036211,81029600
2017-02-28,31.652292251586914,31.756266515014435,31.585284186390634,31.673086399147035,93931600
2017-03-01,32.29924011230469,32.38242021612314,31.793231633504373,31.86023616336788,145658400
2017-03-02,32.10747146606445,32.41246287027101,32.06125754896711,32.34776761708699,104844000
2017-03-03,32.296932220458984,32.308485698692934,32.021975656373144,32.06587675828622,84432400
2017-03-06,32.19526672363281,32.29462240405926,32.024287940837276,32.2021981053339,87000000
2017-03-07,32.236873626708984,32.34315721295201,32.06820052470411,32.13058651483781,69785200
2017-03-08,32.11669921875,32.301544235925455,32.07511094083889,32.105145744121764,74828800
2017-03-09,32.04277801513672,32.068194263515565,31.666159912685085,32.05664430794765,88623600
2017-03-10,32.1490592956543,32.19989178322456,32.03353155583584,32.17447553943943,78451200
2017-03-13,32.16292190551758,32.21606367840276,32.07512322110441,32.08205460341001,69686800
2017-03-14,32.114402770996094,32.266896709917894,32.07974233325674,32.18602940644647,61236400
2017-03-15,32.45405197143555,32.521056504609845,32.12364082513216,32.21144302950852,102767200
2017-03-16,32.5071907043457,32.58343942329321,32.40783503094396,32.51412208555673,76928000
2017-03-17,32.345436096191406,32.57880070435239,32.32232915352719,32.57880070435239,175540000
2017-03-20,32.68511199951172,32.6943526680713,32.40091120111869,32.440190212344305,86168000
2017-03-21,32.310794830322266,32.99472054637454,32.28537858857916,32.8352917141338,158119600
2017-03-22,32.67586135864258,32.71745317302266,32.292308464990825,32.31310613499406,103440800
2017-03-23,32.560333251953125,32.71283069351587,32.488706627299024,32.638891257984966,81385200
2017-03-24,32.49563217163086,32.74979452858138,32.42862765513974,32.69433996189426,89582400
2017-03-27,32.55109405517578,32.62965206475492,32.02890646363169,32.20682015348862,94300400
2017-03-28,33.22575759887695,33.28120862241116,32.49099980642747,32.55800782736408,133499200
2017-03-29,33.29971694946289,33.38520988039427,33.084837030521676,33.198051967140444,116760000
2017-03-30,33.25581359863281,33.38751691474966,33.15646143437077,33.3158902799325,84829200
2017-03-31,33.193416595458984,33.33436051768321,33.043228483724,33.207279354099846,78646800
2017-04-03,33.202674865722656,33.29971775329288,33.05249019997456,33.20498767713941,79942800
2017-04-04,33.44990158081055,33.47762710917722,33.080211416330286,33.09869627711697,79565600
2017-04-05,33.276611328125,33.60933178453863,33.22808812588683,33.32282171915426,110871600
2017-04-06,33.193416595458984,33.39212436243698,33.14489341459069,33.3389790868133,84596000
2017-04-07,33.11948776245117,33.31357349667773,33.10331571407883,33.209599248029676,66688800
2017-04-10,33.080204010009766,33.24425490924556,33.017818059525624,33.17955967379013,75733600
2017-04-11,32.72438430786133,33.121799961435954,32.36162556132028,33.02706638137571,121517600
2017-04-12,32.7636604309082,32.844527715419915,32.58112466824049,32.717450050383505,81400000
2017-04-13,32.59036636352539,32.89767048263503,32.59036636352539,32.789074157625386,71291600
2017-04-17,32.77059555053711,32.78214902839294,32.54878076283502,32.689724731172724,66328400
2017-04-18,32.625030517578125,32.81911625943817,32.60423637215595,32.673553715856414,58790000
2017-04-19,32.50487518310547,32.809870033463476,32.451733423043436,32.782144510931275,69313600
2017-04-20,32.91154098510742,33.02244662108617,32.6157902720797,32.629653035873716,93278400
2017-04-21,32.87224197387695,32.96697197736116,32.7751991607502,32.91152095593127,69283600
2017-04-24,33.188804626464844,33.260431251712454,33.08251756841505,33.156457004558625,68537200
2017-04-25,33.39443588256836,33.47992525032688,33.241938476059495,33.25118266618911,75486000
2017-04-26,33.19804382324219,33.41061792992952,33.12873001195959,33.38057959462292,80164800
2017-04-27,33.22346115112305,33.30895406388303,33.11255552381096,33.253499487413826,56985200
2017-04-28,33.19111633300781,33.3413045015207,33.10331765321541,33.29278130230845,83441600
2017-05-01,33.868106842041016,34.01136008674115,33.49379815717875,33.5261457777764,134411600
2017-05-02,34.08298873901367,34.217001325364414,33.928182007960174,34.08992012058126,181408800
2017-05-03,33.97901916503906,34.078374857222194,33.33437591117212,33.639367318988945,182788000
2017-05-04,33.85654830932617,33.99749224780387,33.690188135200835,33.854239024494824,93487600
2017-05-05,34.41801834106445,34.42263691120523,33.90969357549422,33.90969357549422,109310800
2017-05-08,35.353790283203125,35.51321909494186,34.43419065356473,34.43419065356473,195009600
2017-05-09,35.580223083496094,35.78586225291136,35.4554511904516,35.55249403747193,156521600
2017-05-10,35.41154479980469,35.56866428500854,35.145832534083304,35.49703768428148,103222800
2017-05-11,35.71781921386719,35.74566272798145,35.33732422931705,35.369805378967186,109020400
2017-05-12,36.216617584228516,36.29085864643558,35.88484277011094,35.89180275906231,130108000
2017-05-15,36.12382125854492,36.34422922660591,35.97301673833962,36.19574352326371,104038800
2017-05-16,36.070457458496094,36.20734198695468,35.89645062192659,36.17950202596057,80194000
2017-05-17,34.859371185302734,35.861652309017664,34.73408781492753,35.636603173558846,203070800
2017-05-18,35.39067840576172,35.57628645594224,35.063548155767805,35.09602929903596,134272800
2017-05-19,35.511322021484375,35.72477002721877,35.411559780401745,35.5855666531375,107843200
2017-05-22,35.72707748413086,35.8639619839506,35.476507267073444,35.72939630033584,91865600
2017-05-23,35.68301773071289,35.93822574135767,35.569331941676616,35.93822574135767,79675600
2017-05-24,35.57627868652344,35.768846686765585,35.420832996246155,35.69228325002992,76712000
2017-05-25,35.69925308227539,35.810620042871896,35.50436621150047,35.66677193714624,76942400
2017-05-26,35.63892364501953,35.78509053405886,35.569320195944684,35.72940706676329,87710400
2017-05-30,35.65284729003906,35.82917297765768,35.57396502506591,35.59484499988018,80507600
2017-05-31,35.441715240478516,35.768848980184664,35.353554173882166,35.7224478598426,97804800
2017-06-01,35.539154052734375,35.573957543617595,35.3164272878654,35.536835236080066,65616400
2017-06-02,36.06583023071289,36.06583023071289,35.471887231987566,35.631974149961714,111082800
2017-06-05,35.71318054199219,35.83382633779964,35.60413945637743,35.808305179843835,101326800
2017-06-06,35.83380889892578,36.149341452740536,35.6783632089096,35.706203171247324,106499600
2017-06-07,36.04725646972656,36.188782177000014,35.8407684909353,35.96605540041843,84278400
2017-06-08,35.95909881591797,36.08670101408541,35.822210729231124,36.01941991941855,85003200
2017-06-09,34.56471633911133,36.00549447499846,33.87797135357596,36.00549447499846,259530800
2017-06-12,33.73877716064453,33.8942228985397,33.063629544575214,33.81302180331773,289229200
2017-06-13,34.01022720336914,34.209755253603035,33.676133394588724,34.14247414441947,136661600
2017-06-14,33.6784553527832,34.221356015522005,33.372201518307364,34.221356015522005,126124800
2017-06-15,33.476600646972656,33.52068295447054,32.994024702203426,33.25155501532048,128661600
2017-06-16,33.007930755615234,33.52530998067635,32.99168842173737,33.3582631702228,201444400
2017-06-19,33.95220947265625,34.045015233013565,33.33042680906225,33.33042680906225,130165600
2017-06-20,33.64363098144531,34.07516795496738,33.62739218887826,34.07516795496738,99600400
2017-06-21,33.843177795410156,33.88958246333637,33.55084750444229,33.76197670689753,85063200
2017-06-22,33.787498474121094,34.03574645919202,33.669171525002966,33.819979618154086,76425200
2017-06-23,33.93830490112305,34.142474126421085,33.6668545666769,33.671495741846236,141757600
2017-06-26,33.83158493041992,34.40232560838147,33.72950031090039,34.14479524193161,102769600
2017-06-27,33.346675872802734,33.910459977521306,33.32115472336808,33.64364731703564,99047600
2017-06-28,33.833900451660156,33.898862741356155,33.21443634194379,33.523008988089416,88329600
2017-06-29,33.3350715637207,33.67148764914415,33.010260183521176,33.57404423508429,125997600
2017-06-30,33.41394805908203,33.632037156573915,33.35826460647424,33.51371026230457,92096400
2017-07-03,33.29331588745117,33.71093310139228,33.20051363554381,33.613489674835854,57111200
2017-07-05,33.43019485473633,33.592600538490956,33.11234347794667,33.337392618356084,86278400
2017-07-06,33.11466979980469,33.29331786251225,33.040428701910386,33.18195444558119,96515200
2017-07-07,33.451072692871094,33.58331958846352,33.154101307185634,33.154101307185634,76806800
2017-07-10,33.655242919921875,33.86173089842264,33.263146934412056,33.43483496042663,84362400
2017-07-11,33.764286041259766,33.838530656946226,33.49747697651507,33.57867804222174,79127200
2017-07-12,33.813011169433594,33.91509221073657,33.59956319914471,33.843169948377934,99538000
2017-07-13,34.28399658203125,34.45104347027611,33.74341478259706,33.75733476658762,100797600
2017-07-14,34.57863998413086,34.645924615900284,34.18190634507622,34.33039205013278,80528400
2017-07-17,34.69929504394531,35.010186519241415,34.4696082039215,34.527610503350445,95174000
2017-07-18,34.81993865966797,34.83153982687053,34.492804861523275,34.61576944547624,71475200
2017-07-19,35.03801727294922,35.13081950217448,34.78976582249554,34.912730369299176,83692000
2017-07-20,34.8802490234375,35.205063904111555,34.84544907273368,35.14938044280735,68974800
2017-07-21,34.864017486572266,34.90345861897583,34.54152489557479,34.799055204945354,105010400
2017-07-24,35.28628921508789,35.36749387609834,34.778188344616915,34.935956489962216,85972800
2017-07-25,35.437076568603516,35.692284493098995,35.218987415187335,35.218987415187335,75415600
2017-07-26,35.604122161865234,35.71316319451389,35.51131638702401,35.57860101630619,63124000
2017-07-27,34.931297302246094,35.72709053321311,34.17494874241261,35.671407062358746,129905200
2017-07-28,34.68537139892578,34.854737104138636,34.613449121650966,34.77585483488103,68854800
2017-07-31,34.50672149658203,34.877937569955606,34.36751812420108,34.77817178991268,79383600
2017-08-01,34.81297302246094,34.85241415241093,34.43247816509669,34.59256504206811,141474400
2017-08-02,36.45792007446289,37.06346413718461,36.23055208383855,36.954419546336645,279747200
2017-08-03,36.09366226196289,36.47415709575455,35.96605653168981,36.43703478509722,108389200
2017-08-04,36.28392028808594,36.51824831622368,36.12151454877366,36.20967918162015,82239600
2017-08-07,36.845367431640625,36.87088857620592,36.348868061152366,36.439351475487854,87481200
2017-08-08,37.14002990722656,37.54604597165815,36.72009385844312,36.796657312557436,144823600
2017-08-09,37.36740493774414,37.41612843231557,36.91498766035146,36.94978762777405,104526000
2017-08-10,36.17716979980469,37.26723470908686,36.016454281468874,37.24394126576149,163217200
2017-08-11,36.68027114868164,36.93415686119202,36.35185637630784,36.475303794776885,105028400
2017-08-14,37.232295989990234,37.31614740550101,36.97608234424056,37.10884856633273,88490800
2017-08-15,37.6399040222168,37.779654003384806,37.2998389819559,37.42095847556554,117862000
2017-08-16,37.48851013183594,37.85186512027864,37.30217323789386,37.71910243792333,110686400
2017-08-17,36.768802642822266,37.43262699063576,36.76414324117976,37.388371560237246,111762400
2017-08-18,36.684932708740234,37.15077312408931,36.503255231080516,36.76878412566628,109712400
2017-08-21,36.617401123046875,36.77578521761113,36.128267082150636,36.6849464447683,105474000
2017-08-22,37.21599578857422,37.26723852587376,36.806057444258705,36.85496870453865,86418400
2017-08-23,37.26258087158203,37.376713074383446,37.006370727162285,37.050626143637956,77596400
2017-08-24,37.097206115722656,37.43959913896575,36.92950326539622,37.36739088206577,79275600
2017-08-25,37.23462677001953,37.39767021433604,37.097204692244226,37.18571195968431,101920400
2017-08-28,37.609619140625,37.73306654313729,37.25092009801675,37.299834896219565,103864000
2017-08-29,37.945030212402344,37.993941463572725,37.267231584971434,37.290525026344106,118067600
2017-08-30,38.04752731323242,38.17330269453287,37.87516503492764,38.15234072332967,109078400
2017-08-31,38.198917388916016,38.32003690260881,38.07779787522322,38.11506596467956,107140400
2017-09-01,38.210575103759766,38.4178740241367,38.11274900635419,38.385265325001505,66364400
2017-09-05,37.7517204284668,38.25715702322757,37.39768059816229,38.14069688008228,117874000
2017-09-06,37.71211242675781,37.963666682533365,37.388353473821574,37.8984493074153,86606800
2017-09-07,37.56071090698242,37.78897526638358,37.35108414451552,37.75403510325225,87714000
2017-09-08,36.94813537597656,37.535091767309375,36.92484193250823,37.467546467779975,114446000
2017-09-11,37.61662673950195,37.74473360949304,37.24162493139071,37.38370645009327,126323200
2017-09-12,37.467552185058594,38.189606393791436,36.980749707380006,37.875162629389486,286856000
2017-09-13,37.185707092285156,37.25791533696274,36.78042823433006,37.23694981866018,179629600
2017-09-14,36.86662292480469,37.127492510231896,36.82236750140224,37.03199789319043,95042800
2017-09-15,37.23929977416992,37.493182055504654,36.801408460248126,36.910881288728575,196458400
2017-09-18,36.95745086669922,37.383695295624975,36.80139474584889,37.292856552023125,113077600
2017-09-19,36.9714241027832,37.21366311254684,36.90387880537779,37.15310158306575,83242400
2017-09-20,36.351863861083984,36.861956205442226,35.83012123973316,36.77810477619086,211805600
2017-09-21,35.72763442993164,36.28897304494731,35.578565622840415,36.28897304494731,150046800
2017-09-22,35.37826156616211,35.46677241081668,35.068477163952586,35.29673804565591,186581600
2017-09-25,35.066139221191406,35.36427681327334,34.74238026319241,34.93570446891562,177549200
2017-09-26,35.66940689086914,35.85108440127797,35.331673239677386,35.35263520916742,146640000
2017-09-27,35.92327880859375,36.03741097766786,35.762563313762016,35.82312483591887,102016800
2017-09-28,35.702022552490234,35.93494284761561,35.56692835482772,35.844104074679976,88022000
2017-09-29,35.897666931152344,35.899998408208205,35.40387715030918,35.68571220984077,105199200
2017-10-02,35.825462341308594,35.97453115605567,35.571580127050126,35.93027574081998,74795200
2017-10-03,35.981502532958984,36.12358396171033,35.84873990016996,35.872029781917156,64921200
2017-10-04,35.748592376708984,35.83710319267838,35.51101632449689,35.783532540208626,80655200
2017-10-05,36.19347381591797,36.20512053804694,35.88136156571288,35.91163877835149,85135200
2017-10-06,36.172523498535156,36.21677892443013,36.00016119612361,36.09565937262521,69630400
2017-10-09,36.29829025268555,36.50558912928541,36.21677029910365,36.29130292963798,65051600
2017-10-10,36.31227493286133,36.80140900583749,36.12594152799601,36.34954303546714,62468000
2017-10-11,36.46367263793945,36.56382665812951,36.277335692426874,36.32857844129487,67622400
2017-10-12,36.33555603027344,36.65465560938733,36.27266657277076,36.41707953274286,64500400
2017-10-13,36.56613540649414,36.63368068579008,36.43104129382285,36.50557389325011,65576800
2017-10-16,37.23929977416992,37.26724907366899,36.71988493126674,36.77811500794435,96486000
2017-10-17,37.376705169677734,37.46987182902115,37.08788283918476,37.215989661342135,75989200
2017-10-18,37.211334228515625,37.43261128768263,37.17406969325437,37.3650624314904,65496800
2017-10-19,36.33089065551758,36.587104289072464,36.10728926085157,36.510240199006,170336800
2017-10-20,36.39379119873047,36.74317159423828,36.326245886061336,36.47764263581559,95896400
2017-10-23,36.375152587890625,36.72919233940038,36.219096457297425,36.542855441022574,87937200
2017-10-24,36.59177017211914,36.666302798854936,36.38213982913323,36.403101797207604,71028800
2017-10-25,36.43105697631836,36.696585917849305,36.16552803478742,36.54751710074563,84828400
2017-10-26,36.66397476196289,36.7618008334198,36.517233877737176,36.62204727186381,68002000
2017-10-27,37.97764587402344,38.10575271694487,36.96444140755853,37.10186349629206,177816800
2017-10-30,38.83245849609375,39.14690220770844,38.13369785168815,38.17329386171482,178803200
2017-10-31,39.37283706665039,39.51491855976353,38.883706679435335,39.10730812671052,144187200
2017-11-01,38.872066497802734,39.58247408291886,38.57392881520999,39.56616795689383,134551200
2017-11-02,39.156227111816406,39.24706587583461,38.49706231483044,38.804518780172856,165573600
2017-11-03,40.178741455078125,40.588679798570986,39.85731038613164,40.528121815557064,237594400
2017-11-06,40.58635711669922,40.75871939626235,39.99706911692099,40.14846587104661,140105200
2017-11-07,40.716793060302734,40.81927855085233,40.43496151537272,40.50716623260138,97446000
2017-11-08,41.04985427856445,41.04985427856445,40.60497587662775,40.681839963408436,97638000
2017-11-09,40.96601486206055,41.0172576015806,40.327812095180505,40.78666527374036,117930400
2017-11-10,40.83042907714844,40.99639849993857,40.736927487906414,40.93328296542886,100582000
2017-11-13,40.66680145263672,40.79069266937852,40.53355793641035,40.556935118264605,67928400
2017-11-14,40.05201721191406,40.55225821938238,40.01461514838106,40.44940432809518,99130000
2017-11-15,39.523719787597656,39.813580380903474,39.36009024575425,39.731763826553525,116632400
2017-11-16,39.995906829833984,40.17589752388565,39.808900129773846,40.014604289669485,94550000
2017-11-17,39.77384567260742,40.063706318434406,39.654630606275354,39.98188974925974,87598000
2017-11-20,39.73411178588867,39.869691608046615,39.63593403195173,39.80657606378088,65049600
2017-11-21,40.4727897644043,40.603693446612,39.92112169877338,39.92112169877338,100525200
2017-11-22,40.898223876953125,40.907572609846746,40.451746085565624,40.524210357777335,102355600
2017-11-24,40.90056228637695,41.024453513062106,40.82575815192538,40.93095191185509,56106800
2017-11-27,40.69485092163086,40.92627217962039,40.51953275956953,40.91925973848651,82867200
2017-11-28,40.45641326904297,40.87717392629052,40.17356511741134,40.74393400265719,105715200
2017-11-29,39.61724090576172,40.42136769873552,39.0749250757369,40.35357955755427,166665600
2017-11-30,40.17123794555664,40.2390260682573,39.37412381322835,39.83929907290369,166108800
2017-12-01,39.98423385620117,40.12916241108595,39.38815132748786,39.727099097349935,159037200
2017-12-04,39.6920280456543,40.35122240453448,39.652289694840306,40.31849649404904,130169600
2017-12-05,39.654624938964844,40.09409021118591,39.364764334563795,39.51904515143161,109400800
2017-12-06,39.50735855102539,39.785530580238316,38.911279707691186,39.15438596756534,114240000
2017-12-07,39.579837799072266,39.84164516474968,39.483996328830415,39.512046098907895,102693200
2017-12-08,39.591514587402344,39.97254053034316,39.46295079005944,39.85332546546157,93420800
2017-12-11,40.3629150390625,40.41434198453013,39.45593461920474,39.5517760691087,141095200
2017-12-12,40.13616943359375,40.29746270901659,40.08006990604287,40.241359614608676,77636800
2017-12-13,40.2694206237793,40.56629019196161,40.2063050763927,40.323183870219424,95273600
2017-12-14,40.25774002075195,40.47046032377984,40.124496457253684,40.29981468278819,81906000
2017-12-15,40.66680145263672,40.71355224948807,40.313828834523285,40.5873247413037,160677200
2017-12-18,41.239501953125,41.42183253648349,40.87484078640801,40.87951693560756,117684400
2017-12-19,40.80003356933594,40.998728876380696,40.694843404900205,40.91457603146081,109745600
2017-12-20,40.755638122558594,41.00575689448895,40.49850334126773,40.87718950384352,93902400
2017-12-21,40.909912109375,41.14600954402588,40.69719542593479,40.71355660149593,83799600
2017-12-22,40.909912109375,41.005753571622236,40.790697029632184,40.83277168123875,65397600
2017-12-26,39.872032165527344,40.08241256095756,39.66398449497271,39.92579541025149,132742000
2017-12-27,39.8790397644043,39.92111441163747,39.67099568597355,39.76216098850259,85992800
2017-12-28,39.99125289916992,40.17124726007621,39.85099690448952,39.97255186208866,65920800
2017-12-29,39.55878448486328,39.876694857743026,39.5564481937096,39.86033368595383,103999600
2018-01-02,40.26707077026367,40.27642306888876,39.565798181369,39.7761820981515,102223600
2018-01-03,40.26006317138672,40.80238241744237,40.19695119893329,40.33019115208112,118071600
2018-01-04,40.44706726074219,40.5499211500562,40.224998308918046,40.33252478094121,89738400
2018-01-05,40.907562255859375,40.99405138894915,40.451735846951074,40.54290112873273,94640000
2018-01-08,40.755638122558594,41.050171408244445,40.65745679380547,40.755638122558594,82271200
2018-01-09,40.750946044921875,40.92158802389,40.53588956955712,40.80237298108045,86336000
2018-01-10,40.74160385131836,40.74394370972359,40.44005816620148,40.47746023211193,95839600
2018-01-11,40.973026275634766,41.02211693438228,40.78835936614299,40.81173298285246,74670800
2018-01-12,41.3961181640625,41.459233692882485,41.05950676616482,41.18339796582762,101672400
2018-01-16,41.18574523925781,41.933768721013166,41.17405664783749,41.585468671088606,118263600
2018-01-17,41.86598587036133,41.901048082180715,40.923943066330935,41.176398125146065,137547200
2018-01-18,41.90338134765625,42.09974042023661,41.6672874824555,41.929094823419305,124773600
2018-01-19,41.71638107299805,41.97818843235449,41.4709348901725,41.75144328474837,129700400
2018-01-22,41.375083923339844,41.557414516297534,41.2815823355666,41.44521189759825,108434400
2018-01-23,41.38444900512695,41.94546945397958,41.33302560833569,41.44522827136287,130756400
2018-01-24,40.725242614746094,41.44521633156787,40.48680890350173,41.433527740131495,204420400
2018-01-25,39.99824905395508,40.89587706717088,39.86266926547092,40.79302318853761,166116000
2018-01-26,40.09175491333008,40.206297393461384,39.75280718937289,40.206297393461384,156572000
2018-01-29,39.26191711425781,39.77618297744424,39.05387305096097,39.77618297744424,202561600
2018-01-30,39.03049850463867,39.124000098125286,38.499867866116375,38.693887061115404,184192800
2018-01-31,39.13802719116211,39.374124613366014,38.92063436894064,39.007123526143936,129915600
2018-02-01,39.21984100341797,39.41619648711814,38.98140730643512,39.07724875688061,188923200
2018-02-02,37.518089294433594,38.990762671698725,37.42458769489759,38.80375590576933,346375200
2018-02-05,36.58071517944336,38.30818309023463,36.466172711856956,37.19082244248908,290954000
2018-02-06,38.10948944091797,38.270782705665994,35.99865925194776,36.19267842788692,272975200
2018-02-07,37.29368209838867,38.195986484247946,37.18381931919892,38.12352220639921,206434400
2018-02-08,36.267494201660156,37.63497773878801,36.23944442797,37.46900825511856,217562000
2018-02-09,36.71108627319336,37.0584569628266,35.262922282513344,36.86599613070262,282690400
2018-02-12,38.18976593017578,38.46672273816519,36.96926786105699,37.20163266035302,243278000
2018-02-13,38.57233810424805,38.66857030718875,37.94096603425092,38.01137992863191,130196800
2018-02-14,39.28352355957031,39.32342394356788,38.22967494691538,38.267225932124475,162579600
2018-02-15,40.60258865356445,40.626057565112156,39.6660920548011,39.85151185604618,204588800
2018-02-16,40.47114944458008,41.03211125006785,40.31624316123592,40.454721563931344,160704400
2018-02-20,40.33501434326172,40.90066411551989,40.23408693219044,40.38195574267661,135722000
2018-02-21,40.15193557739258,40.86779989101839,40.13784993599311,40.56502485680735,149886400
2018-02-22,40.48759078979492,40.82792054682032,40.3021709353275,40.323294036203414,123967600
2018-02-23,41.19171905517578,41.22692422009872,40.73168460558105,40.762198136114456,135249600
2018-02-26,42.006160736083984,42.10473876856565,41.358360702033096,41.39122004619365,152648800
2018-02-27,41.870018005371094,42.360562232054455,41.81603557762197,42.036664084160634,155712400
2018-02-28,41.8066520690918,42.39342858513631,41.790224188970356,42.07422201715211,151128400
2018-03-01,41.074363708496094,42.19628032785042,40.525141647587134,41.9052378328404,195208000
2018-03-02,41.35834503173828,41.379468120395316,40.47583112625991,40.557981246235336,153816000
2018-03-05,41.50153732299805,41.71747068327421,40.96170213160757,41.12365304716473,113605600
2018-03-06,41.46632766723633,41.83717090219632,41.339585499505745,41.757370145425206,95154000
2018-03-07,41.08141326904297,41.27387776087188,40.90303442749993,41.060290165715706,126814000
2018-03-08,41.52968978881836,41.571935973323356,41.09078215882034,41.18701077288144,95096400
2018-03-09,42.24321365356445,42.24790886845284,41.635314046604286,41.7691008104262,128740800
2018-03-12,42.651615142822266,42.80887083210406,42.29720338770059,42.31597708610445,128828400
2018-03-13,42.24087142944336,43.069399648429766,42.069533676140765,42.855812120337546,126774000
2018-03-14,41.88176727294922,42.369965835063375,41.73389842335402,42.3230244232332,117473600
2018-03-15,41.93105697631836,42.30424963868147,41.79492794839765,41.89585181071824,90975200
2018-03-16,41.783180236816406,42.04135973699052,41.689293851971776,41.931045473172695,157618800
2018-03-19,41.144775390625,41.65409704324905,40.75985008912387,41.618891880252036,133787200
2018-03-20,41.130680084228516,41.4968279871239,41.06026619950273,41.130680084228516,78597600
2018-03-21,40.19888687133789,41.09547953238162,40.196537473159985,41.083743285691064,148219600
2018-03-22,39.63088607788086,40.52982452051389,39.57220842812468,39.90080183419946,165963200
2018-03-23,38.71318435668945,39.88204266784555,38.71318435668945,39.52293557477108,164115200
2018-03-26,40.55094528198242,40.62840019813181,39.06522697707837,39.44780634373773,150164800
2018-03-27,39.51118469238281,41.10956343270425,39.17789604359712,40.76453853670361,163690400
2018-03-28,39.074607849121094,39.90548512702385,38.77183284265045,39.255335959168626,166674000
2018-03-29,39.37975311279297,40.31155469263699,39.17320659190049,39.38679414587791,153594000
2018-04-02,39.12155532836914,39.652003498357566,38.60284698433149,39.112168481567124,150347200
2018-04-03,39.522918701171875,39.60741466237426,38.69908576549835,39.34688574711688,121112000
2018-04-04,40.2786865234375,40.37256933160999,38.6732668664508,38.69908517590817,138422000
2018-04-05,40.55799102783203,40.893625455435775,40.388999115021946,40.50635441106232,107732800
2018-04-06,39.520565032958984,40.48287617510632,39.47831527005165,40.128464520656294,140021200
2018-04-09,39.91254806518555,40.62606688890287,39.865606649917375,39.87264768313758,116070800
2018-04-10,40.66361999511719,40.83965298210904,40.25991739177053,40.60494233278657,113634400
2018-04-11,40.47349548339844,40.820866160421915,40.29980835418697,40.42420468274402,89726400
2018-04-12,40.872493743896484,41.07434495378245,40.614310714484674,40.70115605059519,91557200
2018-04-13,41.010990142822266,41.27151910294791,40.80444720984534,41.02272639139374,100497200
2018-04-16,41.26682662963867,41.35366842078155,41.03446180568861,41.081403217619894,86313600
2018-04-17,41.834815979003906,41.99911267229984,41.40529517848783,41.42407245506441,106421600
2018-04-18,41.74093246459961,41.970951432420364,41.515612292995044,41.73389143307444,83018000
2018-04-19,40.55799102783203,41.16589060178529,40.5251316881967,40.78331119064587,139235200
2018-04-20,38.896244049072266,40.1871524529709,38.82817596401007,40.04163301530664,261964400
2018-04-23,38.78358840942383,39.177900575378345,38.51366901785712,39.15677747678798,146062000
2018-04-24,38.24374008178711,39.039408754872795,37.840037622972055,38.88449892224397,134768000
2018-04-25,38.41038513183594,38.82582386282192,38.11934630361461,38.16863352002018,113528400
2018-04-26,38.54417037963867,38.898582053680634,38.34466496108976,38.52069788990382,111852000
2018-04-27,38.09822463989258,38.56999163589468,37.701563170268216,38.492536711524295,142623200
2018-04-30,38.78828430175781,39.25770564498742,37.98557423460327,38.05364233495592,169709600
2018-05-01,39.6895751953125,39.71304411315623,38.79063291154478,39.05820292848709,214277600
2018-05-02,41.442848205566406,41.71980496672397,40.792698905965494,41.1283333112394,266157600
2018-05-03,41.51795959472656,41.66113320985868,40.94291931740563,41.28090316830111,136272800
2018-05-04,43.146854400634766,43.24543243285755,41.81839141046121,41.8371686901322,224805200
2018-05-07,43.45901870727539,44.04814106669595,43.36278649476054,43.463710341007975,169805600
2018-05-08,43.66790008544922,43.70780045059003,43.10928781068014,43.419107466689546,113611200
2018-05-09,43.975379943847656,43.98476679241279,43.473099382720285,43.78526492315641,92844800
2018-05-10,44.604393005371094,44.6818479195201,44.043434913260626,44.06456158540956,111957200
2018-05-11,44.43476104736328,44.78111639096404,44.16615931102086,44.646817320397844,104848800
2018-05-14,44.33108901977539,44.65623981059255,44.26276205405801,44.53371864959899,83115200
2018-05-15,43.928192138671875,44.076631181678145,43.61246796024898,44.00830061465196,94780800
2018-05-16,44.338157653808594,44.404133352868826,43.82451718880194,43.841012012369504,76732400
2018-05-17,44.05777359008789,44.510155226195536,43.9093345737116,44.295744112587485,69176000
2018-05-18,43.897552490234375,44.25097597581326,43.85514339766552,44.10489541890773,73190800
2018-05-21,44.20857238769531,44.594981969565396,44.0389288058782,44.29574904119214,73603200
2018-05-22,44.097835540771484,44.50309483483212,44.008300423764275,44.385286984121706,60962800
2018-05-23,44.380577087402344,44.41356314433773,43.76797477836174,43.90699078528495,80233600
2018-05-24,44.33108901977539,44.49366441518397,43.873997617810524,44.47717318699425,92936000
2018-05-25,44.43240737915039,44.6845142986647,44.21328291731223,44.34994044932966,69844000
2018-05-29,44.272186279296875,44.472461051919346,44.02950240859062,44.20150444915725,90056400
2018-05-30,44.177940368652344,44.29574820963541,44.00829679001992,44.22977610630169,74762000
2018-05-31,44.029510498046875,44.34994803599016,43.857512021089384,44.1119774419747,109931200
2018-06-01,44.823543548583984,44.82825327523949,44.236859010966775,44.29340808773352,93770000
2018-06-04,45.19815444946289,45.57278250226014,45.0850599344167,45.15338689688778,105064800
2018-06-05,45.546871185302734,45.69531022935619,45.32303698544506,45.49032571725215,86264000
2018-06-06,45.70473098754883,45.72829399486384,45.219363236624766,45.622267652366574,83734400
2018-06-07,45.58221435546875,45.756567670436446,45.318322329900795,45.74243130384017,85388800
2018-06-08,45.16753387451172,45.238219311227645,44.71279724984477,45.04265782757154,106627200
2018-06-11,45.056785583496094,45.231142481373176,44.81646017789385,45.08506190990398,73234000
2018-06-12,45.304168701171875,45.381922283035365,45.03792191435529,45.094470954403874,67644400
2018-06-13,44.93191146850586,45.44555554341027,44.870652683238966,45.33717074386563,86553600
2018-06-14,44.955474853515625,45.13689994342156,44.81881732042377,45.132186622912144,86440400
2018-06-15,44.49367141723633,44.80468589134723,44.35701386908553,44.77405469747586,246876800
2018-06-18,44.47011184692383,44.583206384745495,44.10726162839729,44.267482185920976,73939600
2018-06-19,43.7514762878418,43.90227017955534,43.223695869239414,43.62188694452313,134314000
2018-06-20,43.94232177734375,44.10725202475832,43.76089670758285,43.90698086547268,82514800
2018-06-21,43.69728469848633,44.37821385591246,43.57476354074038,44.119035175144084,102847600
2018-06-22,43.57006072998047,43.85986707368123,43.51822498132365,43.852798889338096,108801600
2018-06-25,42.92210006713867,43.5700430674738,42.58281297536606,43.21190629335723,126652400
2018-06-26,43.45460510253906,43.94939954793936,43.00929153976301,43.11532148892775,98276800
2018-06-27,43.390968322753906,44.12608781995711,43.3603371453009,43.643075136901466,101141200
2018-06-28,43.706703186035156,43.873991879852326,43.306157299059485,43.37684271328096,69460800
2018-06-29,43.614810943603516,44.104891902626136,43.096457258455715,43.892835671059316,90950800
2018-07-02,44.102542877197266,44.13081920457902,43.216629182120954,43.31087761470998,70925200
2018-07-03,43.334434509277344,44.283965391794474,43.244899402321124,44.24626602094871,55819200
2018-07-05,43.68313980102539,43.92111390698373,43.41925142512887,43.65015375403833,66416800
2018-07-06,44.28867721557617,44.39705840908352,43.636020811298415,43.6878565456575,69940800
2018-07-09,44.90364074707031,44.92720016005415,44.60205293727909,44.64917535845704,79026400
2018-07-10,44.84945297241211,45.06857386256042,44.809395136912464,44.93427477396867,63756400
2018-07-11,44.26747131347656,44.71513962901053,44.20385407867217,44.41355187208477,75326000
2018-07-12,45.00965881347656,45.09919391389085,44.60439959451979,44.65623532684284,72164400
2018-07-13,45.080352783203125,45.200515497182295,44.979036161635726,45.021448857587984,50055600
2018-07-16,44.98139572143555,45.3913647528247,44.865942730126086,45.12512144726553,60172400
2018-07-17,45.10860824584961,45.207566371568724,44.57847311829147,44.70806242406969,62138000
2018-07-18,44.861228942871094,45.191093088092565,44.750489273536566,45.186379767318016,65573600
2018-07-19,45.20993423461914,45.36779629624371,44.693935361208126,44.693935361208126,81147200
2018-07-20,45.106258392333984,45.33951557342535,44.8070255248954,45.18636684654295,82704800
2018-07-23,45.14632034301758,45.22878726865295,44.66330748260312,44.92719589230041,63957600
2018-07-24,45.47383499145508,45.629342233032894,45.2500007714201,45.34424562347357,74791600
2018-07-25,45.902652740478516,45.909720923914165,45.339527761896065,45.48796680446535,66839600
2018-07-26,45.7589225769043,46.17125001494184,45.617551731493165,45.85316741037176,76304000
2018-07-27,44.99789047241211,45.98983426357745,44.79055107768745,45.94271183728596,96096000
2018-07-30,44.74577713012695,45.2853354853208,44.547860810814726,45.21465005836353,84118000
2018-07-31,44.835304260253906,45.271194687816894,44.61147009280662,44.83766271788807,157492000
2018-08-01,47.4765625,47.5378212863695,46.48933216360012,46.91815445381714,271742800
2018-08-02,48.864341735839844,49.097602581978514,47.20560872670718,47.25979933310733,249616000
2018-08-03,49.005699157714844,49.182410890959616,48.414301589521656,48.7795065572694,133789600
2018-08-06,49.260169982910156,49.302579077921635,48.78893864166359,49.008059489642534,101701600
2018-08-07,48.798362731933594,49.36148405297779,48.715895807364944,49.319074957057836,102349600
2018-08-08,48.83135223388672,48.96329644635382,48.1881224005045,48.548614122141466,90102000
2018-08-09,49.21540832519531,49.427461016071646,48.81957208162651,49.368557091360415,93970400
2018-08-10,49.068817138671875,49.4400328797773,48.865476836370014,49.02862242410072,98444800
2018-08-13,49.38564682006836,49.87744668704269,49.10901007136139,49.4896818929809,103563600
2018-08-14,49.59371566772461,49.785233134291715,49.24141574509612,49.690657765657285,82992000
2018-08-15,49.70956802368164,49.82778902521528,49.25796293194664,49.46839617036378,115230400
2018-08-16,50.437808990478516,50.553663261058226,50.00038984892316,50.06659332005974,114001600
2018-08-17,51.445068359375,51.5325507747448,50.399994795462334,50.466198289442694,141708000
2018-08-20,50.94380569458008,51.823366801630385,50.86104953392936,51.56801256244055,121150800
2018-08-21,50.84449005126953,51.3528425555406,50.60568491149106,51.26063031267377,104639200
2018-08-22,50.846858978271484,51.15659745852468,50.560762536189785,50.622239772637556,76072400
2018-08-23,50.950889587402344,51.31973854252035,50.74045634465841,50.75227555879988,75532800
2018-08-24,51.109310150146484,51.284274943614335,50.861045296696645,51.2133452207593,73905600
2018-08-27,51.53017807006836,51.719332421045124,51.149506246562076,51.343386840644364,82100400
2018-08-28,51.94630813598633,52.14491855568263,51.761883659437096,51.783162574157686,91107200
2018-08-29,52.721839904785156,52.8424276423776,51.8777437807323,52.0527085641898,109019200
2018-08-30,53.206546783447266,53.970253487975114,52.58470312439228,52.78568028191906,195175200
2018-08-31,53.821292877197266,54.11447864417697,53.43589126797498,53.556475387508385,173360400
2018-09-04,53.993892669677734,54.18777322429528,53.58484903952322,54.00571549067332,109560400
2018-09-05,53.6415901184082,54.30362837496612,53.22309041713026,54.14284956250599,133332000
2018-09-06,52.75020980834961,53.75508827339755,52.32461350158914,53.49027078929188,137160000
2018-09-07,52.32463073730469,53.28694808475434,52.185130782082055,52.45467459718158,150479200
2018-09-10,51.62238311767578,52.45465998116174,51.18260084633692,52.24186001307081,158066000
2018-09-11,52.92755126953125,53.033949464303724,51.2038868045044,51.54672703557977,142996000
2018-09-12,52.270233154296875,53.19944845556792,51.97940690511045,53.185262513230725,197114800
2018-09-13,53.532840728759766,53.99153884293053,52.6249042019705,52.84952340827975,166825600
2018-09-14,52.925193786621094,53.63452001945478,52.61309212024056,53.37679902073529,127997200
2018-09-17,51.51598358154297,52.714742633075524,51.371753818722354,52.5255883134687,148780400
2018-09-18,51.60110855102539,52.45466440089387,51.33629103116489,51.49470675410538,126286800
2018-09-19,51.631832122802734,51.92738458695363,50.905957146913586,51.66257073357624,108495200
2018-09-20,52.02433395385742,52.55632846390417,51.81626383542605,52.07398836223533,106435200
2018-09-21,51.46397399902344,52.338808803475615,51.37648799310484,52.20167199078347,384986800
2018-09-24,52.20403289794922,52.31516093786843,51.2204368199305,51.26536138174706,110773600
2018-09-25,52.53504943847656,52.68400905547717,51.946307549786276,51.958130371548314,98217600
2018-09-26,52.11655044555664,52.90390281763559,51.960497843994546,52.25368725227918,95938800
2018-09-27,53.18762969970703,53.53992959522191,52.85424559802705,52.9204526803586,120724800
2018-09-28,53.37441635131836,53.39805838572912,52.96773583814115,53.149793573596064,91717600
2018-10-01,53.73379898071289,54.24451448446557,53.51863953725298,53.89694451172983,94403200
2018-10-02,54.21143341064453,54.38167197676256,53.58486341577916,53.731456333562136,99152800
2018-10-03,54.871097564697266,55.20211492695663,54.3296433555075,54.39348370673561,114619200
2018-10-04,53.906402587890625,54.93728965540336,53.60848341576055,54.56607405451681,128168000
2018-10-05,53.03158187866211,54.00572550581806,52.15438395852076,53.899327312763546,134322000
2018-10-08,52.90863037109375,53.15216535637329,52.06453065114557,52.53978140728469,118655600
2018-10-09,53.6415901184082,53.73616907381262,52.54922934016951,52.87788354358608,107564000
2018-10-10,51.15660095214844,53.51865827828025,51.08330449551882,53.30822500274197,167962400
2018-10-11,50.704978942871094,51.89901159404719,50.20136000805382,50.72153161226197,212497600
2018-10-12,52.516136169433594,52.698197531427574,51.27008573845108,52.11654858627355,161351600
2018-10-15,51.39303207397461,52.449928078120834,51.37175316034392,52.29151237472821,123164000
2018-10-16,52.52558898925781,52.72420301170054,51.251166750358514,51.76424545871344,116736000
2018-10-17,52.29860305786133,52.64144321335758,51.86118394400235,52.56105380461304,91541600
2018-10-18,51.07619857788086,51.95576305015513,50.362142773439196,51.51125096413181,130325200
2018-10-19,51.854095458984375,52.31515664645652,51.40958333577089,51.558542953192145,132314800
2018-10-22,52.17091751098633,52.811676815922965,51.766603776043624,51.96757727920233,115168400
2018-10-23,52.66272735595703,52.785678210129554,50.76409832307149,51.03127894622945,155071200
2018-10-24,50.8563117980957,53.017391656334006,50.726267969157426,52.63199362779541,163702000
2018-10-25,51.9699592590332,52.34353810184047,51.24881034120332,51.475796278943854,119423200
2018-10-26,51.14240646362305,52.06216571984942,50.28412082995475,51.04782749681985,189033600
2018-10-29,50.18246078491211,51.94395329351893,48.72834004766354,51.82573227135982,183742000
2018-10-30,50.43307876586914,50.87758726765469,49.48021780499368,49.924726306779235,146640000
2018-10-31,51.747684478759766,52.12362630726242,51.21805322056877,51.27953043557122,153435600
2018-11-01,52.5421257019043,52.57522742762066,51.262974001333475,51.792605220612835,233292800
2018-11-02,49.05699157714844,50.51583847534508,48.572284692079506,49.546428313026276,365314800
2018-11-05,47.66434860229492,48.32638701675462,46.85571728176754,48.305108099645274,264654800
2018-11-06,48.17979049682617,48.4044096899324,47.68799067176834,47.74237132513075,127531600
2018-11-07,49.6409912109375,49.666999972123655,48.26490081242731,48.69995317425184,133697600
2018-11-08,49.46780014038086,49.85454290419516,49.0549542402841,49.82132566766374,101450400
2018-11-09,48.51397705078125,48.879366587122874,47.98724409420614,48.7702258096886,137463200
2018-11-12,46.07012939453125,47.41780773297329,45.97996678297015,47.21612935039931,204542000
2018-11-13,45.60984802246094,46.784319299258804,45.42477999680349,45.467489952175,187531600
2018-11-14,44.32147979736328,46.14368876236647,44.115055029309836,46.006073457133304,243204000
2018-11-15,45.41527557373047,45.54814450930108,44.34519912826086,44.69872824786671,185915200
2018-11-16,45.91828155517578,46.259946609491415,44.95260676177665,45.19936284522291,147713200
2018-11-19,44.09843444824219,45.24680559068968,43.892013365063484,45.080719453626,167701200
2018-11-20,41.99151611328125,43.05684633458593,41.64273330485172,42.32131712569472,271300800
2018-11-21,41.94405746459961,42.77212054847709,41.889487071573676,42.643994348703465,124496800
2018-11-23,40.87873077392578,41.90135460850539,40.83365308403461,41.507490510580666,94496000
2018-11-26,41.43157196044922,41.5098705230007,40.39708745646012,41.34141294148129,179994000
2018-11-27,41.341400146484375,41.467151357006,40.544182944086934,40.693658680506765,165549600
2018-11-28,42.93107986450195,43.0141211196366,41.50510326588863,41.932184473629775,184250000
2018-11-29,42.60129928588867,43.372417193579416,42.162353797963114,43.3391999516029,167080000
2018-11-30,42.37114334106445,42.78636061112032,42.00337874921922,42.77686790323383,158126000
2018-12-03,43.8516731262207,43.88014399759351,42.99513941516587,43.766256891696464,163210000
2018-12-04,41.922706604003906,43.27512777330079,41.823054898940676,42.9334627157085,165377200
2018-12-06,41.45529556274414,41.46953100520734,40.4350466147937,40.75298356449691,172393600
2018-12-07,39.977115631103516,41.40071754199759,39.9320343246601,41.163450556848574,169126400
2018-12-10,40.2404899597168,40.35674848800182,38.75282465963804,39.1490601674904,248104000
2018-12-11,40.01033401489258,40.76009495801711,39.623587659446784,40.72925271093741,189126800
2018-12-12,40.121856689453125,40.79094783925062,40.10287489238267,40.430300935727146,142510800
2018-12-13,40.560794830322266,40.94516985024621,40.22862246288901,40.45165403262589,127594400
2018-12-14,39.262939453125,40.117102042698306,39.21548678046134,40.09812024955147,162814800
2018-12-17,38.897552490234375,39.943900827275144,38.61045782776475,39.255824356252,177151600
2018-12-18,39.40293502807617,39.74934284350836,39.00432455915935,39.239220208007154,135366000
2018-12-19,38.17387771606445,39.73034825848122,37.746796501277856,39.38631192060536,196189200
2018-12-20,37.2105827331543,38.463352159374345,36.847564525579564,38.05762401069301,259092000
2018-12-21,35.763248443603516,37.52614386743345,35.50225695564013,37.21769609037985,382978400
2018-12-24,34.837921142578125,35.95782190038735,34.7809757476291,35.15111176377815,148676800
2018-12-26,37.2912483215332,37.305483760117355,34.81180927021201,35.18669150802309,234330000
2018-12-27,37.04922866821289,37.19633662270598,35.6066489588287,36.97567650116932,212468400
2018-12-28,37.068214416503906,37.611557756964785,36.66960768010855,37.369544455349704,169165600
2018-12-31,37.426490783691406,37.81086209224743,37.12753210334212,37.61393008515579,140014000
2019-01-02,37.46920394897461,37.6898641400753,36.59368814570471,36.75028523353009,148158800
2019-01-03,33.736995697021484,34.574547927015324,33.69191438723821,34.16170203892372,365248800
2019-01-04,35.177207946777344,35.24601741169735,34.11899903898665,34.29220295413125,234428400
2019-01-07,35.0988883972168,35.31243076496808,34.617236912536555,35.281584911531645,219111200
2019-01-08,35.76799011230469,36.021867468143824,35.238885865982304,35.4856418830653,164101200
2019-01-09,36.37539291381836,36.66485886166989,35.50225233829682,35.89611269551247,180396400
2019-01-10,36.49166488647461,36.53199984154206,35.79409933557466,36.183217066092084,143122800
2019-01-11,36.13338851928711,36.46793584598435,35.94832055566885,36.273378795691265,108092800
2019-01-14,35.590049743652344,35.891379845195914,35.404981774617916,35.79172814036254,129756800
2019-01-15,36.31846618652344,36.39438975385984,35.601918738921825,35.65411777539392,114843600
2019-01-16,36.76215362548828,36.98518520942271,36.30185501531,36.320836811858406,122278800
2019-01-17,36.980438232421875,37.40751959655014,36.36354252641356,36.58657410659207,119284800
2019-01-18,37.20820617675781,37.459708573550046,37.00889918007144,37.369545970773025,135004000
2019-01-22,36.37303924560547,37.18686348386207,36.21169577007339,37.11093991098238,121576000
2019-01-23,36.520137786865234,36.80960382903162,35.99340473442524,36.57470818551413,92522400
2019-01-24,36.23067092895508,36.65300590810053,36.00289663164888,36.565218274806185,101766000
2019-01-25,37.431236267089844,37.519027508765205,36.615040923074886,36.89026785958372,134142000
2019-01-28,37.08482360839844,37.091941326997095,36.45843902887305,36.96381515140883,104768400
2019-01-29,36.7004508972168,37.519024789086224,36.565210615346906,37.07296175472334,166348800
2019-01-30,39.208377838134766,39.42191672312946,38.017296299473955,38.73384376445083,244439200
2019-01-31,39.49070739746094,40.098110143445815,39.04464442195069,39.412408878116736,162958400
2019-02-01,39.509700775146484,40.09337555178489,39.369710497458655,39.614098831561684,130672400
2019-02-04,40.63196563720703,40.72924595668123,39.690015545649196,39.72086140802062,125982000
2019-02-05,41.32716369628906,41.54070616529914,40.89296827882337,41.013973143644144,144406400
2019-02-06,41.341400146484375,41.656965666225744,41.01159918712273,41.43867685735861,112958400
2019-02-07,40.55842590332031,41.27022697955856,40.416064239909666,40.90483373299473,126966800
2019-02-08,40.60607147216797,40.66564261030473,40.13188390366319,40.26770784386319,95280000
2019-02-11,40.37256622314453,40.79671624225165,40.32967673169206,40.75858982589266,83973600
2019-02-12,40.720462799072266,40.746674255434215,40.43690349004798,40.53221952951651,89134000
2019-02-13,40.551273345947266,41.099328678315466,40.489320656037144,40.83959932500604,89960800
2019-02-14,40.699005126953125,40.808613992609324,40.3606414751641,40.43927581927432,87342800
2019-02-15,40.60845947265625,40.91346345759115,40.44880923334926,40.80623611906368,98507200
2019-02-19,40.72998046875,40.851507928428646,40.38685373654159,40.4392766336708,75891200
2019-02-20,40.992095947265625,41.29948509114437,40.7442815842349,40.791937772979175,104457600
2019-02-21,40.76095962524414,41.07311184292857,40.57986465359283,40.93729152317362,68998800
2019-02-22,41.21609115600586,41.223239403756004,40.83721948150898,40.884875678488214,75652800
2019-02-25,41.51632308959961,41.90710967168657,41.44960369528727,41.499645058988676,87493600
2019-02-26,41.54015350341797,41.77128984933254,41.263742503117236,41.39241821936573,68280800
2019-02-27,41.668827056884766,41.699805218546146,41.15889815564964,41.2732773821219,111341600
2019-02-28,41.258975982666016,41.67835919496109,41.20417154412631,41.537772157173244,112861600
2019-03-01,41.692649841308594,41.73553931695009,41.197017519159516,41.52823291281517,103544800
2019-03-04,41.90234375,42.35508298576963,41.45436758783305,41.86421734557429,109744800
2019-03-05,41.826087951660156,41.938081984197204,41.59018493156289,41.92378549254291,78949600
2019-03-06,41.58543014526367,41.81656650222476,41.44722463850816,41.621171381521776,83241600
2019-03-07,41.10409164428711,41.56636432916655,40.98971605951243,41.43054036805001,99185600
2019-03-08,41.2017936706543,41.23992008169563,40.3892422605175,40.584637390153304,95997600
2019-03-11,42.62911605834961,42.68153896438816,41.78320858604554,41.81656828662146,128044000
2019-03-12,43.10805892944336,43.527438429638856,42.74109868533032,42.891219115734174,129870400
2019-03-13,43.29868698120117,43.67755854133484,43.11044015144397,43.42735903779865,124130000
2019-03-14,43.78002166748047,43.86818942807558,43.50122916555662,43.82052960680952,94318000
2019-03-15,44.34951400756836,44.637839878585694,43.78239931845591,44.046895282934095,156171600
2019-03-18,44.802268981933594,44.890433115459594,44.27089173604565,44.273276908909104,104879200
2019-03-19,44.44721984863281,45.033401481377794,44.30186611779311,44.880899504425805,126585600
2019-03-20,44.83562469482422,45.152543603093804,44.01830674487972,44.37573359295211,124140800
2019-03-21,46.486942291259766,46.782416507691266,45.22879987925223,45.27884124565531,204136800
2019-03-22,45.52427673339844,47.106486442351226,45.45993886884796,46.54651613890854,169630800
2019-03-25,44.97383117675781,45.7458708587234,44.4639023409663,45.633876819634864,175381200
2019-03-26,44.50917053222656,45.96032623886354,43.982563700573884,45.66961879021226,199202000
2019-03-27,44.90949630737305,45.216881824139065,44.45199033761694,44.97621570071659,119393600
2019-03-28,44.96907043457031,45.16922862786753,44.68551117609868,45.023874875034785,83121600
2019-03-29,45.26216125488281,45.29313941789581,44.92617907983829,45.23356826498443,94256000
2019-04-01,45.56955337524414,45.67439555693616,44.88805919660428,45.66486577166774,111448000
2019-04-02,46.231964111328125,46.33680988306321,45.52425878804957,45.53378856914673,91062800
2019-04-03,46.54889678955078,46.822922617672326,46.024667775160154,46.048497688881305,93087200
2019-04-04,46.629920959472656,46.79195276656098,46.02229441102144,46.41546260570076,76457200
2019-04-05,46.94206619262695,46.96589610699699,46.687099925418465,46.81100893546065,74106400
2019-04-08,47.68074417114258,47.71171869297622,46.7847918560636,46.803855058079535,103526800
2019-04-09,47.537784576416016,48.33603955625865,47.4734467070478,47.73317972192877,143072800
2019-04-10,47.80465316772461,47.833249790891394,47.22323818776864,47.34238048248308,86781200
2019-04-11,47.40671920776367,47.89520335222447,47.28519537386603,47.85946211752939,83603200
2019-04-12,47.387657165527344,47.690279625122976,46.753822893813584,47.46629151971839,111042800
2019-04-15,47.47344207763672,47.621181009035936,47.182734561059235,47.31855853470994,70146400
2019-04-16,47.47820281982422,47.983364968636586,47.3137858769923,47.52824418170382,102785600
2019-04-17,48.40275192260742,48.462323072559556,47.32570451341118,47.547307445984586,115627200
2019-04-18,48.57670211791992,48.64580305696875,48.257401604087235,48.400370192581796,96783200
2019-04-22,48.73634338378906,48.834040931260986,48.214499587608906,48.33126033721687,77758000
2019-04-23,49.43928527832031,49.50362313511346,48.58622601734535,48.71251655805477,93292000
2019-04-24,49.363040924072266,49.677574720140036,49.3368294714054,49.41069711912076,70162400
2019-04-25,48.91505432128906,49.50599901366292,48.87692791895943,49.28439611749792,74172800
2019-04-26,48.68154525756836,48.848343752952516,48.162082930875414,48.82451383821142,74596400
2019-04-29,48.755401611328125,49.07946874270756,48.576688199963,48.70536025633508,88818800
2019-04-30,47.81657028198242,48.46708622241454,47.44484688744978,48.38607033097731,186139600
2019-05-01,50.163665771484375,51.305047195466486,49.85627665797254,50.01116380100785,259309200
2019-05-02,49.83721923828125,50.671215281428715,49.594171580722325,50.00163618282265,127985200
2019-05-03,50.45676040649414,50.478205146321336,50.094566822586664,50.25183551985448,83569600
2019-05-06,49.67756652832031,49.76334911963592,48.490910378399384,48.6791535903768,129772400
2019-05-07,48.338417053222656,49.42499431382498,47.854699576559206,49.05803760722793,155054800
2019-05-08,48.34794235229492,48.92935733960514,48.073916525359294,48.109657759852,105358000
2019-05-09,47.82848358154297,48.05723475366527,46.86104872008744,47.75223076687932,139634400
2019-05-10,47.1658935546875,47.56536448730354,46.11101450339134,47.22330340337194,164834800
2019-05-13,44.42464065551758,45.32403977104099,43.73813138927743,44.90065443085275,229722400
2019-05-14,45.12790298461914,45.376671749647436,44.35049557524216,44.58969785505046,146118800
2019-05-15,45.668495178222656,45.86703349261073,44.49640556068087,44.556206125860285,106178800
2019-05-16,45.46756362915039,46.03925685450639,45.170951528362195,45.42689968507999,132125600
2019-05-17,45.2092170715332,45.663699804341405,44.67340281448622,44.7140667516376,131516400
2019-05-20,43.795536041259766,44.09693319133087,43.123378349333606,43.89839489959819,154449200
2019-05-21,44.635135650634766,44.97001729820006,44.18064924329761,44.30503541950881,113459200
2019-05-22,43.72137451171875,44.422238802588666,43.66635903186872,44.171075781629334,118994400
2019-05-23,42.975067138671875,43.18556258786972,42.53254161888472,43.00855529990352,146118800
2019-05-24,42.810028076171875,43.56829879019288,42.72630582654269,43.10424582926103,94858800
2019-05-28,42.63301086425781,43.19752825231062,42.55646805143749,42.79806098088244,111792800
2019-05-29,42.42969512939453,42.900923841188686,42.099594865311815,42.200059369611644,113924800
2019-05-30,42.649757385253906,42.87221370220988,42.259856591093225,42.56603514665155,84873600
2019-05-31,41.877140045166016,42.575610183606656,41.858003426997364,42.15461188376971,108174400
2019-06-03,41.45374298095703,42.55885600339575,40.728960589625665,42.00390878409617,161584400
2019-06-04,42.97027587890625,43.015724873298545,41.74556198761419,41.96562753683477,123872000
2019-06-05,43.66396713256836,44.25001543111583,43.32908551905767,44.080180266448075,119093600
2019-06-06,44.30503463745117,44.36483519131341,43.570682084053516,43.79314204238784,90105200
2019-06-07,45.48430252075195,45.90769148933359,44.43659923654732,44.61360655057878,122737600
2019-06-10,46.06555938720703,46.732931908705964,45.835923672858236,45.88137267413092,104883600
2019-06-11,46.59897994995117,46.88363115164734,46.30954733221378,46.61094078992602,107731600
2019-06-12,46.45068359375,46.87646328917654,46.259321071663166,46.393273742142995,73012800
2019-06-13,46.44111251831055,47.072606273434246,46.30955420885947,46.57267447769808,86698400
2019-06-14,46.10383605957031,46.307155751593456,45.52018207317705,45.81918484080178,75046000
2019-06-17,46.37891387939453,46.6348619824245,45.96748580812443,46.142102390137104,58676400
2019-06-18,47.469688415527344,47.90981970395543,46.694675418498946,46.89560444365913,106204000
2019-06-19,47.330955505371094,47.81175443967043,47.197002808231645,47.76391106217441,84496800
2019-06-20,47.71127700805664,47.986358104546575,47.36921593118183,47.92894825704651,86056000
2019-06-21,47.54861831665039,48.04376867773491,47.397919745896615,47.553403383165076,191202400
2019-06-24,47.500762939453125,47.87870277090041,47.40268918288859,47.49119280957921,72881600
2019-06-25,46.78078842163086,47.66344170794164,46.71380842991327,47.46490339125709,84281200
2019-06-26,47.792606353759766,48.07725759186515,47.20656161939147,47.30702611814578,104270000
2019-06-27,47.778255462646484,48.215995988213024,47.73759152091885,47.90981377120324,83598800
2019-06-28,47.34290313720703,47.720843084338505,47.13479837293914,47.52469551117032,124442400
2019-07-01,48.211204528808594,48.91445958647006,47.99592035711078,48.59871092795432,109012000
2019-07-02,48.49348068237305,48.58916379120167,48.165774703236316,48.17773554808207,67740800
2019-07-03,48.89532470703125,48.90250048134883,48.48389661312159,48.625025041282115,45448000
2019-07-05,48.85226821899414,49.05559156534589,48.534128829376186,48.641772747995475,69062000
2019-07-08,47.84523010253906,48.17532669133114,47.46011437400138,48.0341982544595,101354400
2019-07-09,48.137054443359375,48.20163641262728,47.555791170395594,47.64907988705199,82312000
2019-07-10,48.613067626953125,48.73266874059022,48.21360034539757,48.28297103527144,71588400
2019-07-11,48.25905990600586,48.890553778109265,48.24949342079485,48.632214878166444,80767200
2019-07-12,48.62981033325195,48.797251151333036,48.36668644059876,48.426486993480296,70380800
2019-07-15,49.0866813659668,49.24455203210926,48.797245119823614,48.818772440215454,67789600
2019-07-16,48.91684341430664,49.3019590512431,48.67764124602152,48.9383707334678,67467200
2019-07-17,48.64177322387695,49.057982753514956,48.62263660815599,48.80921404901501,56430000
2019-07-18,49.194332122802734,49.246956906066245,48.725494140074105,48.797255539973115,74162400
2019-07-19,48.45998001098633,49.39526162771868,48.40496451880691,49.22542643455206,83717200
2019-07-22,49.567501068115234,49.56989177714596,48.703980616154055,48.71354710221442,89111600
2019-07-23,49.95500183105469,49.97174774213906,49.58423757781546,49.8641074492469,73420800
2019-07-24,49.91432571411133,50.02914175520972,49.55552239198474,49.67512349936027,59966400
2019-07-25,49.5196418762207,50.05067106733842,49.45027119228103,49.96694883497979,55638400
2019-07-26,49.69187927246094,50.16788943836609,49.54835645514004,49.62968434831801,70475600
2019-07-29,50.155921936035156,50.385557683272346,49.85931350619357,49.864098572785444,86693600
2019-07-30,49.940635681152344,50.27073588947548,49.58900815053056,49.93585061510733,135742800
2019-07-31,50.959632873535156,52.95218755117396,50.54342339953186,51.768137442475606,277125600
2019-08-01,49.85691452026367,52.153257179746014,49.452665854213244,51.16535089156151,216071600
2019-08-02,48.80203628540039,49.3785108420285,48.230343145055464,49.163230311330075,163448400
2019-08-05,46.24736022949219,47.517523540558116,46.065567840975476,47.35965283602837,209572000
2019-08-06,47.12284469604492,47.37879286336873,46.41480440834536,46.95779455449021,143299200
2019-08-07,47.610809326171875,47.735195505332065,46.36217706782614,46.742507730135785,133457600
2019-08-08,48.660911560058594,48.68483324483393,47.69453608408315,47.888289320978814,108038000
2019-08-09,48.259925842285156,48.68491980321308,47.851734087471264,48.3343596886464,98478800
2019-08-12,48.13745880126953,48.51443488116721,47.8181106881789,47.93096316663212,89927600
2019-08-13,50.1760139465332,50.937165649678846,48.13746950693572,48.267131545137225,188874000
2019-08-14,48.682518005371094,49.56852841372435,48.644099355992225,48.780964420477915,146189600
2019-08-15,48.440006256103516,49.256382389403456,47.942974606430376,48.852997569788144,108909600
2019-08-16,49.58292770385742,49.741401862998586,48.94423148463047,49.049880924057916,110481600
2019-08-19,50.50737380981445,51.078835764252794,50.43053649544689,50.57220117203168,97654400
2019-08-20,50.50977325439453,51.227706792381404,50.500170422067065,50.634632057480246,107537200
2019-08-21,51.057220458984375,51.299731333447795,50.80750654514709,51.14126080341854,86141600
2019-08-22,51.014007568359375,51.48942653587371,50.60341596200284,51.18928765116433,89014800
2019-08-23,48.65610122680664,50.91554700309597,48.2623192659155,50.28645358396467,187272000
2019-08-26,49.580528259277344,49.748605248722136,49.237167578736795,49.429257136875236,104174400
2019-08-27,49.02106857299805,50.07515584403641,48.86979745227065,49.90947864777375,103493200
2019-08-28,49.35002517700195,49.39564686397116,48.81938179356974,49.0066681246404,63755200
2019-08-29,50.185611724853516,50.26004923163214,49.621352927714746,50.06315640226348,83962000
2019-08-30,50.12077331542969,50.53136108890802,49.751000310003654,50.46173050840228,84573600
2019-09-03,49.390838623046875,49.69818045135938,49.03547532102372,49.56611865080238,80092000
2019-09-04,50.22883224487305,50.29846283883695,49.77982574387522,50.036742667870506,76752400
2019-09-05,51.210880279541016,51.376557476754485,50.785882729793876,50.90353845367969,95654800
2019-09-06,51.20608139038086,51.48461108870742,51.0259981022255,51.39577117230135,77449200
2019-09-09,51.42458724975586,51.96964040269282,50.680245133535024,51.585461226459756,109237600
2019-09-10,52.03205871582031,52.05126803759896,50.83390703828068,51.350144279794115,127111600
2019-09-11,53.686424255371094,53.715240070323695,52.27937347467052,52.361014009265396,177158400
2019-09-12,53.56637191772461,54.365942133767874,53.511147403478866,53.97696341496987,128906800
2019-09-13,52.524295806884766,53.014120770564304,52.10890468762575,52.82443464006696,159053200
2019-09-16,52.800418853759766,52.855647033642335,52.23855987155783,52.27937831072937,84632400
2019-09-17,52.99251174926758,53.02132756869173,52.61313582378596,52.81483190453855,73274800
2019-09-18,53.48954391479492,53.508753239988586,52.6899736146539,53.07895237436418,101360000
2019-09-19,53.05493927001953,53.72724727960935,52.91327096589523,53.307052941713785,88242400
2019-09-20,52.27938461303711,53.439121573319625,52.21695705097918,53.155792256513266,221652400
2019-09-23,52.51708984375,52.78601305088982,52.26016925822585,52.57231436011538,76662000
2019-09-24,52.26737976074219,53.42231716904428,52.1497276727192,53.07175336927151,124763200
2019-09-25,53.07175064086914,53.184603139280306,52.137718705200996,52.47627620043449,87613600
2019-09-26,52.798011779785156,53.05012908229732,52.5434946860541,52.82442413840649,75334000
2019-09-27,52.541099548339844,53.05493702755311,52.17132649489073,52.95408716657338,101408000
2019-09-30,53.77766036987305,53.92412822480946,53.01410549311835,53.040517849379114,103909600
2019-10-01,53.926544189453125,54.79814854366671,53.832901018952796,54.04180014068749,139223200
2019-10-02,52.57471466064453,53.68402648733403,52.32739692001443,53.5591677213098,138449200
2019-10-03,53.02133560180664,53.05495100972436,51.655102837499456,52.44746654753214,114426000
2019-10-04,54.50761032104492,54.622866267592265,53.7584649875072,54.17865934180888,138478800
2019-10-07,54.51961898803711,55.20873658677315,54.22668318942507,54.3299328547412,122306000
2019-10-08,53.88092041015625,54.75972776925968,53.8641145411307,54.221881339577685,111820000
2019-10-09,54.512420654296875,54.69490376434556,54.17866638461821,54.512420654296875,74770400
2019-10-10,55.247154235839844,55.33119457436902,54.57724597451074,54.728513454537506,113013600
2019-10-11,56.71662902832031,57.05998604876927,55.78019379619807,55.933864711609424,166795600
2019-10-14,56.63499450683594,57.17764784685901,56.34686196781524,56.40208648570823,96427600
2019-10-15,56.502925872802734,57.062381314243225,56.39727643987383,56.759842753967725,87360000
2019-10-16,56.27483367919922,56.48373281401713,55.99390415010381,56.03472259479586,73903200
2019-10-17,56.49332046508789,56.70221587996945,56.07072638906214,56.44769878510148,67585200
2019-10-18,56.76465606689453,57.04558556492881,56.255618132854494,56.327652182971896,97433600
2019-10-21,57.74911880493164,57.86437476979903,56.983167480651296,57.03118896744375,87247200
2019-10-22,57.61705780029297,58.15490428802028,57.53541724657344,57.90519037069038,82293600
2019-10-23,58.39020538330078,58.40461512439032,57.91958976088768,58.130888664552984,75828800
2019-10-24,58.48625564575195,58.77919144814045,58.06125802035155,58.7095571851868,69275200
2019-10-25,59.20657730102539,59.24259248944674,58.31816723653138,58.38539803078692,73477200
2019-10-28,59.79965591430664,59.84767739008357,59.24019674518622,59.408273742307344,96572800
2019-10-29,58.4166259765625,59.967745243380165,58.24374936097542,59.78045888467337,142839600
2019-10-30,58.409420013427734,58.89924866845541,57.91719523037346,58.769586633499244,124522000
2019-10-31,59.73003005981445,59.82847648047376,56.96875268058943,59.365063861542914,139162000
2019-11-01,61.42521286010742,61.45162155934046,59.82607232816422,59.917312039179826,151125200
2019-11-04,61.828590393066406,61.912630719316276,61.31955618049986,61.78776829370831,103272000
2019-11-05,61.7397575378418,61.99427467320338,61.545268167001495,61.72054454973453,79897600
2019-11-06,61.76616287231445,61.826190633565766,61.31715639057186,61.65331038805769,75864400
2019-11-07,62.47903060913086,62.70059923548496,62.161130673338896,62.31285597676723,94940400
2019-11-08,62.650028228759766,62.722274875332666,61.85768903983962,62.30081895457208,69986400
2019-11-11,63.14615249633789,63.21117448960995,62.20208783512057,62.206901829196894,81821200
2019-11-12,63.08833312988281,63.28822775645039,62.837873203264316,62.989591152239775,87388800
2019-11-13,63.692840576171875,63.76749790965915,62.87401323012433,62.88846256243739,102734400
2019-11-14,63.25210952758789,63.79157076632971,63.12205821124544,63.51942947548323,89182800
2019-11-15,64.00348663330078,64.0083006253325,63.34119892343502,63.50255217696832,100206400
2019-11-18,64.32621002197266,64.40568132510607,63.635023558282754,64.01312410296957,86703200
2019-11-19,64.13114166259766,64.54296223689062,63.91439437873861,64.51887757210454,76167200
2019-11-20,63.38456344604492,64.0805639810246,62.71264022711498,63.95052001576698,106234400
2019-11-21,63.10038375854492,63.58204767524024,62.90048911733583,63.50497968466305,121395200
2019-11-22,63.04498291015625,63.382146145276415,62.81860030594543,63.24005618724747,65325200
2019-11-25,64.15038299560547,64.16724299013734,63.223178841221305,63.26893748374765,84020400
2019-11-26,63.64945983886719,64.34064616087346,63.21836871431615,64.28766285310961,105207600
2019-11-27,64.50439453125,64.538114514249,63.89509031360258,63.96011225989555,65235600
2019-11-29,64.36233520507812,64.54295915794552,64.03721061999535,64.20579591584789,46617600
2019-12-02,63.618160247802734,64.60316190902952,63.4471716441627,64.36714398387619,94487200
2019-12-03,62.483856201171875,62.50311952452636,61.72282631052434,62.20930423351439,114430400
2019-12-04,63.03535079956055,63.413458716319425,62.78006952636724,62.873997512530956,67181600
2019-12-05,63.960140228271484,64.03480488761794,63.2737751129012,63.52905636870785,74424400
2019-12-06,65.19562530517578,65.26546863947017,64.37438734550834,64.41774268897909,106075600
2019-12-09,64.28288269042969,65.21730470607133,63.79880800336891,65.02464203987111,128042400
2019-12-10,64.6585693359375,65.04149128263923,64.0275834068731,64.68746799612504,90420400
2019-12-11,65.21006774902344,65.28954641231785,64.66338184077233,64.73803916107421,78756800
2019-12-12,65.37623596191406,65.64115256416365,64.3791955584024,64.48997619221315,137310400
2019-12-13,66.26490020751953,66.30102352499274,65.248589228168,65.37622984964455,133587600
2019-12-16,67.39920806884766,67.623187308464,66.70561841103523,66.71043240289573,128186000
2019-12-17,67.53168487548828,67.85921278461262,67.14394163202556,67.32938692874545,114158400
2019-12-18,67.37031555175781,67.89051335467951,67.22100094482415,67.38476487826064,116028400
2019-12-19,67.437744140625,67.71711001890772,67.18005960040058,67.31251420192149,98369200
2019-12-20,67.2980728149414,68.07114122602003,67.08613954782287,67.96999593464518,275978000
2019-12-23,68.3962631225586,68.45647110065944,67.52204210459728,67.56057609253462,98572000
2019-12-24,68.46128845214844,68.61061041883474,68.13617123413715,68.56244109414793,48478800
2019-12-26,69.81958770751953,69.83644770700805,68.56485537418061,68.59375403067095,93121200
2019-12-27,69.79309844970703,70.79737094783557,69.38850252439819,70.11099839799601,146266000
2019-12-30,70.20732116699219,70.4890977572307,68.69008295692782,69.71120798213394,144114400
2019-12-31,70.72029113769531,70.72751580123949,69.72565414200866,69.8243961101836,100805600
2020-01-02,72.33386993408203,72.39407791515757,71.09117632272992,71.34404690340438,135480400
2020-01-03,71.63065338134766,72.38927264137095,71.40668140593664,71.56322072155912,146322800
2020-01-06,72.201416015625,72.23995000976231,70.50355369984423,70.75402098693286,118387200
2020-01-07,71.8618392944336,72.4663224088167,71.64268136784916,72.211041164577,108872000
2020-01-08,73.01782989501953,73.31886979288494,71.56561372170107,71.56561372170107,132079200
2020-01-09,74.56878662109375,74.76144921222713,73.7427349209394,73.99319481949146,170108400
2020-01-10,74.73736572265625,75.30091887725054,74.23643856809193,74.80239504412852,140644800
2020-01-13,76.33409881591797,76.36059415429726,74.93486566437117,75.05287832688332,121532000
2020-01-14,75.3033447265625,76.48101668324267,75.18052540962947,76.27149402827726,161954400
2020-01-15,74.98059844970703,75.98245997667709,74.54950731619692,75.10342506334987,121923600
2020-01-16,75.91985321044922,76.03064118697364,75.16123412136378,75.52248200660513,108829200
2020-01-17,76.76036071777344,76.7627640392473,75.86205500785368,76.16790890123319,137816400
2020-01-21,76.24018096923828,76.83021490503033,76.10290497799846,76.38949561952354,110843200
2020-01-22,76.51231384277344,77.06381371935198,76.41838585398544,76.72423978617735,101832400
2020-01-23,76.88077545166016,76.96024675038308,76.01859307367198,76.56528622859716,104472000
2020-01-24,76.65921020507812,77.86818383448923,76.46895092458591,77.12642473209515,146537600
2020-01-27,74.40504455566406,75.08418516629278,73.42485661478304,74.67236453066312,161940000
2020-01-28,76.50989532470703,76.68088393464757,75.18531972883665,75.28406170066347,162234000
2020-01-29,78.1114501953125,78.95677286932231,77.39858953140283,78.13794553717628,216229200
2020-01-30,77.99823760986328,78.05122092954578,76.76517927864235,77.19627050016777,126743200
2020-01-31,74.5398941040039,77.71164655303768,74.24607885109228,77.29019066933044,199588400
2020-02-03,74.33519744873047,75.49841264105945,72.7842389592195,73.28516622775322,173788400
2020-02-04,76.78926086425781,76.9795201431656,75.53211792000401,75.93671379066781,136616400
2020-02-05,77.4154281616211,78.21258127557842,76.81334832632962,77.91394467954083,118826800
2020-02-06,78.32096099853516,78.32337167005116,77.12884718583062,77.6851684350144,105425600
2020-02-07,77.25636291503906,78.06989154294402,76.76631409771366,77.82124622907054,117684000
2020-02-10,77.623291015625,77.623291015625,75.7644885208781,75.8441484328751,109348800
2020-02-11,77.15496826171875,78.19059132825674,76.93770658748598,78.11817322586252,94323200
2020-02-12,78.98722076416016,78.99204618157108,77.60397618630914,77.60397618630914,113730400
2020-02-13,78.42475128173828,78.75064746940821,78.05782062596876,78.26059867524006,94747600
2020-02-14,78.4440689086914,78.69271421468866,77.93712009409066,78.3933688702963,80113600
2020-02-18,77.00772094726562,77.18877358272158,75.94795598487916,76.12900862033511,152531200
2020-02-19,78.12301635742188,78.35235267875386,77.24913667748609,77.24913667748609,93984000
2020-02-20,77.321533203125,78.3716398349872,76.81700080414447,77.88400744802773,100566000
2020-02-21,75.57135772705078,77.35774940247184,74.95578178960817,76.91597690115918,129554000
2020-02-24,71.98169708251953,73.43011814732492,69.8211400810818,71.75960997813098,222195200
2020-02-25,69.54349517822266,73.03177760353739,69.07276292142255,72.65036343493304,230673600
2020-02-26,70.64674377441406,71.90928692764982,69.16211349223191,69.16935530367469,198054800
2020-02-27,66.0286865234375,69.04140503149553,65.89350114490772,67.85852928583456,320605600
2020-02-28,65.99005889892578,67.20915102510166,61.88861568726967,62.103468343907636,426510000
2020-03-02,72.13378143310547,72.76867383608672,67.04258234775999,68.14338175177791,341397200
2020-03-03,69.84285736083984,73.38665871766685,68.99311238709194,73.3069988099028,319475600
2020-03-04,73.08248901367188,73.24181619852034,70.76260504877715,71.56164999828624,219178400
2020-03-05,70.7118911743164,72.31238961864213,70.34736966221641,71.3395341562257,187572800
2020-03-06,69.77284240722656,70.20495666747604,67.88989834828591,68.07577636210152,226176800
2020-03-09,64.25437927246094,67.1319051551366,63.48912685930832,63.670179502443226,286744800
2020-03-10,68.88207244873047,69.14761776690831,65.02685833500999,66.9025682079639,285290000
2020-03-11,66.48978424072266,67.88751298901103,65.62797171834961,66.96294054735044,255598800
2020-03-12,59.92359161376953,65.17894700154001,59.86806983845157,61.784814276675704,418474000
2020-03-13,67.10294342041016,67.5736832780311,61.06302571813862,63.94538830639056,370732000
2020-03-16,58.470340728759766,62.54281272853614,57.93683739697829,58.40757346412376,322423600
2020-03-17,61.04129409790039,62.187957132183904,57.55059758461941,59.74978379495811,324056000
2020-03-18,59.54701232910156,60.35088658037525,57.241607725026064,57.88132933289352,300233600
2020-03-19,59.09074783325195,61.036459434063396,58.566902685612334,59.72081110917334,271857200
2020-03-20,55.3393440246582,60.79264863512061,55.04000233501268,59.67012006159394,401693200
2020-03-23,54.1636962890625,55.1606938155284,51.3247927605554,55.059304798459365,336752800
2020-03-24,59.597694396972656,59.79323063321941,56.56083807077307,57.05812866753022,287531200
2020-03-25,59.26939392089844,62.34245973328567,58.97488132854125,60.53193331315153,303602000
2020-03-26,62.38832092285156,62.446255405203736,59.472166210481355,59.51079165439952,252087200
2020-03-27,59.80531311035156,61.76792134587147,59.638744081772344,61.0147434951052,204216800
2020-03-30,61.51203918457031,61.68343732916102,60.206045069579524,60.529528632361576,167976400
2020-03-31,61.38650131225586,63.3660094986333,60.8336888557072,61.70274302705608,197002000
2020-04-01,58.15652084350586,60.04188167908633,57.726822887688364,59.50596558883749,176218400
2020-04-02,59.126956939697266,59.18006600388776,57.188487147319506,58.018915768998035,165934000
2020-04-03,58.277225494384766,59.31284498948773,57.68820030765842,58.61277624472143,129880000
2020-04-06,63.36119079589844,63.51568523881815,60.20121917390235,60.568149922006974,201820400
2020-04-07,62.62731170654297,65.58933753055518,62.52350996388426,65.37206847487805,202887200
2020-04-08,64.230224609375,64.54404618126709,63.06183266990903,63.42634690897305,168895200
2020-04-09,64.6937255859375,65.19584902236409,63.89951332637289,64.86512738575412,161834800
2020-04-13,65.96350860595703,66.07214313145124,64.17229133387406,64.77097468626023,131022800
2020-04-14,69.29487609863281,69.58456326372355,67.12224446160415,67.59298426311395,194994800
2020-04-15,68.66239166259766,69.1210568119712,67.74506136385055,68.17234288135833,131154400
2020-04-16,69.20794677734375,69.572468297462,68.16025682300713,69.37451572580522,157125200
2020-04-17,68.26890563964844,69.27073604048029,66.83496828577375,68.72516178272222,215250000
2020-04-20,66.85186767578125,67.99853426971617,66.83255863780644,67.09810395402242,130015200
2020-04-21,64.78547668457031,66.92914162387588,64.0757495798799,66.69497985985144,180991600
2020-04-22,66.6514892578125,67.08601248995713,65.71001734346707,66.05038970065308,116862400
2020-04-23,66.39319610595703,68.01542772017612,66.35457066668404,66.59597413685326,124814400
2020-04-24,68.30994415283203,68.31960235496462,66.86876505886688,66.91704870248016,126161200
2020-04-27,68.35822296142578,68.68894453234053,67.58090350335026,68.02749402346188,117087600
2020-04-28,67.25018310546875,69.00035846269303,67.15845596472252,68.81930583953189,112004800
2020-04-29,69.45904541015625,69.92736888191205,68.53205667132409,68.73483476728254,137280800
2020-04-30,70.92434692382812,71.10057413486881,69.60870223992275,69.99735834734561,183064000
2020-05-01,69.78250885009766,72.17964374552773,69.0051893150792,69.10174923798432,240616800
2020-05-04,70.76985931396484,70.89780288941466,69.11866006272429,69.80666159250394,133568000
2020-05-05,71.8320541381836,72.662483105901,71.08370150986168,71.2285451422874,147751200
2020-05-06,72.57315063476562,73.20321036598678,72.14827802802382,72.53210878963873,142333600
2020-05-07,73.32389068603516,73.66910326152602,72.89660917840814,73.19836352852457,115215200
2020-05-08,75.06913757324219,75.12239040799929,73.65552559886389,73.98230402182824,133838400
2020-05-11,76.2503662109375,76.74415709638575,74.36957888241814,74.57775171164975,145946400
2020-05-12,75.37897491455078,77.3832066763356,75.25794640867731,76.93297679324957,162301200
2020-05-13,74.46883392333984,76.47791143801962,73.39410026175051,75.55809041384309,200622400
2020-05-14,74.92632293701172,74.98683718466037,72.98744407851115,73.70877656980059,158929200
2020-05-15,74.48335266113281,74.52934407916516,72.66792527667609,72.70181680027588,166348400
2020-05-18,76.23826599121094,76.61103581678174,75.11512542110488,75.80498930633232,135178400
2020-05-19,75.79772186279297,77.09998213452099,75.76625327530091,76.25520568719914,101729600
2020-05-20,77.27185821533203,77.34204942619355,76.6158784313997,76.65460843756124,111504800
2020-05-21,76.69575500488281,77.67366726497515,76.4585365069764,77.13387754437865,102688800
2020-05-22,77.18955993652344,77.27185842972254,76.33267609193112,76.43433589476804,81803200
2020-05-26,76.66671752929688,78.4845606060167,76.61104175906425,78.30544078691085,125522000
2020-05-27,77.0007553100586,77.14599099987917,75.78563172544763,76.52391007078806,112945200
2020-05-28,77.03462982177734,78.29090607267398,76.4004417495467,76.67638285095582,133560800
2020-05-29,76.95960998535156,77.736610955793,76.60378586836536,77.2767040924692,153532400
2020-06-01,77.90605163574219,78.0270801430567,76.78290354210658,76.91361639836452,80791200
2020-06-02,78.26667022705078,78.2908773923047,77.1991985061638,77.63974379801995,87642800
2020-06-03,78.69756317138672,78.95898884323296,78.01496072344597,78.58621903033732,104491200
2020-06-04,78.01981353759766,78.81859867793425,77.64704369151033,78.52087329742372,87560400
2020-06-05,80.24188995361328,80.30240419943048,78.2400813612976,78.26912701737099,137250400
2020-06-08,80.71632385253906,80.75021537775042,79.23009773769596,79.93932296340279,95654400
2020-06-09,83.26518249511719,83.6573136410901,80.36534445233356,80.39681304328083,147712400
2020-06-10,85.40738677978516,85.87455499385788,83.77350211039672,84.21162466782144,166651600
2020-06-11,81.30693817138672,84.97652287764004,81.20527837641917,84.55292316229209,201662400
2020-06-12,82.00891876220703,84.18743203095863,80.90030081571983,83.44189962926336,200146000
2020-06-15,83.02312469482422,83.67425858934295,80.50331054070764,80.665491974399,138808800
2020-06-16,85.22344207763672,85.49455217605274,83.44190575287207,85.07336789002822,165428800
2020-06-17,85.10480499267578,86.02704141186865,84.98377651365317,85.96652717235735,114406400
2020-06-18,85.13871002197266,85.55504835135272,84.53114459703605,85.06125001022909,96820400
2020-06-19,84.65215301513672,86.30782159170373,83.5459510308644,85.84307640546994,264476000
2020-06-22,86.86698913574219,87.00980187063504,84.99830891368086,85.0443003318489,135445200
2020-06-23,88.72113800048828,90.1371727058119,87.6899729783668,88.1087341820106,212155600
2020-06-24,87.15503692626953,89.26819705246864,86.78226710315806,88.35079901624333,192623200
2020-06-25,88.31204223632812,88.35077222840137,86.55229115838318,87.30993046927401,137522400
2020-06-26,85.5986099243164,88.42825657527817,85.45095132716905,88.20798383985682,205256800
2020-06-29,87.57138061523438,87.66578639039905,85.02978213117639,85.5066347136651,130646000
2020-06-30,88.30237579345703,88.58800861953088,87.1405053436716,87.1598666501381,140223200
2020-07-01,88.13536834716797,88.9220535759505,88.08696138066959,88.37984827441205,110737200
2020-07-02,88.13536834716797,89.67485466688348,88.02160865174983,89.04066652590694,114041600
2020-07-06,90.49301147460938,90.96017971455592,89.52962194946613,89.56109054157537,118655600
2020-07-07,90.21221923828125,91.6476154008952,90.10087509241899,90.87061453958542,112424400
2020-07-08,92.3132553100586,92.344723894615,91.1005476599512,91.1876920007991,117092000
2020-07-09,92.71024322509766,93.2572869587544,91.66455533300416,93.20403412942578,125642800
2020-07-10,92.87242126464844,92.93051996359854,91.69602787555728,92.30600881208682,90257200
2020-07-13,92.44398498535156,96.77922651804644,92.23097365442625,94.17469096863013,191649200
2020-07-14,93.97378540039062,94.16500509879575,90.89482027358295,91.82673375082925,170989200
2020-07-15,94.62005615234375,96.09418202713559,93.42429428051739,95.84486367498508,153198000
2020-07-16,93.45576477050781,94.31022548870118,92.8578838224014,93.49449476804814,110577600
2020-07-17,93.2669677734375,94.06091431617955,92.79495374103925,93.90600170117715,92186800
2020-07-20,95.23247528076172,95.37044953138843,93.01039399095433,93.35411815070974,90318000
2020-07-21,93.9181137084961,96.09662665534265,93.66879530005893,96.02158957813295,103433200
2020-07-22,94.18195343017578,94.86213298167614,93.53324246932021,93.62037944003524,89001600
2020-07-23,89.89510345458984,93.99312548879989,89.08663419834281,93.91566549865867,197004400
2020-07-24,89.67242431640625,90.01614846898383,86.31267234298356,88.09663844239333,185438800
2020-07-27,91.7977066040039,91.88968945823548,90.50996880574512,90.73265713883738,121214000
2020-07-28,90.28968811035156,91.5459645894224,90.28484224245163,91.36926031193099,103625600
2020-07-29,92.0203857421875,92.20435141750036,90.73506372270917,90.77137079362801,90329200
2020-07-30,93.13385009765625,93.23793283077006,90.7883172670131,91.1949712384762,158130000
2020-07-31,102.88389587402344,103.03397001244983,97.62157236005555,99.61612680199143,374336800
2020-08-03,105.47632598876953,108.09053834247213,104.4645296144692,104.7622549635953,308151200
2020-08-04,106.18073272705078,107.26998931138203,104.94381752005107,105.66515009521494,173071600
2020-08-05,106.56558990478516,106.88510690463526,105.43760344433963,105.90235611566642,121776800
2020-08-06,110.28356170654297,110.77735994512233,106.30899078686637,106.89718739322298,202428800
2020-08-07,107.77621459960938,110.26177241107233,106.98083639595373,109.80588355038324,198045600
2020-08-10,109.34270477294922,110.35875275642206,106.69710077257369,109.21903076531765,212403600
2020-08-11,106.09087371826172,109.10506522291367,105.83140397675015,108.60795666047292,187902400
2020-08-12,109.6167221069336,109.87376452711321,106.98566715289093,107.17965891895842,165598000
2020-08-13,111.55667114257812,112.55817011651827,110.50667052619417,110.99408465160128,210082000
2020-08-14,111.45724487304688,111.54696624880587,109.65066604650143,111.3820725095563,165565200
2020-08-17,111.166259765625,112.60182410704658,110.54062998121614,112.57757328432733,119561600
2020-08-18,112.09258270263672,112.51694618501556,110.58427334354063,110.91891544512356,105633600
2020-08-19,112.23323059082031,113.64454412496903,112.13866200158594,112.49997484302729,145538000
2020-08-20,114.72362518310547,114.8375973733061,112.2574641314498,112.27444044495672,126907200
2020-08-21,120.6356201171875,121.11817961837231,115.6693525872738,115.6814742972318,338054800
2020-08-24,122.07845306396484,124.91805616382935,120.21610549023623,124.83317459173283,345937600
2020-08-25,121.07693481445312,121.42127865068156,119.35765773569334,120.95326822987052,211495600
2020-08-26,122.7234878540039,123.17937664467517,121.32672345710665,122.39127306939878,163022400
2020-08-27,121.25641632080078,123.65709978806709,120.11426694187719,123.32488497435537,155552400
2020-08-28,121.05998229980469,122.64588380173389,120.83688511649021,122.2287948592591,187630000
2020-08-31,125.16539764404297,127.06655257654671,122.21668415759454,123.74924435405829,225702700
2020-09-01,130.15106201171875,130.75245576113278,126.61066398001222,128.7737011544299,151948100
2020-09-02,127.4544906616211,133.83691700016638,123.18661389571767,133.4586279904641,200119000
2020-09-03,117.25041961669922,124.97140947448622,116.88183227033254,123.09936731503697,257599600
2020-09-04,117.32799530029297,119.98572065509111,107.56036231574582,116.46471946533688,332607200
2020-09-08,109.43241882324219,115.41715402612338,109.29662311428591,110.52848630276392,231366600
2020-09-09,113.79729461669922,115.56264615107492,111.79915150644727,113.73909857280785,176940500
2020-09-10,110.08229064941406,116.88180696925608,109.12201895469966,116.74601127102618,182274400
2020-09-11,108.63705444335938,111.77007275174712,106.6971070425851,111.12988655734183,180860300
2020-09-14,111.89616394042969,112.44904864015743,109.41303369608222,111.27538137934282,140150100
2020-09-15,112.07076263427734,115.26197700807842,110.19871308977739,114.77699015613865,184642000
2020-09-16,108.76314544677734,112.51694623083202,108.6758513682307,111.77006975767836,154679000
2020-09-17,107.02689361572266,108.83104527474275,105.4458391619844,106.42551466292394,178011000
2020-09-18,103.6319808959961,107.5506753180143,102.9045006607274,107.08509211161683,287104900
2020-09-21,106.77471160888672,106.88140931284494,100.00429161371379,101.40105617439414,195713800
2020-09-22,108.4527587890625,109.47123415071694,105.88233436259476,109.29663858587081,183055400
2020-09-23,103.9035873413086,108.74375412227577,103.56409061974239,108.26846907252015,150718700
2020-09-24,104.97056579589844,106.93961142539536,101.847248976567,102.01214274645399,167743300
2020-09-25,108.90863800048828,109.0638373334494,104.43705897382922,105.17424100477153,149981400
2020-09-28,111.50817108154297,111.85736219121794,109.39362820642745,111.55667272467461,137672400
2020-09-29,110.6642837524414,111.84765272079834,110.15990073985728,111.1104781178147,99382200
2020-09-30,112.3326416015625,113.73910777869786,110.2084044241761,110.37329816208843,142675200
2020-10-01,113.28321838378906,114.18529413378772,112.35204460964711,114.10769446919807,116120400
2020-10-02,109.62643432617188,111.90587864952262,108.85045973551675,109.5003403977725,144712000
2020-10-05,113.00191497802734,113.14741248595817,110.14049605673375,110.48968711564349,106243800
2020-10-06,109.7622299194336,112.63335124814374,108.87955028037823,112.2259566607193,161498200
2020-10-07,111.62458038330078,112.08046922763401,110.70310088509402,111.17839334850785,96849000
2020-10-08,111.51786804199219,112.90493061170089,111.1492733309645,112.7594330889432,83477200
2020-10-09,113.45783996582031,113.48693799664116,111.4693906561813,111.81858182665755,100506900
2020-10-12,120.66471862792969,121.42129686008033,115.69845107798898,116.45502931013961,240226800
2020-10-13,117.46380615234375,121.62499394990238,116.05734733652297,121.50859444916024,262330500
2020-10-14,117.55110168457031,119.33584953717633,116.02824344500344,117.36680433445795,150712000
2020-10-15,117.08551025390625,117.56079523723751,114.60238025084043,115.15526489684527,112559200
2020-10-16,115.44627380371094,117.90031363584822,115.24258020189322,117.63841657614508,115393800
2020-10-19,112.49755096435547,116.80422908289772,112.1871596819352,116.35804207693808,120639300
2020-10-20,113.98161315917969,115.4074757022461,112.15805784138063,112.71094256212962,124423700
2020-10-21,113.36083221435547,115.14558032107824,112.95343762450592,113.16683302863848,89946000
2020-10-22,112.27445983886719,114.49570058030427,111.14928675399084,113.92341222842757,101988000
2020-10-23,111.58575439453125,113.05041647874276,110.84857244879218,112.89521716371952,82572600
2020-10-26,111.59546661376953,113.05042702646372,109.49061825916863,110.58669317293085,111850700
2020-10-27,113.09892272949219,113.75850508779021,111.10077943831497,112.02225141814819,92276800
2020-10-28,107.86107635498047,111.96406850952522,107.76408046155812,111.59548115439539,143937800
2020-10-29,111.85735321044922,113.41901126991604,108.83103296967955,108.99593410290058,146129200
2020-10-30,105.59133911132812,108.6273541724171,104.4855696692542,107.72527832227131,190272600
2020-11-02,105.50404357910156,107.35669702970988,104.09758457442842,105.83383850866505,122866900
2020-11-03,107.1239013671875,108.14236934595198,105.46524717293197,106.3673230400161,107624400
2020-11-04,111.49846649169922,112.11924902667879,108.97653651830575,110.71279021468385,138235500
2020-11-05,115.45596313476562,116.02825144019144,113.36082388514865,114.40838980980128,126387100
2020-11-06,115.32478332519531,115.8203179514325,112.837361996159,114.96527127109147,114457900
2020-11-09,113.02197265625,118.53120907039039,112.75963124213385,117.08345719402648,154515300
2020-11-10,112.6819076538086,114.25597110360664,110.89407325748324,112.27381767890381,138023400
2020-11-11,116.10211181640625,116.23814181960135,113.13859256042241,113.86732789743012,112295000
2020-11-12,115.83003234863281,117.11260602974937,115.20817889191434,116.22841115754073,103162300
2020-11-13,115.87863159179688,116.27700303551688,114.52804275815001,116.05352836084144,81581900
2020-11-16,116.88916015625,117.55959167779801,114.80011721095168,115.54828228699445,91183000
2020-11-17,116.00493621826172,117.24864320805052,115.58712770640344,116.16040329852451,74271000
2020-11-18,114.68350982666016,116.42275908285534,114.65436159878705,115.24706694247119,76322100
2020-11-19,115.2762222290039,115.68431227037438,113.49810608907285,114.25598971249795,74113000
2020-11-20,114.0130615234375,115.40251710432108,113.96448361868471,115.27620565626937,73604300
2020-11-23,110.62201690673828,114.2851304944073,110.5248536828197,113.85760341347095,127959300
2020-11-24,111.90458679199219,112.56530706965945,109.39773567263003,110.68031687022992,113874200
2020-11-25,112.740234375,113.43982161301038,111.90461710882988,112.27384782504679,76499200
2020-11-27,113.28433227539062,114.158816151439,112.92482759135008,113.26490259506915,46691300
2020-11-30,115.6745834350586,117.54014397849063,113.49808872130923,113.65355580646789,169410200
2020-12-01,119.24053955078125,119.9692749139944,116.60737666127397,117.57902381222483,127728200
2020-12-02,119.5903091430664,119.87208764992158,117.46239993689542,118.56035832864589,89004200
2020-12-03,119.45428466796875,120.27046459048226,118.74497909552679,120.01783429457547,78967600
2020-12-04,118.78385162353516,119.37655691588907,118.07454601670749,119.12392660773527,78260400
2020-12-07,120.2413330078125,121.038083362331,118.7838623046875,118.84215876062711,86712000
2020-12-08,120.85345458984375,121.43644873670094,119.60002903502645,120.84374345698704,82225500
2020-12-09,118.32717895507812,122.37894545635208,117.5692954268489,120.99920839659741,115089200
2020-12-10,119.74577331542969,120.35791566525569,116.74338766599487,117.08346263085474,81312200
2020-12-11,118.93934631347656,119.27942137660283,117.13208179162801,118.95877599719218,86939800
2020-12-14,118.32717895507812,119.85266455789507,118.09398573402578,119.12392925566253,79184500
2020-12-15,124.25423431396484,124.27367140820184,120.61055751786674,120.81460252887871,157243700
2020-12-16,124.18621826171875,124.73033828648967,122.97165933994127,123.79756533721344,98208600
2020-12-17,125.05099487304688,125.90604917528667,124.40970414636703,125.245321352785,94359800
2020-12-18,123.06881713867188,125.43963827870924,122.54412684965975,125.30360828671483,192541500
2020-12-21,124.59429168701172,124.67202522679207,119.94982017477122,121.47530568083864,121251600
2020-12-22,128.1407928466797,130.59905822032985,125.97400967057341,127.87844404273568,168904800
2020-12-23,127.24694061279297,128.67524854504595,127.07203638412913,128.41291444129263,88223700
2020-12-24,128.22828674316406,129.67604646021374,127.38295839338778,127.59672197110412,54930100
2020-12-28,132.814453125,133.44601785068772,129.72460743607215,130.1910087492954,124486200
2020-12-29,131.0460205078125,134.85487480481046,130.53104880605997,134.1358655444837,121047300
2020-12-30,129.9286346435547,132.13427742745725,129.6177004950943,131.735898609551,96452100
2020-12-31,128.92784118652344,130.9197204767935,127.98534242224186,130.27842990655225,99116600
2021-01-04,125.74087524414062,129.82179076341993,123.16600852724952,129.73434606845893,143301900
2021-01-05,127.29549407958984,128.00480720900393,124.7886425294723,125.23560676408721,97664900
2021-01-06,123.01053619384766,127.33437075749549,122.79677262000745,124.09878374563415,155088000
2021-01-07,127.2080307006836,127.89790663345559,124.23479308365204,124.72061661130184,109578200
2021-01-08,128.30599975585938,128.86955684085643,126.53759495540402,128.67521556411702,105158200
2021-01-11,125.32304382324219,126.47930629071162,124.85665734789745,125.52709624591981,100384500
2021-01-12,125.14814758300781,126.01291289609365,123.26314986487158,124.85665049211372,91951100
2021-01-13,127.17888641357422,127.72300640920702,124.84693933910279,125.10927337732423,88636800
2021-01-14,125.2550277709961,127.28576659581172,125.10927181431389,127.09144014639318,90221800
2021-01-15,123.53522491455078,126.52790008179282,123.39919489904703,125.12872573594878,111598500
2021-01-19,124.20564270019531,125.06069683837403,123.340877429049,124.15705738304294,90757300
2021-01-20,128.2865753173828,128.7335395413519,124.90524730001776,125.01212908230433,104319500
2021-01-21,132.98931884765625,135.70993338633443,129.80231790485385,130.00637029637122,120150900
2021-01-22,135.12698364257812,135.88486727485233,131.19180950505606,132.41607964346215,114459400
2021-01-25,138.86778259277344,140.97625472972098,132.66867020571667,139.01353853335786,157611700
2021-01-26,139.1009979248047,140.20867499016745,137.36174136904043,139.52852500725305,98390600
2021-01-27,138.03219604492188,140.20869106595407,136.42898412808006,139.36334793740457,140843800
2021-01-28,133.20310974121094,137.9641898687069,132.82416793009364,135.56422012291074,142621100
2021-01-29,128.21856689453125,132.86303917443942,126.51818434944722,131.97883669271752,177523800
2021-02-01,130.33676147460938,131.54160940158948,127.21776727973175,129.95781964029345,106239800
2021-02-02,131.1626739501953,132.44524067254102,130.79344323298977,131.88168346118144,83305400
2021-02-03,130.1423797607422,131.92049525214782,129.82173452529324,131.91076929503612,89880900
2021-02-04,133.49461364746094,133.50432478243863,130.7739984115147,132.43552171463995,84183100
2021-02-05,133.08103942871094,133.7232884555335,132.20525610000038,133.6551792335879,75693800
2021-02-08,133.22698974609375,133.27564766652046,131.29051736028654,132.37065786118401,71297200
2021-02-09,132.3511962890625,134.17090160726997,132.19551172596402,132.94478730279516,76774200
2021-02-10,131.74790954589844,133.30487431692404,130.78453592339073,132.80858418639744,73046600
2021-02-11,131.49490356445312,132.72100324758284,130.17148801909838,132.24417927998556,64280000
2021-02-12,131.72840881347656,131.88410821935858,130.0936095966532,130.73585850968206,60145100
2021-02-16,129.60708618164062,132.35121823326722,129.21783758857316,131.8452173347529,80576300
2021-02-17,127.32026672363281,128.66314806479286,125.98712587517291,127.7192408682256,97918500
2021-02-18,126.22068786621094,126.50288006540657,123.98255701846796,125.7243978338029,96856700
2021-02-19,126.37638092041016,127.19379548505816,125.3351725587671,126.7364377000899,87668800
2021-02-22,122.61048889160156,126.2304187991235,122.22124775949521,124.56641277376495,103916400
2021-02-23,122.4742431640625,123.30137584564321,115.20519230196524,120.43073670834654,158273000
2021-02-24,121.97795867919922,122.18230857916163,118.94189453786483,121.57899194807914,111039900
2021-02-25,117.73523712158203,123.05808944115938,117.29734557401017,121.32597453863157,148199500
2021-02-26,117.99798583984375,121.49140765726709,117.93959485190196,119.29220185674814,164560400
2021-03-01,124.3523178100586,124.4885510714253,119.48682297794498,120.42099709481208,116307900
2021-03-02,121.75413513183594,125.25728963208243,121.64709366058169,124.95563135354156,102260900
2021-03-03,118.7764663696289,122.32827934815643,118.56238339310273,121.45248872789318,112966300
2021-03-04,116.89836883544922,120.27502322512267,115.42899483365645,118.47479173492613,178155000
2021-03-05,118.15367889404297,118.65969453198089,114.40724922583529,117.72552038212189,153766600
2021-03-08,113.22978210449219,117.74496014762576,113.0838157930319,117.6768435254983,154376600
2021-03-09,117.83256530761719,118.77647261328785,115.59444185391254,115.8279835568737,129525800
2021-03-10,116.75241088867188,118.88349246045178,116.2366622283132,118.41640913957764,111943300
2021-03-11,118.67914581298828,119.89551948779854,117.99797952475683,119.2435449798976,103026500
2021-03-12,117.77417755126953,117.91041082516712,115.9544870681418,117.16112781873039,88105100
2021-03-15,120.65453338623047,120.66426645422422,117.18057052802266,118.14394380720245,92403800
2021-03-16,122.1920394897461,123.79765430298438,121.36490683570095,122.31853968534864,115227900
2021-03-17,121.40383911132812,122.47424657756945,119.04893377660937,120.71293967926185,111932600
2021-03-18,117.28762817382812,119.86634216018179,117.08327826271949,119.57440947336566,121229700
2021-03-19,116.76213073730469,118.16339547869096,116.46047246487215,116.67455540304563,185549500
2021-03-22,120.07069396972656,120.5377847911862,117.024896545298,117.0930131834112,111912300
2021-03-23,119.24356079101562,120.89782623844285,118.8543196786337,120.0123099463268,95467100
2021-03-24,116.85945892333984,119.59387224546333,116.84000020937296,119.51602254128295,88530500
2021-03-25,117.34602355957031,118.38724678280408,115.79879946642953,116.32427390112565,98844700
2021-03-26,117.94932556152344,118.2120664416162,115.72092802368101,117.1124598512715,94071200
2021-03-29,118.12449645996094,119.28248673827066,117.48225492917581,118.3775042989523,80819200
2021-03-30,116.674560546875,117.16111000084517,115.66253679171842,116.87891042664381,85671900
2021-03-31,118.86405944824219,120.19720049628938,117.8909603245139,118.37750988637804,118323800
2021-04-01,119.69116973876953,120.83942678607517,119.19488720011346,120.33341860340158,75089100
2021-04-05,122.51315307617188,122.76616086910339,119.75928140554619,120.53776349572522,88651200
2021-04-06,122.8148193359375,123.71006860087718,122.26988629191437,123.09701892635115,80171300
2021-04-07,124.4593734741211,124.47883218903853,121.77361794195266,122.44505868103397,83466700
2021-04-08,126.85321807861328,126.88240986807646,125.06271903272915,125.48114458057893,88844600
2021-04-09,129.42218017578125,129.46109760648577,125.9871415439433,126.30826602843275,106686700
2021-04-12,127.70948028564453,129.27616980561928,127.11588947749738,128.9550454489192,91420000
2021-04-13,130.81370544433594,131.03752892907758,128.380957683949,128.87724772998885,91266500
2021-04-14,128.47825622558594,131.36836136344672,128.11821435701262,131.3099778007929,87222800
2021-04-15,130.8818359375,131.36838551347583,130.04497007288896,130.22013564136392,89347100
2021-04-16,130.5509490966797,131.0472241792983,129.6946173321828,130.68718234573052,84922400
2021-04-19,131.21267700195312,131.82573417670255,129.75302837507442,129.91845343765638,94264200
2021-04-20,129.5291748046875,131.88407199058656,128.26414346394938,131.3877969750169,94812300
2021-04-21,129.9087371826172,130.15201197134868,127.76792201144299,128.79940473993418,68847100
2021-04-22,128.39071655273438,130.54125756563838,127.87497514158638,129.46111681150813,84566500
2021-04-23,130.70668029785156,131.48514771146148,128.60478264515086,128.60478264515086,78657500
2021-04-26,131.09588623046875,131.42673629598994,129.96708793224363,131.20292770440926,66905100
2021-04-27,130.77481079101562,131.76737620766062,130.50234418226077,131.37812758921328,66015800
2021-04-28,129.98658752441406,131.38785269000346,129.5000379446019,130.69694575341165,107760100
2021-04-29,129.88922119140625,133.38265710155315,128.88693063436986,132.79879189335512,151101000
2021-04-30,127.92362976074219,129.96712921001927,127.54412165956818,128.2350137894491,109839500
2021-05-03,128.9745330810547,130.46338819019584,128.28364111599663,128.48798358801744,75135100
2021-05-04,124.41070556640625,127.95279275381809,123.29164023246338,127.66086008438737,137564700
2021-05-05,124.65399169921875,126.94076551104096,124.5274840738415,125.72439172337612,84000900
2021-05-06,126.2498550415039,126.25958068498952,123.71005892640017,124.44961615985031,78128300
2021-05-07,126.92243957519531,127.9459170756659,126.21086004578889,127.54628013792039,78973300
2021-05-10,123.64727783203125,126.26935540308767,123.60828686336556,126.14264776926625,88071200
2021-05-11,122.73102569580078,123.08192956770212,119.67029762868589,120.38186984814409,126142800
2021-05-12,119.6702880859375,121.4930768252382,119.16342036759427,120.28438654552215,112172300
2021-05-13,121.81472778320312,122.9649351494112,121.1226549308662,121.43457519440912,105861300
2021-05-14,124.23211669921875,124.66100988052594,122.67251527187383,123.06241748790161,81918000
2021-05-17,123.08192443847656,123.72526428981506,122.00969878967952,123.61804098125864,74244600
2021-05-18,121.69776916503906,123.78373756646234,121.62953683178752,123.36459396598383,63342900
2021-05-19,121.54183197021484,121.76602077062454,119.75803398561095,120.0504625668393,92612000
2021-05-20,124.09567260742188,124.49532449020155,121.94147161685788,122.06819413421118,76857100
2021-05-21,122.26313781738281,124.76825004025154,122.04869119774337,124.59279439116175,79295400
2021-05-24,123.8909683227539,124.70976380781524,122.76025995557121,122.82849229292907,63092900
2021-05-25,123.69601440429688,125.08016771850949,123.13065653206684,124.59278434432386,72009500
2021-05-26,123.64727783203125,124.17364475386753,123.22813421483384,123.75450113667013,56575900
2021-05-27,122.1169204711914,124.41733561849655,121.92197306010468,123.24763627844212,94625600
2021-05-28,121.46383666992188,122.62379382802953,121.4053539348129,122.39959761550023,71311100
2021-06-01,121.14215850830078,122.1851426884376,120.81074644955004,121.92196296159237,67637100
2021-06-02,121.90247344970703,122.07792909380578,120.91797935921073,121.14216813753484,59278900
2021-06-03,120.42083740234375,121.69775987143738,120.02118559755706,121.5320538514475,76229200
2021-06-04,122.7115249633789,122.97471215998662,120.72303005127523,120.93747667465416,75169300
2021-06-07,122.72126007080078,123.13065406520676,121.67827588309044,122.98443979955707,71057600
2021-06-08,123.5400619506836,125.21664395698274,123.02344459916287,123.40359727053726,74403800
2021-06-09,123.92020416259766,124.52455300706954,123.32560491924683,123.99818609803275,56877900
2021-06-10,122.92596435546875,124.95345011953233,122.76025831506651,123.81298472926724,71186400
2021-06-11,124.13465881347656,124.22239035571975,122.91621888119515,123.33536251537065,53522400
2021-06-14,127.18562316894531,127.24410590291394,123.8617230721818,124.59278699385679,96906500
2021-06-15,126.3668212890625,127.30258955054586,126.1231333418934,126.6592498003718,62746300
2021-06-16,126.86395263671875,127.58527439037435,125.2166344350542,127.07839924257492,91815000
2021-06-17,128.4625701904297,129.20339129093645,126.37660133235921,126.52282306860805,96721700
2021-06-18,127.16613006591797,128.1896075868194,126.95168347380675,127.40981802299594,108953300
2021-06-21,128.95968627929688,129.06690958900398,125.9477063159808,127.01018237446559,79663300
2021-06-22,130.59725952148438,130.69474066397615,128.29684436989922,128.7939773736595,74783600
2021-06-23,130.32431030273438,130.9286665216875,129.8661757752273,130.39255006678223,60214200
2021-06-24,130.0416259765625,131.240566385548,129.57373445842103,131.05536118547494,68711000
2021-06-25,129.7491912841797,130.50949637284592,129.4567628177243,130.09036030729925,70783700
2021-06-28,131.37705993652344,131.83519451956099,129.98317185834844,130.04165459260284,62111300
2021-06-29,132.88792419433594,133.0438880631515,130.9579196567259,131.3965550234282,64556100
2021-06-30,133.50201416015625,133.94064949902392,132.43952338561445,132.73195190270366,63261400
2021-07-01,133.80419921875,133.86268195374564,132.3323143115352,133.15111722207564,52485800
2021-07-02,136.4263153076172,136.46529884864614,134.27210654572147,134.41831341650158,78852600
2021-07-06,138.4342498779297,139.53570925876045,136.53348691022637,136.53348691022637,108181800
2021-07-07,140.9198760986328,141.231788943126,139.05809657469072,139.91586805219615,104911600
2021-07-08,139.62350463867188,140.42279367497855,137.11838445022283,138.00541248474633,105575500
2021-07-09,141.4462890625,141.97264869395812,139.04839216165382,139.14587332881246,99890800
2021-07-12,140.8516082763672,142.62566335381342,140.36423246918253,142.5184400812916,76299700
2021-07-13,141.96286010742188,143.7369156295679,140.00361422588887,140.39350901995923,100827100
2021-07-14,145.38426208496094,145.79367103404422,143.95137538377713,144.36078433286042,127050800
2021-07-15,144.73117065429688,146.21279783696795,143.3762659892824,145.47199168239987,106820300
2021-07-16,142.69390869140625,145.9788173432772,142.19679065127386,144.7116519617399,93251400
2021-07-19,138.85342407226562,140.43253247911716,138.09311867670348,140.12060468938105,121434600
2021-07-20,142.45997619628906,143.3860023478585,139.35053030452949,139.83790622702588,96350000
2021-07-21,141.72889709472656,142.4404765741107,140.97834896361408,141.8556195804996,74993500
2021-07-22,143.09356689453125,144.45821346206498,142.1285572602189,142.25527975346566,77338200
2021-07-23,144.80911254882812,144.96507639303513,143.2105203295334,143.82461867014172,71447400
2021-07-26,145.22830200195312,146.04709009069717,143.97086362595675,144.52647939059113,72434100
2021-07-27,143.0643768310547,145.44277445035308,141.87517802140547,145.35503545320321,104818600
2021-07-28,141.31954956054688,143.2593115153304,138.94115215326465,141.1538434950934,118931200
2021-07-29,141.96286010742188,142.8498878684949,140.92962551695572,141.03684881635502,56699500
2021-07-30,142.1772918701172,142.63542638578699,140.4714762953773,140.73466343435456,70440600
2021-08-02,141.8459014892578,143.2397895751834,141.582714310116,142.6646895204393,62880000
2021-08-03,143.63943481445312,144.30225894055675,141.51446802349406,142.12856645538005,64786600
2021-08-04,143.23980712890625,144.05859526042843,142.58672505684436,143.55173491626834,56368300
2021-08-05,143.3470001220703,144.10730535100612,142.47947159810346,143.2690181917266,46397700
2021-08-06,142.66368103027344,143.61060825982952,142.16581806356817,142.86869219057516,54126800
2021-08-09,142.6148681640625,143.21035833317768,142.05843483321482,142.72225212556916,48908700
2021-08-10,142.13653564453125,144.196344465899,141.84366893661831,142.9565505100319,69023100
2021-08-11,142.39031982421875,143.22986295766566,142.0681679932176,142.57580253562702,48493500
2021-08-12,145.34825134277344,145.50444888855472,142.37080079552103,142.7124810649403,72282600
2021-08-13,145.55325317382812,145.88516176552068,144.74299521470792,145.42634081402107,59375000
2021-08-16,147.5251922607422,147.59353426907154,142.9858112009547,145.0065628373872,103296000
2021-08-17,146.61734008789062,148.07188700426227,145.5435005089824,146.6563820290242,92229700
2021-08-18,142.8784637451172,147.13475089008148,142.67345256358962,146.23663716721276,86326000
2021-08-19,143.21034240722656,144.4794213850425,141.0626783117476,141.5800696426097,86960300
2021-08-20,144.66494750976562,144.96757103229274,143.2884841694112,143.93278806010758,60549600
2021-08-23,146.14874267578125,146.6173203855108,144.3720292286724,144.78203658666285,60131800
2021-08-24,146.0609130859375,147.2714219782902,145.602092007955,145.89495874434272,48606400
2021-08-25,144.8308563232422,146.74423897086186,144.28417982272728,146.24636116832204,58991300
2021-08-26,144.03036499023438,145.57278230599707,144.00107981111,144.82110951404735,48597200
2021-08-27,145.06515502929688,145.21158091727293,143.33725507209095,143.97178711441077,55802400
2021-08-30,149.47760009765625,149.8388087234133,145.07488865020937,145.45561079403902,90956700
2021-08-31,148.2183074951172,149.16523456794167,147.69114453920625,149.02856544896787,86453100
2021-09-01,148.88214111328125,151.29338682527435,148.71618680019012,149.19453621732464,80313700
2021-09-02,149.9949951171875,151.03954929712242,148.77472989529102,150.20976298790652,71115500
2021-09-03,150.62954711914062,150.9516989362315,149.44832378980732,150.10238418360416,57808700
2021-09-07,152.9626922607422,153.5191254698615,150.71740121777114,151.2836060822293,82278300
2021-09-08,151.42030334472656,153.3043860941943,150.31717858511598,153.24581573453693,74420200
2021-09-09,150.40505981445312,152.3965266648195,150.28790419091163,151.79127971049815,57305700
2021-09-10,145.4263458251953,151.78148246152148,145.16276433644302,151.3129047338198,140893200
2021-09-13,145.99256896972656,147.818081410703,145.21159606216116,147.04688016056696,102404300
2021-09-14,144.59657287597656,147.4764113119793,143.41536423851278,146.77353720711707,109296300
2021-09-15,145.48495483398438,145.88520555365383,142.88822588135704,145.02613374476746,83281300
2021-09-16,145.2506561279297,145.4263821295721,143.71801019803328,144.9089906791146,68034100
2021-09-17,142.5855712890625,145.27992686740734,142.29270460935308,145.27992686740734,129868800
2021-09-20,139.539794921875,141.3945924183066,137.90952209387459,140.37933813407227,123478900
2021-09-21,140.0181427001953,141.16032435989862,139.38361057442205,140.50624891873463,75834000
2021-09-22,142.38058471679688,142.94677480134484,140.28171911608493,141.01387841720836,76404300
2021-09-23,143.33724975585938,143.5813028239796,142.17555476827644,143.1615238009879,64838200
2021-09-24,143.4250946044922,143.96201429353556,142.09744541695585,142.19507259526048,53477900
2021-09-27,141.91200256347656,142.48797924389808,140.39888514559524,142.00962976919416,74150700
2021-09-28,138.53427124023438,141.30671020043195,138.3195033733077,139.84239196001295,108972300
2021-09-29,139.4324188232422,141.013878143942,138.65144592439347,139.08098176355122,74602000
2021-09-30,138.13401794433594,140.94551367693097,137.91925008166186,140.2426397437822,89056700
2021-10-01,139.25669860839844,139.52028013802934,135.80091312494108,138.52453927839463,94639600
2021-10-04,135.8301544189453,138.82713279141288,134.980854637217,138.38782541869764,98322000
2021-10-05,137.75331115722656,138.8564357660988,136.04493972017434,136.17185207930245,80861100
2021-10-06,138.62216186523438,138.76858776803195,135.07850605934124,136.15234566592073,83221100
2021-10-07,139.88148498535156,140.7893703718494,139.32505159657362,139.65696027730579,61732700
2021-10-08,139.50071716308594,140.7502675851044,139.16880859069704,140.60384171370225,58773200
2021-10-11,139.4128875732422,141.36531233280488,138.43667519346084,138.88573944232053,64452200
2021-10-12,138.14378356933594,139.84239816609858,137.68496264197734,139.82286975119803,73035900
2021-10-13,137.55804443359375,138.03637880787855,135.88871526309754,137.88019619968298,78762700
2021-10-14,140.3402862548828,140.45744186952987,138.1438084019397,138.72954178771872,69907100
2021-10-15,141.39456176757812,141.45313211222725,140.09619784320086,140.3500225311004,67940300
2021-10-18,143.06396484375,143.34705995414433,139.75460460218306,140.03769971257742,85589200
2021-10-19,145.22132873535156,145.62157933226285,143.06390800766076,143.51295730034732,76378900
2021-10-20,145.7094268798828,146.1877762179813,144.5965455732881,145.1627504339508,58418800
2021-10-21,145.92422485351562,146.0804224119474,144.35252229936606,145.27016433537898,61421000
2021-10-22,145.1529998779297,146.60754657748723,145.10418628692474,146.129212114762,58883400
2021-10-25,145.10421752929688,145.8168484447923,144.1084766625064,145.14325947301697,50720600
2021-10-26,145.76806640625,147.25189877039264,145.46542800058126,145.77782316934065,60893400
2021-10-27,145.30923461914062,146.1682914783705,144.95779752805828,145.80709762491546,56094900
2021-10-28,148.9407196044922,149.52643805425132,146.1585085567286,146.256135746264,100077900
2021-10-29,146.23660278320312,146.37327190681347,142.92724374395107,143.7179733088264,124953200
2021-11-01,145.41659545898438,146.1389830509936,144.28418557941234,145.44588063726485,74588300
2021-11-02,146.45138549804688,147.96451766703325,145.11396440756303,145.12373606469237,69122000
2021-11-03,147.8863983154297,148.35497602206758,146.25612565424197,146.8125588879088,54511500
2021-11-04,147.36903381347656,148.80405236999567,147.05663868837075,147.9742807485948,60394600
2021-11-05,147.89695739746094,148.7963818494452,146.70423879606528,148.49331669815876,65463900
2021-11-08,147.0757293701172,148.18046407919945,146.80199217243356,148.02403856122066,55020900
2021-11-09,147.43740844726562,148.04353851031115,146.70418082227025,146.84104938223388,56787900
2021-11-10,144.61204528808594,146.77262935345158,144.54361846371455,146.6650887001066,65187100
2021-11-11,144.5631866455078,146.0882980655143,144.37743321812488,145.62882237351127,41000000
2021-11-12,146.6357879638672,147.03660782102534,144.18190939663026,145.11066161989166,63804000
2021-11-15,146.6455841064453,148.48354686753203,146.08832372641191,147.00730510695527,59222800
2021-11-16,147.62318420410156,148.1022316953491,146.00030323462437,146.58689139053743,59256200
2021-11-17,150.05751037597656,151.53373689410836,147.61341784542643,147.62318884522813,88807000
2021-11-18,154.3395538330078,155.12166644396783,149.62735108476016,150.27259510761894,137827700
2021-11-19,156.9595947265625,157.41908522622177,153.0294905259347,154.12443899275476,117305600
2021-11-22,157.4191131591797,161.9944471367291,157.39955624235793,158.06434223873075,117467900
2021-11-23,157.80039978027344,158.18167763297342,155.5029467463392,157.51687668201387,96041900
2021-11-24,158.31854248046875,158.5140669022848,156.0699743356913,157.1551520319611,69463600
2021-11-26,153.30328369140625,156.8618824271744,152.8633499442556,156.00157185337474,76959800
2021-11-29,156.65658569335938,157.5853380225465,155.23899986098183,155.80603121042097,88748200
2021-11-30,161.60340881347656,161.8184901598309,156.34371666317804,156.41215841772612,174048100
2021-12-01,161.08526611328125,166.49159798116264,160.85062784337472,163.7346542506034,152052500
2021-12-02,160.0978240966797,160.52798674829987,154.27111613625055,155.19009727061072,136739200
2021-12-03,158.2207794189453,161.27101721338744,156.14819360952984,160.35203598315746,118023100
2021-12-06,161.62298583984375,164.12573463510114,160.60623481829575,160.61600581977925,107497000
2021-12-07,167.35191345214844,167.7429772469704,164.57542763792551,165.2988844701773,120405400
2021-12-08,171.16468811035156,172.02501344578044,166.8826332677211,168.280661937793,116998900
2021-12-09,170.65631103515625,172.7973384356804,170.03062395661757,170.9984899495763,108923700
2021-12-10,175.43699645996094,175.61297891700764,170.78344865474102,171.29182418696914,115402700
2021-12-13,171.80995178222656,178.05705234389498,171.60464142456377,177.06962931153166,153237000
2021-12-14,170.43148803710938,173.76523433574428,168.3589020297747,171.33091243496327,139380400
2021-12-15,175.2903289794922,175.48585340924998,168.4566405154073,171.19402728468987,131063300
2021-12-16,168.4077606201172,177.08918279763162,166.93153397693786,175.27077720416733,150185800
2021-12-17,167.3127899169922,169.59068583995455,165.89521929851176,166.12984262332955,195432700
2021-12-20,165.95388793945312,166.76532847471316,163.71510567618958,164.51676029378936,107499100
2021-12-21,169.12144470214844,169.3267401361631,165.3379790393109,167.72341591348743,91185900
2021-12-22,171.71217346191406,171.9272548095711,168.300214735498,169.17031112645324,92135300
2021-12-23,172.33786010742188,172.89512039322665,171.35045204505695,171.9174833311616,68356600
2021-12-27,176.29727172851562,176.38525547317582,173.11018066452525,173.1297226627458,74919600
2021-12-28,175.2805938720703,177.27498241938508,174.5375948565864,176.13114851029079,79144300
2021-12-29,175.3685302734375,176.59057652650236,174.1562550200767,175.31964543980357,62348900
2021-12-30,174.2149200439453,176.53193000592643,174.10737937130014,175.45652327947462,59773000
2021-12-31,173.59902954101562,175.2218958133562,173.29594950484335,174.1073900997929,64062300
2022-01-03,177.939697265625,178.7902515625947,173.73587028238754,173.85318194367048,104487900
2022-01-04,175.68138122558594,178.84893075193062,175.1143499260673,178.54586564233023,99310400
2022-01-05,171.00830078125,176.1408961877194,170.73456355297643,175.59342173117227,94537600
2022-01-06,168.15357971191406,171.3797850968752,167.80162976232634,168.83792269234627,96904000
2022-01-07,168.31976318359375,170.2457092977057,167.2052575825263,169.0236630282213,86709100
2022-01-10,168.33932495117188,168.64239004792708,164.40921985835627,165.2988731483881,106765600
2022-01-11,171.16468811035156,171.26244286002324,166.99995985190662,168.46641535499305,76138300
2022-01-12,171.6046600341797,173.2177554801649,170.91054596180936,172.18146241376857,74805200
2022-01-13,168.33932495117188,172.6702498945838,167.94826118313497,171.8490383580425,84505800
2022-01-14,169.19967651367188,169.8937905683483,167.2639441267619,167.508353425533,80440800
2022-01-18,166.00279235839844,168.68150862321704,165.62151446360372,167.6745435442064,90956700
2022-01-19,162.5126190185547,167.25416515581253,162.22911080921511,166.19831524532339,94815000
2022-01-20,160.83106994628906,165.8854518373375,160.50844792121475,163.24583471657064,91420500
2022-01-21,158.778076171875,162.61041256635795,158.67053547305395,160.74312175844747,122848900
2022-01-24,158.0056915283203,158.67049246380245,151.2404450916643,156.44148123567246,162294600
2022-01-25,156.20684814453125,159.1202024043847,153.5085752311325,155.4247355135648,115798400
2022-01-26,156.11886596679688,160.7137572085088,154.29068942101793,159.84366081362626,108275300
2022-01-27,155.65936279296875,160.17604091465265,154.7403816352541,158.817126094803,121954600
2022-01-28,166.5209503173828,166.54050723879885,159.15934320684596,162.00427111169125,179935700
2022-01-31,170.8714141845703,171.0864955438015,165.71926239899202,166.35473547583268,115541600
2022-02-01,170.7052001953125,170.93005253238587,168.4566320719076,170.1186120178827,86213900
2022-02-02,171.90769958496094,171.94681342176997,169.45383589849953,170.84207875406224,84914300
2022-02-03,169.033447265625,172.29876649074853,168.27089152715305,170.57811566132818,89418100
2022-02-04,168.7495574951172,170.42345318106436,167.07566180917001,168.05454433189513,82465400
2022-02-07,168.03500366210938,170.2766384169295,167.33999039041194,169.20965988540354,77251200
2022-02-08,171.1380615234375,171.64708470161528,167.8098514342005,168.10351922686326,74829200
2022-02-09,172.55743408203125,172.91961588647231,171.20657123174874,172.3322952525055,71285000
2022-02-10,168.4852752685547,171.7743215374217,167.92731993059743,170.4626223841964,90865900
2022-02-11,165.07875061035156,169.4249914689082,164.4914151129285,168.69082956541044,98670700
2022-02-14,165.31370544433594,165.99892030677,163.04269054419584,163.83558309476697,86185500
2022-02-15,169.14112854003906,169.29775335068365,166.65477315145358,167.35956986279012,62527400
2022-02-16,168.90625,169.6795609308949,166.4590427120735,168.22103494669418,61177400
2022-02-17,165.31370544433594,168.27971865617212,164.91235997613748,167.4182971510757,69589300
2022-02-18,163.76710510253906,166.93867600251053,162.68054453288332,166.23389408651346,82772700
2022-02-22,160.84999084472656,163.16993775264925,158.72580252665216,161.4960419882263,91162800
2022-02-23,156.68975830078125,162.6413518716535,156.37650867254357,162.04423283731927,90009200
2022-02-24,159.30337524414062,159.4110529381091,148.7901697172211,149.3579234730035,141147500
2022-02-25,161.36880493164062,161.6330924831591,157.47284137265066,160.38012393186045,91974200
2022-02-28,161.63311767578125,161.92678549313706,158.99992064321486,159.61662156600548,95056600
2022-03-01,159.75364685058594,163.0818568508139,158.5496253630897,161.22197083806662,83474400
2022-03-02,163.04269409179688,163.82580321014547,159.50892707803538,160.91852050375005,79724800
2022-03-03,162.7196807861328,165.34309441078548,162.05404766344782,164.91238359654656,76678400
2022-03-04,159.72430419921875,162.05405003585454,158.67690737340956,161.01643666085187,83737200
2022-03-07,155.93600463867188,161.53521443024337,155.68148559760553,159.91026569329455,96418800
2022-03-08,154.11529541015625,159.44041971330986,152.50992837199067,155.4661583222758,131148300
2022-03-09,159.5089569091797,159.95924959082657,156.04371820337047,158.0699979293642,91454900
2022-03-10,155.1724853515625,157.0029911685478,152.6861150001443,156.81700107101284,105342000
2022-03-11,151.46250915527344,155.91642822664025,151.23737032666907,155.57381332247203,96970100
2022-03-14,147.43927001953125,150.86535859871933,146.93026189923282,148.25174424641173,108732100
2022-03-15,151.8148956298828,152.28477002224423,147.2043670461277,147.71337523300835,92964300
2022-03-16,156.2198944091797,156.6212399212536,151.19823606106897,153.73353879751855,102300200
2022-03-17,157.22811889648438,157.60009906528276,154.30126947324382,155.2605702418383,75615400
2022-03-18,160.51719665527344,161.00663805311925,156.3863100625295,157.12047215929823,123511700
2022-03-21,161.88763427734375,162.8371517415441,159.5676719986422,160.0571133745572,95811400
2022-03-22,165.25494384765625,165.842264360941,161.42750984935597,162.01483036264074,81532000
2022-03-23,166.6156005859375,168.9942779440516,164.1096487837443,164.44248019289995,98062700
2022-03-24,170.3941192626953,170.46263328488442,166.61563143205333,167.4476727675763,90131400
2022-03-25,171.0303955078125,171.57856745870845,169.10199529276142,170.20813758146855,80546200
2022-03-28,171.89178466796875,172.019029244763,168.36780145361686,168.53420969754978,90371900
2022-03-29,175.18081665039062,175.2297488255487,172.6161343745908,172.95874922006587,100589400
2022-03-30,174.01597595214844,175.81711647524634,172.96856432856262,174.77950323773482,92633200
2022-03-31,170.92271423339844,174.27049138056105,170.7171422878286,174.0845012718467,103049300
2022-04-01,170.62901306152344,171.18698327855927,168.30906622272897,170.35492714540266,78751300
2022-04-04,174.6718292236328,174.72077634534207,170.75629847192283,170.88355800105404,76468400
2022-04-05,171.36318969726562,174.53477477488693,170.73670541562527,173.7516656886956,73401800
2022-04-06,168.201416015625,169.9634078617043,166.537318414103,168.7202226513366,89058800
2022-04-07,168.50485229492188,169.69909027693134,166.26321768469555,167.5455515170426,77594700
2022-04-08,166.49815368652344,168.15246782773184,165.62694868711696,168.15246782773184,76575500
2022-04-11,162.24978637695312,165.46052001953282,162.0050657338506,165.1472853633742,72246700
2022-04-12,164.1194610595703,166.28278325109693,163.1209966207163,164.47185939466212,79265200
2022-04-13,166.80160522460938,167.42808955183875,163.24827119923606,163.85517369033073,70618900
2022-04-14,161.79949951171875,167.65322825491936,161.55477886000992,167.01694559853848,75329400
2022-04-18,161.5841827392578,163.08187215208477,160.1158586140106,160.45845861462905,69023900
2022-04-19,163.86495971679688,164.27610359926777,160.44866861751814,161.53522902332887,67723800
2022-04-20,163.6985626220703,165.3137281661249,162.59243524088046,165.1962520760154,67929800
2022-04-21,162.90565490722656,167.90774603308134,162.4064301142371,165.34307817395856,87227800
2022-04-22,158.3734130859375,164.32502122927878,158.08954369720692,162.94480808191494,84882400
2022-04-25,159.44041442871094,159.7242838315626,155.11375480994548,157.71757136622622,96046400
2022-04-26,153.4888153076172,158.91181906878418,153.4105028966986,158.82372320771267,95623200
2022-04-27,153.263671875,156.41566043489684,152.09879906936447,152.61760570667977,88063200
2022-04-28,160.18435668945312,161.04577820352466,155.57381282317428,155.88706244158715,130216800
2022-04-29,154.32081604003906,162.69026417943107,153.92926902509257,158.4223359956449,131747600
2022-05-02,154.62429809570312,154.88858563658798,150.0333364297974,153.40069487713816,123055300
2022-05-03,156.11221313476562,157.31624964341847,153.01895506893698,154.81029731534235,88966500
2022-05-04,162.5141143798828,162.96439206944154,155.89685759161674,156.29820309411934,108256500
2022-05-05,153.4593963623047,160.6150242386814,151.67782324411957,160.38988547136523,130525300
2022-05-06,154.18487548828125,156.3023722983105,151.14587460582203,152.93986371222095,116124600
2022-05-09,149.06759643554688,152.76341048572758,148.50882129057032,151.8811126841976,131577900
2022-05-10,151.46934509277344,153.6554710112095,149.92043660074285,152.4594785674708,115366700
2022-05-11,143.61700439453125,152.39087300235883,142.9405806152843,150.47925033829725,142689800
2022-05-12,139.75454711914062,143.32291464808353,136.06854586723028,139.9604210928437,182602000
2022-05-13,144.21499633789062,145.18551933414366,140.29371306035543,141.74458368466105,113990900
2022-05-16,142.6759033203125,144.616949555646,141.34266624082053,142.68571610317943,86643800
2022-05-17,146.30311584472656,146.82268479374127,143.79348144376362,145.9305890667493,78336300
2022-05-18,138.04879760742188,144.46008977155722,137.14688920750964,143.9601314929513,109742900
2022-05-19,134.6470947265625,138.87227582415818,133.91185397987616,137.1273056487035,136095600
2022-05-20,134.88235473632812,137.93115346240322,130.00036063657,136.3528361484188,137426100
2022-05-23,140.29371643066406,140.4407585737006,134.941158046499,135.07840236616943,117726300
2022-05-24,137.5978546142578,139.17617200488684,134.62748321427134,138.03899606760518,104132700
2022-05-25,137.75469970703125,138.99969650386015,135.61759232548434,135.7058176181396,92482700
2022-05-26,140.9505157470703,141.49949297179577,134.4411865880973,134.68626677474316,90601500
2022-05-27,146.69520568847656,146.73441193920726,142.4013957458045,142.5288422380691,90978500
2022-05-31,145.9109649658203,147.69515625482543,143.95032308788612,146.13644955191023,103718400
2022-06-01,145.7835235595703,148.75389460714223,144.7737792988703,146.95009283292427,74286600
2022-06-02,148.23431396484375,148.29313081917098,143.96991252402043,144.920824891666,72348100
2022-06-03,142.51905822753906,145.05808578629097,141.6171647882395,144.0091352358549,88570300
2022-06-06,143.26409912109375,145.64628674294468,142.04849579123675,144.13658414441952,71598400
2022-06-07,145.7835235595703,146.06781003090646,141.26424373812605,141.50932395629872,67808200
2022-06-08,145.0482635498047,146.92066479832334,144.5581031788664,145.6560576230458,53950200
2022-06-09,139.83299255371094,145.0384948829892,139.72515664096548,144.18562036487367,69473000
2022-06-10,134.431396484375,137.98995082700978,134.36276684809005,137.51940103001422,91437900
2022-06-13,129.2847137451172,132.53937106937602,128.85337019356888,130.25522177759234,122207100
2022-06-14,130.14739990234375,131.25516732822615,128.89259032192393,130.5101288143863,84784300
2022-06-15,132.76487731933594,134.63729418113485,129.55923814253225,131.64731188113106,91533000
2022-06-16,127.50053405761719,129.7846835531672,126.50060254968962,129.4807864670593,108123900
2022-06-17,128.97103881835938,130.46113104749855,127.25547692933145,127.51036998343507,134520300
2022-06-21,133.1962127685547,134.36279718069025,130.69640612370614,130.79442925101708,81000500
2022-06-22,132.6864471435547,135.04900927487205,131.2747825760473,132.13745484401576,73409200
2022-06-23,135.54898071289062,135.86267563561398,132.96093402675356,134.1275183400123,72433800
2022-06-24,138.8722686767578,139.1173489130396,137.01946268880786,137.14689423988725,89116800
2022-06-27,138.8722686767578,140.6662578013618,138.19584483125837,139.89179587794544,70207900
2022-06-28,134.73532104492188,140.59763645444562,134.61768731128618,139.33302894232776,67083400
2022-06-29,136.49009704589844,137.90176176618252,133.9804775247322,134.75493953918553,66242400
2022-06-30,134.02943420410156,135.6469572176439,131.13749141338678,134.54900292765177,98964500
2022-07-01,136.19598388671875,136.3038197907336,132.9903451154339,133.36285690870372,71051600
2022-07-05,138.77420043945312,138.82321946775843,134.23531066321448,135.05879144662464,73353800
2022-07-06,140.1074676513672,141.28384979355582,138.30368070277723,138.5683715462856,74064300
2022-07-07,143.46998596191406,143.66604717243726,140.4603932776671,140.47019110271424,66253700
2022-07-08,144.14639282226562,144.64636610420064,142.1465445700594,142.40142264422443,64547800
2022-07-11,142.01905822753906,143.75423009408246,140.95051223046443,142.80331779694055,63141600
2022-07-12,142.9895782470703,145.5286052761855,142.19552087150592,142.89154019342988,77588800
2022-07-13,142.62689208984375,143.56799177024092,139.3232005090592,140.17608985764943,71185600
2022-07-14,145.5482177734375,146.01876752832248,140.43094244372892,141.2446104323155,78140700
2022-07-15,147.21478271484375,147.8912065060331,145.2835494113212,146.83245817528143,76259900
2022-07-18,144.17578125,148.58722466683977,143.81305239727462,147.77355664160174,81420900
2022-07-19,148.0284423828125,148.25391198084102,144.01893385798232,145.0090524915063,82982400
2022-07-20,150.02828979492188,150.6949157224323,147.41083503397257,148.1460756395822,64823400
2022-07-21,152.29286193847656,152.50853373902038,148.94996398855773,151.45958316742,65086600
2022-07-22,151.05764770507812,153.20455292364784,150.3910366563313,152.33206789895848,66675400
2022-07-25,149.94007873535156,151.9889458272938,149.28326552705713,150.97921649648936,53623900
2022-07-26,148.61663818359375,150.0773065915356,147.83237855759032,149.2636385384265,55138700
2022-07-27,153.70448303222656,154.2338646113094,149.1656081545016,149.57734107239523,78620700
2022-07-28,154.2534942626953,154.53778073211737,151.37134852302864,153.8907653704556,81378700
2022-07-29,159.3119354248047,160.409904944982,156.36117506106663,158.0669387195233,101786900
2022-08-01,158.3316192626953,160.3706884793457,157.72382510643268,157.84145882480365,67829400
2022-08-02,156.8611297607422,159.2139087149108,156.48861801917639,156.94937000342367,59907000
2022-08-03,162.8607177734375,163.311657015849,157.58658648416494,157.67481177613547,82507500
2022-08-04,162.54701232910156,163.89986001020398,161.19416464799912,162.74307352499065,55474100
2022-08-05,162.32122802734375,162.81206933981917,160.01426786699392,160.22042780912037,56697000
2022-08-08,161.8499755859375,164.73612429374802,161.19225016288922,163.32249921406247,60276900
2022-08-09,161.8990936279297,162.78261696114208,160.25968547297944,161.0155852740051,63135500
2022-08-10,166.13995361328125,166.23811287684435,163.8428051524665,164.60851631297595,70170500
2022-08-11,165.4036865234375,167.85789272456063,165.10917878344554,166.94492022851418,57149200
2022-08-12,168.94757080078125,169.01628078921996,166.29701596444957,166.70933581222894,68039400
2022-08-15,170.0176239013672,170.21395743937939,168.21133138479297,168.37821564106778,54091700
2022-08-16,169.8605194091797,170.52807128910433,168.5156191962962,169.61509878760032,56377100
2022-08-17,171.3526611328125,172.9233439413985,169.40893422926834,169.60526770793106,79542000
2022-08-18,170.96002197265625,171.6962839363271,169.94889007422466,170.56735491708034,62290100
2022-08-19,168.37818908691406,170.5575254675204,168.1720291679761,169.8605242913159,70346300
2022-08-22,164.5005340576172,166.74858025975374,164.0784028181707,166.58169604206546,69026800
2022-08-23,164.1667938232422,165.61969500518398,163.597416059393,164.0195474098714,54147100
2022-08-24,164.4612579345703,165.03063554714507,163.20470561002094,164.25511301062056,53841500
2022-08-25,166.9154815673828,167.02346724627097,165.2662620854037,165.688378388784,51218200
2022-08-26,160.62289428710938,167.91680343416758,160.56399573070382,167.44560000363606,78961000
2022-08-29,158.42396545410156,159.9161124345619,156.89254277561915,158.19816763869952,73314000
2022-08-30,155.9991912841797,159.58232691391927,154.83098655063566,159.1602105704912,77906200
2022-08-31,154.34014892578125,157.6386032608909,154.2616125155062,157.37354474862363,87991100
2022-09-01,155.0665740966797,155.51813965771387,151.83683028732437,153.77074600824523,74229900
2022-09-02,152.95599365234375,157.4226533584457,152.13138370086696,156.82382625526336,76957800
2022-09-06,151.69943237304688,154.21253778677115,150.87482246778544,153.60389928231007,73714800
2022-09-07,153.10324096679688,153.80022729759784,150.79628062278962,151.9841232844313,87449600
2022-09-08,151.6306915283203,153.49588236025656,149.88328282837716,151.80738719524012,84923800
2022-09-09,154.4873809814453,154.92915012061422,151.91537744584716,152.62219009337275,68028800
2022-09-12,160.43638610839844,161.25118449428555,156.38204700518378,156.66672837890903,104956000
2022-09-13,151.0220489501953,157.59931943362142,150.56065692569356,156.97104316313002,122656600
2022-09-14,152.46514892578125,154.2223694761001,150.79629120920487,151.9546696901294,87965400
2022-09-15,149.57896423339844,152.39640331677907,148.6071081028978,151.81719923234522,90481100
2022-09-16,147.93954467773438,148.5776472684102,145.65222273370736,148.44021232229758,162278800
2022-09-19,151.6503143310547,151.7288507316376,146.36887246061372,146.57501740526791,81474200
2022-09-20,154.02598571777344,155.1843789131033,150.2759661753886,150.5900968013731,107689800
2022-09-21,150.9042205810547,155.83227045116655,150.78642348575858,154.45790609581144,101696800
2022-09-22,149.94219970703125,151.6405063427645,148.14571882351763,149.58879338602387,86652500
2022-09-23,147.6745147705078,148.69547312127722,145.83877299693037,148.4206031759059,96029900
2022-09-26,148.00827026367188,150.95331767501642,146.898964278694,146.91860212230296,93339400
2022-09-27,148.98013305664062,151.88591989139582,147.20329010150107,149.9421927062511,84442700
2022-09-28,147.09532165527344,147.8806707549768,142.1869085062377,144.93562286555536,146691400
2022-09-29,139.8701629638672,144.032503482396,138.10313090509123,143.42386493187522,128138200
2022-09-30,135.66851806640625,140.4787712884576,135.47218456289696,138.69210195416497,124925300
2022-10-03,139.84068298339844,140.44933637961338,135.1678792129988,135.67835835777296,114311700
2022-10-04,143.423828125,143.54162523892447,141.61752082886468,142.3734205948832,87830100
2022-10-05,143.7183074951172,144.6803670999918,140.39040452379436,141.43100052371705,79471000
2022-10-06,142.76611328125,144.83746445591814,142.55996829483985,143.13915751475957,68402200
2022-10-07,137.52389526367188,140.47876912027488,136.89561907456743,139.9290143479333,85925600
2022-10-10,137.84788513183594,139.29095992216133,136.03178109548642,137.84788513183594,74899000
2022-10-11,136.43423461914062,138.76083241469453,135.68816128454225,137.33738075448184,77033700
2022-10-12,135.80596923828125,137.78897231294513,135.62927355780315,136.58150689181417,70433700
2022-10-13,140.37083435058594,140.9598350656115,131.90871810397607,132.51737164924788,113224000
2022-10-14,135.84524536132812,141.87277603175662,135.65872326737428,141.66661609125816,88598000
2022-10-17,139.8014373779297,140.282452315822,137.7006369919499,138.48598615048115,85250900
2022-10-18,141.1168670654297,144.0128276023933,138.03438444661543,142.82500010106065,99136600
2022-10-19,141.224853515625,142.2948839097448,138.9080820775627,139.09460416043055,61758300
2022-10-20,140.76345825195312,143.21766459219867,140.0370077826972,140.40024050696854,64522000
2022-10-21,144.5723876953125,145.14176534962488,140.03700430524796,140.25297565616944,86548600
2022-10-24,146.71246337890625,147.47817461798252,143.3256613631015,144.49386606815804,75981900
2022-10-25,149.54954528808594,149.6968066869272,146.62413491177585,147.34075911907576,74732300
2022-10-26,146.61428833007812,149.20592954793565,145.32827166402765,148.19479776463467,88194300
2022-10-27,142.1476287841797,146.3197794029668,141.48990330767347,145.35773474859954,109180200
2022-10-28,152.88726806640625,154.6150242142885,145.11234293200243,145.48537216958695,164762400
2022-10-31,150.53121948242188,151.41474288743174,149.13723186575905,150.35452378899333,97943200
2022-11-01,147.8904571533203,152.60253597457515,146.3983105936967,152.23931825640548,80379300
2022-11-02,142.3734130859375,149.38262560122348,142.34396380900958,146.22160672381153,93604600
2022-11-03,136.3361053466797,140.18429993575015,136.20848179558848,139.4578493069626,97918500
2022-11-04,136.0706024169922,140.28900066971147,132.13735779737468,139.71867839937045,140814800
2022-11-07,136.6015625,136.827719829141,133.40580174577732,134.82177198830993,83374600
2022-11-08,137.17190551757812,139.069688836373,135.19545550623369,138.06672226567503,89908500
2022-11-09,132.61915588378906,136.23774833279379,132.3438299914245,136.18857977969958,74917800
2022-11-10,144.4188995361328,144.4188995361328,137.171901375878,138.88286812786214,118854000
2022-11-11,147.20167541503906,147.5064994693465,141.9606252113591,143.3864383750097,93979700
2022-11-14,145.80535888671875,147.77198095425382,144.96953850636208,146.48384590068005,73374100
2022-11-15,147.53598022460938,151.02673737922098,146.08068410249945,149.67960607049233,89868300
2022-11-16,146.30685424804688,147.36883205309908,144.83188757505272,146.64119143040293,64218300
2022-11-17,148.20465087890625,148.95196191687904,143.71091192910288,143.98623783804743,80389400
2022-11-18,148.76513671875,150.15160903599656,147.46717380781297,149.76811828911318,74829600
2022-11-21,145.5398712158203,147.8604860232478,145.2547175972566,147.65399909356225,58724100
2022-11-22,147.6736602783203,147.909660354169,144.47789906303868,145.65788443814483,51804100
2022-11-23,148.548828125,149.29613922514196,146.84768896962234,146.95585380028717,58301400
2022-11-25,145.63821411132812,146.3953678932279,144.66473067745702,145.83487333926465,35195900
2022-11-28,141.8131103515625,144.19272111621666,140.9871327315936,142.7177546502144,69246000
2022-11-29,138.8140411376953,142.393293327039,138.00773375100172,141.88196729880755,83763800
2022-11-30,145.5595245361328,146.23801151936658,138.20436253781247,139.04016787618127,111380900
2022-12-01,145.83486938476562,146.64119170281938,144.16324348642758,145.73654727553216,71250400
2022-12-02,145.3431854248047,145.5300169012177,143.21923022579475,143.52406921601985,65447400
2022-12-05,144.1829071044922,148.4013049961633,143.33725898348703,145.3038811249747,68826400
2022-12-06,140.52496337890625,144.84169760083205,139.5514801929375,144.615540296504,64727200
2022-12-07,138.58787536621094,140.97731424983792,137.66356048798676,139.8170142991394,69721100
2022-12-08,140.26931762695312,141.12480845757423,138.7451974772698,139.9841640195035,62128300
2022-12-09,139.78753662109375,143.14063172179561,138.54855479274573,139.96452545134943,76097000
2022-12-12,142.07861328125,142.0884409898644,138.7058487137347,140.31847817047847,70462700
2022-12-13,143.0422821044922,147.46718252429508,141.8328135242381,147.00502505789572,93886200
2022-12-14,140.8199920654297,144.21241242784126,138.80420126905452,142.92427726159215,82291200
2022-12-15,134.2219696044922,139.43352160827794,133.7598121718234,138.75503452609877,98931900
2022-12-16,132.26513671875,135.3527321802719,131.49815545789718,134.40876216882202,160156900
2022-12-19,130.16090393066406,132.94367653807714,129.12843913282236,132.8551821275431,79592600
2022-12-20,130.09207153320312,131.02621414919912,127.72228799900502,129.19725476241064,77432800
2022-12-21,133.18951416015625,134.5268181441457,130.53457661956926,130.76073402008618,85928000
2022-12-22,130.02320861816406,132.31432503613755,128.1254256005218,132.10783812958184,77852100
2022-12-23,129.659423828125,130.21007573511977,127.47647162243918,128.73510883960984,63814900
2022-12-27,127.85993194580078,129.2169059676245,126.57179689801647,129.18740783707491,69007800
2022-12-28,123.93653869628906,128.8432592520272,123.76937760067855,127.50595548300566,85438400
2022-12-29,127.44694519042969,128.30242099857716,125.59832312588058,125.8539785961876,75703700
2022-12-30,127.7616195678711,127.78128999342299,125.30334902080124,126.26699731697423,77034200
2023-01-03,122.98271179199219,128.71540946850325,122.09773035328112,128.10576142344397,112117500
2023-01-04,124.25118255615234,126.51280092971427,122.9925456360047,124.77233620258212,89113600
2023-01-05,122.93354034423828,125.63764564758301,122.67788488068354,125.00832719533365,80962700
2023-01-06,127.456787109375,128.11560378272642,122.80572954739813,123.90704074173942,87754700
2023-01-09,127.9779281616211,131.18353181246084,127.72227268810083,128.2925949020793,70790800
2023-01-10,128.5482635498047,129.06941726347972,125.98182082594903,128.08610610497774,63896200
2023-01-11,131.26220703125,131.28186245070447,128.28277553296553,129.0595847172529,69458900
2023-01-12,131.18353271484375,132.0193381171801,129.24640871746402,131.6456901154858,71379600
2023-01-13,132.510986328125,132.6683196907436,129.46273119909978,129.82655147153693,57809700
2023-01-17,133.6713104248047,134.99877137842552,131.89151977321038,132.5798345273993,63646600
2023-01-18,132.95350646972656,136.2967583598761,132.77650266153844,134.53663801277594,69672800
2023-01-19,133.0124969482422,133.9761376268957,131.53753029546903,131.84235433638028,58280400
2023-01-20,135.56906127929688,135.7165669083965,131.97998269986445,133.0222897939842,80223600
2023-01-23,138.75502014160156,140.92814412125819,135.59858513124948,135.81491475833332,81760300
2023-01-24,140.15133666992188,140.77082749424633,137.95855701188813,137.96838472187488,66435100
2023-01-25,139.49252319335938,140.05300275817604,136.49342112366645,138.53871015801215,65799300
2023-01-26,141.5574493408203,141.8426029112318,139.53181620357194,140.78062529691158,54105100
2023-01-27,143.49459838867188,144.77290596887224,140.69217042868402,140.7708371263728,70555800
2023-01-30,140.6134796142578,143.12092578303154,140.46598895897412,142.54077586673455,64015300
2023-01-31,141.8819580078125,141.93112656571586,139.90550801485074,140.31849689379183,65874500
2023-02-01,143.0029296875,144.16324461699494,138.961535368266,141.56730384751015,77663600
2023-02-02,148.30300903320312,148.6569866770964,145.69722523392414,146.41503824093917,118339000
2023-02-03,151.92153930664062,154.7534795979514,145.36285717719954,145.55951636317744,154357300
2023-02-06,149.19775390625,150.5448999991755,148.2636115818144,150.02374643909673,69858300
2023-02-07,152.06903076171875,152.63935290701122,148.12595929659778,148.12595929659778,83322600
2023-02-08,149.38462829589844,152.00023955919008,148.64714493246836,151.3119247541495,64120100
2023-02-09,148.35215759277344,151.75442098443708,147.90967054867934,151.21359681759392,56007100
2023-02-10,148.7165069580078,149.0414968354293,146.95369947058745,147.1900598433605,57450700
2023-02-13,151.51339721679688,151.91715888947925,148.62788900472555,148.65743217523777,62199000
2023-02-14,150.8732452392578,151.4345954776921,148.56878800441328,149.80964612462722,61707600
2023-02-15,152.9709014892578,153.1383177826238,150.55811427879883,150.78461690781828,65573800
2023-02-16,151.3755340576172,153.95573796607766,151.02100096105386,151.17855953849067,68167900
2023-02-17,150.233154296875,150.6763169294936,148.55897600306773,150.03619479649413,59144100
2023-02-21,146.2249298095703,149.0021077790729,146.15600076088242,147.91880821074704,58867200
2023-02-22,146.64840698242188,147.67260518894304,144.92498541296462,146.60900607426132,51011300
2023-02-23,147.13095092773438,148.0566768897737,145.0037677901394,147.810473815914,48394200
2023-02-24,144.48184204101562,144.9545478123535,143.50687229977612,144.87576101262292,55469600
2023-02-27,145.67347717285156,146.90449291595675,145.2106140512802,145.46667494315656,44998500
2023-02-28,145.1712188720703,146.81585399639758,144.60002580056587,144.81668575965537,50547000
2023-03-01,143.1030731201172,144.99391093566584,142.80762642427203,144.59999202590106,55479000
2023-03-02,143.69400024414062,144.48185327566276,141.7145174362223,142.1872382713636,52238100
2023-03-03,148.73622131347656,148.81500811176437,145.09241829817535,145.79162671403117,70732300
2023-03-06,151.4936981201172,153.92618602775224,151.1293223291666,151.4542972077173,87558000
2023-03-07,149.2975616455078,151.69064849711955,148.83469862838186,151.3656586110283,56182000
2023-03-08,150.54827880859375,151.13917230662574,149.52408044265695,150.48919246419973,47204800
2023-03-09,148.3029327392578,152.19293968514444,147.94839958565268,151.22782749973814,53833600
2023-03-10,146.24464416503906,148.64758887079853,145.36816171354923,147.92868001277867,68572400
2023-03-13,148.1847381591797,150.81418573238946,145.45680332509693,145.56513330123872,84457100
2023-03-14,150.27249145507812,151.07018694052056,147.820318670502,148.98238986483992,73695900
2023-03-15,150.6664276123047,150.9224733808993,147.6430468705848,148.89376260307495,77167900
2023-03-16,153.4830322265625,154.08376844517147,149.33696504123728,149.84907174243986,76161100
2023-03-17,152.6459197998047,154.35949876084172,151.93685367986137,153.70951897971963,98944600
2023-03-20,155.0094757080078,155.42311016638172,151.80883520237765,152.71487589238697,73641400
2023-03-21,156.86090087890625,156.97907354545168,154.1625097854557,154.93067719913012,73938300
2023-03-22,155.43292236328125,159.67746084227036,155.41322191031108,156.8805976022137,75701800
2023-03-23,156.51622009277344,159.09643867673987,155.28520465118157,156.41774787367245,67622100
2023-03-24,157.81617736816406,157.90480687220796,155.45263376473136,156.44728881765926,59196500
2023-03-27,155.87615966796875,158.32834880633087,155.47238283708484,157.51095242687683,52390300
2023-03-28,155.25567626953125,156.0829301456233,153.6110412861723,155.57082346557496,45992200
2023-03-29,158.3283233642578,158.60406968566105,156.929891297985,156.94957673019417,51305700
2023-03-30,159.89414978027344,160.00247975071784,158.82070781762587,159.07675364456477,49501700
2023-03-31,162.39556884765625,162.49405610459849,159.45098920585787,159.97293860815142,68749800
2023-04-03,163.64625549316406,163.76442815863666,161.7258745440201,161.775118163648,56976200
2023-04-04,163.114501953125,164.3061166832112,162.60239523685718,164.06977129650792,46278300
2023-04-05,161.27285766601562,162.54327395468036,159.3426339632527,162.23798454444034,51511700
2023-04-06,162.1592254638672,162.45467221127325,159.53962067833683,159.96308282888376,45390100
2023-04-10,159.5691680908203,159.5691680908203,157.6487867222166,158.96843186504725,47716900
2023-04-11,158.35781860351562,159.89412336543904,158.0722146254148,159.88428065231392,47644200
2023-04-12,157.66847229003906,159.59869619161648,157.35332510698044,158.77145737665472,50133100
2023-04-13,163.0455322265625,163.28189260314673,158.96840964951016,159.17522685740187,68445600
2023-04-14,162.7008514404297,163.79399372639534,161.33196290458474,162.09025757823102,49386500
2023-04-17,162.72056579589844,162.87813940299813,161.53879379674336,162.58269264644778,41516200
2023-04-18,163.94171142578125,164.86743742961687,163.13415809407996,163.57733566867122,49923000
2023-04-19,165.08412170410156,165.60607111909823,163.02585218946155,163.2819130529251,47720200
2023-04-20,164.11895751953125,165.32042968183282,163.0455157599964,163.5674650569094,52456400
2023-04-21,162.51376342773438,163.92203809382642,161.99181400338804,162.54330660065614,58337300
2023-04-24,162.8190460205078,163.0849495926161,161.40091367199096,162.49405610505224,41949600
2023-04-25,161.2827606201172,163.78417796430023,161.2433597017252,162.68119268208375,48714100
2023-04-26,161.27285766601562,162.76977657727082,160.32744626830737,160.58349205788602,45498800
2023-04-27,165.85227966308594,165.99999552987848,162.68118215487013,162.68118215487013,64902300
2023-04-28,167.1029510498047,167.2703823718156,165.33030085507355,165.93103698503495,55275900
2023-05-01,167.01434326171875,167.86128258741087,166.07877442017465,166.70905380019818,52472900
2023-05-02,165.9802703857422,167.76279339985444,164.99545801480568,167.50673256610264,48425700
2023-05-03,164.90684509277344,168.32414556576836,164.6212560883793,166.925713661642,65136000
2023-05-04,163.27206420898438,164.50307988258416,161.81454585901537,162.38573893481126,81235400
2023-05-05,170.93389892578125,171.65280778469676,168.1665634032941,168.38322333782398,113453200
2023-05-08,170.86495971679688,171.20965008439242,169.49607101524845,169.86044681233003,55962800
2023-05-09,169.16123962402344,170.9043468501181,168.993823309898,170.42179836441701,45326900
2023-05-10,170.92405700683594,171.38692008917508,169.28926463206565,170.3922648627901,53724500
2023-05-11,171.11119079589844,171.93842978088065,169.55518507059503,171.2096780676073,49514700
2023-05-12,170.18414306640625,171.6535334613317,168.63584185680983,171.2196142676148,45533100
2023-05-15,169.6910858154297,170.815324358024,169.09937498339835,170.76601261404946,37266700
2023-05-16,169.6910858154297,170.74628490689332,169.42481443623242,169.61219003463674,42110300
2023-05-17,170.30250549316406,170.53917778241149,168.06388478776768,169.3360585337975,57951600
2023-05-18,172.6298828125,172.8172584115987,170.1940301198803,170.60822168470452,65496700
2023-05-19,172.73834228515625,173.9513327998332,172.5213826746833,173.9513327998332,55809500
2023-05-22,171.79161071777344,172.2945693897219,171.05197977463047,171.57465110395842,43570900
2023-05-23,169.18809509277344,170.98293990870613,168.91196743614205,170.73639628329747,50747300
2023-05-24,169.4642333984375,170.03621645106807,168.16249079935005,168.7246024757336,45143500
2023-05-25,170.59837341308594,171.49578098867764,169.3163432435991,170.02639025907388,56058300
2023-05-26,173.0045928955078,173.3399036765556,170.7166757800904,170.92377905521317,54835000
2023-05-30,174.84877014160156,176.51540772383512,174.1288668535482,174.51347436884586,55964400
2023-05-31,174.79945373535156,176.87042648421155,174.3162227478627,174.87834951174753,99625300
2023-06-01,177.6001739501953,177.62975798334406,174.4838587106697,175.24321733975688,68901800
2023-06-02,178.44830322265625,179.26683000310032,176.7816656255451,178.52719900186148,61996900
2023-06-05,177.09722900390625,182.39298156722955,175.57851175717974,180.10506441660397,121946500
2023-06-06,176.73236083984375,177.62976831057978,174.97695616659206,177.4818481362361,64848400
2023-06-07,175.36158752441406,178.70471906299082,174.86850018805862,175.9730110061888,61944600
2023-06-08,178.07354736328125,178.3398036598064,175.00654388250445,175.44044804834044,50214900
2023-06-09,178.45816040039062,179.71059129506313,178.13272098000036,178.99068805786467,48900000
2023-06-12,181.24903869628906,181.34766218390052,178.468033910057,178.76388932505995,54274900
2023-06-13,180.7756805419922,181.60406367252176,179.91771337450308,180.27273686584886,54929100
2023-06-14,181.40682983398438,181.84074910193183,179.50351991974284,180.8348467124019,57462900
2023-06-15,183.43833923339844,183.94129793003785,181.23917400121888,181.4166932611595,65433200
2023-06-16,182.3634033203125,184.40479194393566,181.72239585614398,184.14837692000424,101256200
2023-06-20,182.4521484375,183.52709013546678,181.8604527350327,181.8604527350327,49799100
2023-06-21,181.4167022705078,182.84665255889604,180.06563271508736,182.34369383727915,49515700
2023-06-22,184.41465759277344,184.46396933431626,181.13069423738702,181.19973368511316,51245300
2023-06-23,184.09906005859375,184.96689848868263,182.45215034536935,182.98469303577104,53117000
2023-06-26,182.70858764648438,185.45015206010262,182.66913223239737,184.2470177435845,48088700
2023-06-27,185.45997619628906,185.78541559077308,183.10301971608257,183.31997931240525,50730800
2023-06-28,186.63352966308594,187.27453708797546,185.0063477089331,185.33177206150037,51216800
2023-06-29,186.9688262939453,187.4422009047134,186.32781886596203,186.4658826988121,46347300
2023-06-30,191.2882843017578,191.79122791985353,188.6157445714927,188.98063939826477,85213200
2023-07-03,189.7991943359375,191.19956064074086,189.10885998965753,191.10093714903454,31458200
2023-07-05,188.684814453125,190.31199675191496,187.98462376800288,188.92150180749704,46920300
2023-07-06,189.15817260742188,189.36527592182694,186.58425595947688,187.21540718494302,45094300
2023-07-07,188.0437774658203,190.0062704618662,187.60987325439862,188.76369580404943,46815000
2023-07-10,186.0023956298828,187.36332142042107,184.4540942539423,186.6434031135775,59922200
2023-07-11,185.47972106933594,186.68285528837708,184.02018687082855,186.5447914459214,46638100
2023-07-12,187.14637756347656,189.04968751691854,185.86434744027207,187.05761040387253,60750200
2023-07-13,187.9056854248047,188.5467078881079,187.15619821079162,187.86624506525828,41342300
2023-07-14,188.0536346435547,188.53685056119244,187.00829198764853,187.59998771190843,41616200
2023-07-17,191.30799865722656,191.63343805134278,189.15813040004866,189.24688249449068,50520200
2023-07-18,191.0515899658203,191.64330071063998,189.75970372238763,190.6768538720752,48288200
2023-07-19,192.40264892578125,195.48936484547627,189.98650938817815,190.43029994672796,80507300
2023-07-20,190.45993041992188,193.75375040663724,189.8386355247165,192.39282446393295,59581200
2023-07-21,189.28636169433594,192.2744696321092,188.5861710830146,191.41650251566858,71951700
2023-07-24,190.08514404296875,192.21528467718613,189.59205676918674,190.73602285584008,45377800
2023-07-25,190.94314575195312,191.7518162507371,190.25282645288883,190.6571617022808,37283200
2023-07-26,191.81097412109375,192.93521264770516,190.64729522856234,190.9924473358141,47471900
2023-07-27,190.54864501953125,194.47361545879667,189.88790988625553,193.30993672945922,47460200
2023-07-28,193.12255859375,193.91150122150714,191.45592124266818,191.9785925358936,48291400
2023-07-31,193.73399353027344,193.77344894031904,192.56044337061044,193.34938604539337,38824100
2023-08-01,192.90560913085938,194.0101198390568,192.58016971551623,193.52690392813534,35175100
2023-08-02,189.91748046875,192.48152505166297,189.19757732195913,192.34346122833557,50389300
2023-08-03,188.5270233154297,189.71042999433632,188.0536636534335,188.9215022402868,61235200
2023-08-04,179.4739227294922,184.78940327661547,179.40488328381886,182.95511789971007,115956800
2023-08-07,176.37738037109375,180.5982075834056,174.89811807571806,179.61203271982183,97576100
2023-08-08,177.314208984375,177.77771228390873,175.12490000933562,177.20572916857282,67823000
2023-08-09,175.72645568847656,178.42856448196,174.56276182695083,178.3693964131728,60378500
2023-08-10,175.50949096679688,178.25105509162734,175.14461118800062,176.99860916334498,54686900
2023-08-11,175.56874084472656,176.3883728930982,174.34424265962002,175.10462674008653,52036700
2023-08-14,177.2178955078125,177.44501774834183,175.09474782272636,175.74650562753334,43675600
2023-08-15,175.2329559326172,177.23759212733944,174.8379595164921,176.64509750315182,43622600
2023-08-16,174.3639678955078,176.30934114560378,174.29483523239298,174.91696892783438,46964900
2023-08-17,171.82611083984375,175.29225282363015,171.31260330101006,174.92688028330798,66062900
2023-08-18,172.30996704101562,172.9123464424467,169.81157749118245,170.14732599213767,61172200
2023-08-21,173.64309692382812,173.92948217703207,171.56934282132403,172.88272795365145,46311900
2023-08-22,175.01573181152344,175.46010661888187,174.04797988711957,174.84785755399471,42038900
2023-08-23,178.85714721679688,179.2817827873095,176.10201110060572,176.28963972003098,52722800
2023-08-24,174.17636108398438,178.83739189345877,173.81097351698816,178.41275636104422,54945800
2023-08-25,176.37850952148438,176.91175631972774,173.62337343895007,175.16388093182096,51449600
2023-08-28,177.9387664794922,178.33376298082638,176.31925671498092,177.8400098200833,43820700
2023-08-29,181.8196563720703,182.58991008586239,177.2573820568172,177.45488030453177,53003900
2023-08-30,185.30555725097656,185.50307057198083,182.43192527543482,182.62942352828824,60813900
2023-08-31,185.52279663085938,186.75717945843076,185.1376697913831,185.49317264844964,60794500
2023-09-01,187.0929412841797,187.54718572230075,185.92767607044595,187.1225652663115,45766500
2023-09-05,187.32994079589844,187.6064413525269,185.26605625958229,185.92768366781115,45280000
2023-09-06,180.6248016357422,186.49059214043663,179.20278998997966,186.0462022000218,81755800
2023-09-07,175.34161376953125,175.98350189646143,171.37183427986267,172.99134398653018,112488800
2023-09-08,175.95387268066406,177.98814840122637,175.56874581023814,176.12176201867752,65551300
2023-09-11,177.11911010742188,178.0473683330804,175.12434339280344,177.82024612940288,58953100
2023-09-12,174.0973663330078,177.87951732730735,172.6358612060169,177.24751388848827,90370200
2023-09-13,172.0335235595703,175.08491519786236,171.8063862028717,174.30477658132293,84267900
2023-09-14,173.5443572998047,173.89986015970092,171.4113401404273,171.82609096561458,60895800
2023-09-15,172.82347106933594,174.29486087176767,171.6483512368518,174.27510652680778,109259500
2023-09-18,175.7465057373047,177.13889330258442,173.96899129951683,174.27511585610648,67257600
2023-09-19,176.832763671875,177.38576479928514,174.91699900323943,175.30212586469654,51826900
2023-09-20,173.29747009277344,177.45486279571944,173.20858308214417,177.02035765272817,58436200
2023-09-21,171.75697326660156,174.09737357666756,171.68785565712008,172.36923745366522,63149100
2023-09-22,172.60621643066406,174.86761425499944,171.87547142547365,172.48772049861157,56725400
2023-09-25,173.88009643554688,174.75897636563758,171.97420160197885,172.02357992644104,46172700
2023-09-26,169.81158447265625,173.01109513731117,169.51532957863083,172.63585300181884,64588900
2023-09-27,168.30068969726562,170.87808171574733,166.93794126401278,170.46333088230946,66921800
2023-09-28,168.55746459960938,169.8807195182162,165.5258128129139,167.2243249736919,56294400
2023-09-29,169.0709686279297,170.90773103963988,168.21182785802986,169.87084635964763,51861100
2023-10-02,171.5792236328125,172.12235512412923,168.79444856905252,169.0808338409062,52164500
2023-10-03,170.24607849121094,171.46072207785286,168.6858318118607,170.1078282132375,49594600
2023-10-04,171.49032592773438,172.03345733749015,168.83393190668662,168.95242782585208,53020300
2023-10-05,172.72470092773438,173.25794760829848,170.52255140732632,171.61868381506983,48527900
2023-10-06,175.27252197265625,175.76627518846593,171.01635659512883,171.62862082907643,57266700
2023-10-09,176.7537841796875,176.81303215553828,173.6036362062995,174.6010122921434,42390800
2023-10-10,176.1612548828125,177.47464011941017,175.72674968355904,175.8748846750232,43698000
2023-10-11,177.5536346435547,177.60301297187604,175.3811238107674,175.9736185461729,47551100
2023-10-12,178.4522705078125,180.06189553412176,176.80312172309905,177.82026707710477,56743100
2023-10-13,176.61553955078125,179.65704624189655,175.91440332167903,179.15342336284206,51427100
2023-10-16,176.4871368408203,176.84263973108403,174.3047411678942,174.54174811745375,52517000
2023-10-17,174.93675231933594,176.19088966345473,172.61612132571108,174.44299912050275,57549400
2023-10-18,173.64309692382812,175.36136323860268,172.92222157401596,173.38635072108465,54764400
2023-10-19,173.2678680419922,175.61812287122567,173.00123711265553,173.84060845589931,59302900
2023-10-20,170.72007751464844,173.22833664495803,170.4830706009531,173.1197103596996,64244000
2023-10-23,170.8385772705078,171.83595313524123,167.80692592091492,168.77469287243957,55980100
2023-10-24,171.27310180664062,171.50022404547477,169.30795876796012,170.88797493724758,43816600
2023-10-25,168.96234130859375,170.89784530264086,168.51795139973865,169.73259505065448,57157000
2023-10-26,164.80491638183594,169.23882483986895,163.60015755926395,168.24143389027685,70625300
2023-10-27,166.11830139160156,166.8490614359056,164.745668316651,164.82467062426355,58499100
2023-10-30,168.16246032714844,169.03147079181505,166.76020302980592,166.90833803254793,51131000
2023-10-31,168.63645935058594,168.76482492650203,165.80230595130433,167.23420217717043,44846000
2023-11-01,171.7965087890625,172.0532550571854,167.99460269744,168.86361324824594,56934900
2023-11-02,175.35150146484375,175.5588693503195,173.26786256268767,173.32711052996643,77334800
2023-11-03,174.44297790527344,174.61086723243213,171.1842192438163,172.06309922812656,79829200
2023-11-06,176.9907684326172,177.1882666996337,174.0085099439187,174.1763842242903,63841300
2023-11-07,179.54843139648438,180.1606805785339,176.7340319643902,176.94139988237026,70530000
2023-11-08,180.60504150390625,181.15804266662394,179.3212801943679,180.07179468790036,49340300
2023-11-09,180.13104248046875,181.81966995293175,179.53853262491765,180.67417400336535,53763500
2023-11-10,184.31365966796875,184.48177017271385,181.47578777634308,181.91086536697577,66133400
2023-11-13,182.7316131591797,183.94784205398747,182.14822040593083,183.74020094629049,43627500
2023-11-14,185.342041015625,186.00454008995078,184.21480130754796,185.59912547957174,60108400
2023-11-15,185.90565490722656,187.3789832148446,185.67823345303117,185.7474572062222,53790500
2023-11-16,187.58660888671875,188.8226178098646,186.53846064597144,187.44817649084638,54412900
2023-11-17,187.56687927246094,188.24915879673333,186.45941980581802,188.1206090057824,50922700
2023-11-20,189.30715942382812,189.7620174322178,187.75473976876387,187.76462241033667,46505100
2023-11-21,188.50624084472656,189.37639617894334,187.61632022600733,189.26762676216626,38134500
2023-11-22,189.16871643066406,190.77057938008178,188.6940931656517,189.3467095850447,39617700
2023-11-24,187.84371948242188,188.76330300712377,187.13177703645835,188.73363999587542,24048300
2023-11-27,187.6657257080078,188.53588093642713,186.78568783853885,187.79427548166112,40552600
2023-11-28,188.26890563964844,188.9413024556769,187.2800983304318,187.65584993609482,38415400
2023-11-29,187.25045776367188,189.9400151741752,186.85494082777598,188.7633319210795,43014200
2023-11-30,187.82394409179688,188.18981305356235,186.08364867108205,187.71517468500207,48794400
2023-12-01,189.09951782226562,189.4159283197641,187.11200544734405,188.19969953750024,45704800
2023-12-04,187.30975341796875,187.92282418358675,185.35191925319242,187.85360043262926,43389500
2023-12-05,191.25509643554688,192.2241233156588,188.05135551468544,188.081033613139,66628400
2023-12-06,190.1674346923828,192.58011192579394,189.95977851245675,192.27358406476233,41089700
2023-12-07,192.0956268310547,192.81745204226402,191.42322992176048,191.46279066889767,47477700
2023-12-08,193.51947021484375,193.79633503305183,191.50229501018384,192.0263616366492,53406400
2023-12-11,191.01779174804688,191.3243346926335,189.27749628821252,190.9485830810774,60943700
2023-12-12,192.53065490722656,192.54053754746204,189.5741159727842,190.91889435682484,52696900
2023-12-13,195.74429321289062,195.7838388648497,192.66910200901862,192.90640609677627,70404200
2023-12-14,195.8926239013672,197.3857175620074,193.964452594447,195.8036348613561,66831600
2023-12-15,195.35867309570312,196.1793699091571,194.79504567055722,195.3191123528845,128538400
2023-12-18,193.69747924804688,194.42920214917604,192.21426816132805,193.89523770867535,55751900
2023-12-19,194.73570251464844,194.74558515548247,193.69745188302565,193.96443406555753,40714100
2023-12-20,192.64935302734375,195.46744514462725,192.64935302734375,194.69617655774934,52242800
2023-12-21,192.5010223388672,194.87416921268178,191.3342368191114,193.90514216040955,46482500
2023-12-22,191.43310546875,193.2228443252002,190.81015202156473,192.9954077755279,37149600
2023-12-26,190.8892822265625,191.71987686773375,190.67174337939798,191.44301198734334,28919300
2023-12-27,190.98812866210938,191.33421726083122,188.95118798803827,190.33552729492325,48087700
2023-12-28,191.413330078125,192.4812438348005,191.00791544042355,191.96705978425237,34049900
2023-12-29,190.37509155273438,192.22415660179112,189.58404259835586,191.72975289130503,42672100
2024-01-02,183.56219482421875,186.33085840634024,181.83178197139316,185.05528848269014,82488700
2024-01-03,182.18775939941406,183.79952025374087,181.37693010719954,182.15809638511382,58414500
2024-01-04,179.87393188476562,181.04071720671112,178.85546161628733,180.11123597031312,71983600
2024-01-05,179.15208435058594,180.71440156415224,178.15339449300276,179.95303087035154,62379700
2024-01-08,183.4830780029297,183.52263874374273,179.46852282651062,180.0519155054874,59144500
2024-01-09,183.06776428222656,183.0776469225398,180.68473531069785,181.86141829199212,42841800
2024-01-10,184.10604858398438,184.31368968460146,181.86145160567418,182.28664662503843,46792900
2024-01-11,183.5127716064453,184.95643712674624,181.56481971672645,184.45213566932392,49128400
2024-01-12,183.8390655517578,184.64989484239166,183.11724039185432,183.97749798089004,40477800
2024-01-16,181.57472229003906,182.19766074228528,178.90493002496626,180.12117408812333,65603000
2024-01-17,180.6352996826172,180.88250149305736,178.2819487070673,179.24109293861534,47317400
2024-01-18,186.51870727539062,187.0229935165519,183.75004409317066,184.00712853391946,78005800
2024-01-19,189.41595458984375,189.80158889565502,186.70663180624828,187.21091817907703,68903000
2024-01-22,191.71983337402344,193.14371820043874,190.1080727596782,190.14763349819026,60133900
2024-01-23,192.99539184570312,193.55901922053994,191.660511110776,192.83719415255706,42355600
2024-01-24,192.32302856445312,194.18199120084623,192.16481576816378,193.23272951111284,53631300
2024-01-25,191.99668884277344,194.07318996151886,190.9485556432544,193.03493940214616,54822100
2024-01-26,190.2662811279297,192.5800863732271,189.7916578927919,192.09558049769083,44594000
2024-01-29,189.58401489257812,190.04875551955823,187.4580852833725,189.86087972294905,47145600
2024-01-30,185.93531799316406,189.65324309628332,185.37170567810733,188.80286821503816,55859400
2024-01-31,182.3360595703125,185.00585134318092,182.28663127585358,184.94651023142666,55467800
2024-02-01,184.76853942871094,184.85752846784007,181.76257176566293,181.93066720224104,64885400
2024-02-02,183.7698516845703,185.23328233515724,177.2437171517322,177.84689023760967,102551700
2024-02-05,185.579345703125,187.1317803970082,183.75994390321247,186.0440863383638,69668800
2024-02-06,187.1812286376953,187.19111127921153,184.67954732588265,184.76853636353553,43490800
2024-02-07,187.29000854492188,188.91165203661865,186.49895962721544,188.50623739169367,53439000
2024-02-08,186.21218872070312,187.41851968576853,185.25304448034683,187.27020463334281,40962000
2024-02-09,186.97454833984375,188.10322646586073,186.13298359451971,186.77652244170517,45155200
2024-02-12,185.29141235351562,186.796321504533,184.9349868995182,186.54880424779185,41781900
2024-02-13,183.20236206054688,184.360756090923,181.68755769129083,183.92512331150874,56529500
2024-02-14,182.32119750976562,183.68749754312392,180.6281880058035,183.47959151637605,54630500
2024-02-15,182.03408813476562,182.65783644316613,179.5490203671251,181.72716915991907,65434500
2024-02-16,180.49949645996094,183.0142804515248,179.86585283584154,181.5984737728991,49752500
2024-02-20,179.75694274902344,180.6182980286837,178.2124373755958,179.98465441119404,53665600
2024-02-21,180.50941467285156,181.07374623255754,178.8658962581704,180.13318356154335,41371400
2024-02-22,182.53900146484375,183.12315360761588,180.64798131414128,181.65784073265692,52292200
2024-02-23,180.70741271972656,183.20237592421455,180.42028422645075,183.17267506039363,45119700
2024-02-26,179.36090087890625,180.94500218994074,178.8559560281093,180.43017719516277,40867400
2024-02-27,180.81629943847656,182.09348175278842,177.77678047240937,179.3014951345761,54318900
2024-02-28,179.6183319091797,181.30144633523983,178.34114943443706,180.69750358801915,48953900
2024-02-29,178.95497131347656,180.75690414056305,177.74708592784262,179.46981142225187,136682600
2024-03-01,177.8757781982422,178.7371332875443,175.61842236560392,177.76687001740208,73563100
2024-03-04,173.361083984375,175.14319605787904,172.06408093389737,174.40064432483445,81510100
2024-03-05,168.43052673339844,170.3314573247722,167.9354922531265,169.06417026385637,95132400
2024-03-06,167.4404754638672,169.53943215491887,167.00484265804033,169.36121186741923,68587700
2024-03-07,167.3216552734375,169.0344703547855,166.81672553933012,167.47015957545335,71765100
2024-03-08,169.03448486328125,171.9749911536114,167.26226790901475,167.32166963491963,76267000
2024-03-11,171.034423828125,172.64824117092596,170.34137853305091,171.22253935977105,60139500
2024-03-12,171.50967407226562,172.30173241116674,169.31171935776177,171.43046672764987,59825400
2024-03-13,169.43052673339844,171.4700666239107,169.06419090034882,171.05423942259554,52488700
2024-03-14,171.2819366455078,172.57892461566286,170.34137411890524,171.1928340614332,72913500
2024-03-15,170.9057159423828,170.9057159423828,168.59885322457814,169.47011882986195,121752700
2024-03-18,171.99481201171875,175.94519331439105,171.79680120539754,173.82644596151624,75604200
2024-03-19,174.33135986328125,174.85609525037736,171.31164624406932,172.6086342803731,55215200
2024-03-20,176.89566040039062,176.89566040039062,173.35121088659923,173.97495931074826,53423100
2024-03-21,169.66812133789062,175.72735394947048,169.14338597139206,175.29172116809335,106181300
2024-03-22,170.569091796875,171.33144918231721,168.37113733503185,170.05425166968308,71160100
2024-03-25,169.15330505371094,170.2324767040703,167.76719930445816,168.87608692531137,54288300
2024-03-26,168.0246124267578,169.71762191427138,167.89589862566189,168.3117257823714,57388400
2024-03-27,171.58885192871094,171.87598039200594,168.42063422483255,168.7176579392829,60273300
2024-03-28,169.77703857421875,170.51959037094832,168.81667037520143,170.0443614510728,65672700
2024-04-01,168.34144592285156,169.54933141950085,167.79690490268092,169.48992969134684,46240500
2024-04-02,167.16326904296875,167.65830361021796,166.55932626663449,167.40089107386055,49329500
2024-04-03,167.96522521972656,168.98499523543435,166.9058590852198,167.11376514661308,47691700
2024-04-04,167.14344787597656,170.2126525655396,167.14344787597656,168.59883533803097,53704400
2024-04-05,167.89593505859375,168.69788868535903,167.27218663455102,167.90583031188157,42104800
2024-04-08,166.77711486816406,167.51966659518817,166.5692088446593,167.35135668326646,37425500
2024-04-09,167.9849853515625,168.3909172188155,166.67810228343993,167.02461732769677,42373800
2024-04-10,166.11378479003906,167.4107728345435,165.45044033625643,167.12365945587084,49709300
2024-04-11,173.3016815185547,173.7175238179071,166.49001666248702,166.66822184170525,91070300
2024-04-12,174.79669189453125,176.5887144383463,172.47993396851362,172.52942533467058,101670900
2024-04-15,170.9750518798828,174.875926929409,170.78693631547566,173.61853482041673,73531800
2024-04-16,167.69790649414062,172.0343988146065,166.59892920522176,170.04436539186383,73711200
2024-04-17,166.3315887451172,168.9552655008738,166.3315887451172,167.9256004082147,50901200
2024-04-18,165.38113403320312,166.96525061902096,164.89600984807865,166.36130787024413,43122900
2024-04-19,163.36138916015625,164.74747975255278,162.45052746983075,164.559379327856,68149400
2024-04-22,164.1930694580078,165.5989658830707,163.13370328942287,163.87625517565544,48116400
2024-04-23,165.24253845214844,165.39105789202225,163.2822057253187,163.70794332424896,49537800
2024-04-24,167.34146118164062,167.61867928406764,164.55936979904956,164.8860792640679,48251800
2024-04-25,168.2028350830078,168.9156860278579,166.4801094484109,167.84640961058278,50558300
2024-04-26,167.6186981201172,169.63843239437367,167.49987955768663,168.19293999888993,44838400
2024-04-29,171.77700805664062,174.2818819511338,171.38098641526307,171.64829422492716,68169400
2024-04-30,168.6384735107422,173.2521991943247,168.31174889120035,171.60868084411632,65934800
2024-05-01,167.6186981201172,170.99483730573115,167.43058257791944,167.8959162536964,50383100
2024-05-02,171.31163024902344,171.69775653757537,169.19288328746214,170.79679016186972,94214900
2024-05-03,181.5588836669922,185.14292911827533,180.84603267784937,184.7963988764884,163224100
2024-05-06,179.90545654296875,182.3707188474722,178.62825898838415,180.53910014061182,78569700
2024-05-07,180.5885772705078,183.0637497391675,179.5193160584302,181.62815272879564,77305800
2024-05-08,180.9252166748047,181.25194126160505,179.64801918938014,181.0341248704048,45057100
2024-05-09,182.73704528808594,182.82614787366472,180.3014688648197,180.74699689996783,48983000
2024-05-10,181.47793579101562,183.50040923773955,180.5658387363955,183.3120385724197,50759500
2024-05-13,184.68019104003906,185.4931559868038,183.03444380225457,183.84740874901934,72044800
2024-05-14,185.82032775878906,186.68286641073877,184.69011878206607,185.89964252722956,52393600
2024-05-15,188.09066772460938,189.0126735344407,185.76084369802737,186.29621459797372,70400000
2024-05-16,188.2096405029297,189.458829238671,188.03119361367854,188.83423487080034,52845200
2024-05-17,188.23939514160156,189.17132485957902,187.55531842828847,187.88248620977504,41282900
2024-05-20,189.39935302734375,190.2718004798306,187.3867877585141,187.70404687859929,44361300
2024-05-21,190.69810485839844,191.07483113273048,189.2803778274553,189.44891605266244,42309400
2024-05-22,189.26052856445312,191.16405275409193,188.63594934473116,190.61877317517173,34648500
2024-05-23,185.2750701904297,189.35968258649532,185.02721720275102,189.3398501117122,51005900
2024-05-24,188.34844970703125,188.94330296502375,186.4251079843019,187.1984232707908,36327000
2024-05-28,188.3583526611328,191.34249703943843,187.47599667367734,189.86528785982966,52280100
2024-05-29,188.65577697753906,190.59895109353056,187.8824768517226,187.98162409974876,53068000
2024-05-30,189.64720153808594,190.52955764421512,188.99288109200768,189.12175436970267,49889100
2024-05-31,190.5989532470703,190.9162123421418,188.27905284340878,189.7959119633218,75158300
2024-06-03,192.3636474609375,193.31540952983562,190.86662095571478,191.24334718637152,50080500
2024-06-04,192.680908203125,193.64257895328527,191.37223723797064,192.96841099700254,47471400
2024-06-05,194.1878662109375,195.20901937445223,193.19645419760306,193.72190135445058,54156800
2024-06-06,192.80979919433594,194.8124556459051,192.5024638984892,194.0094143560484,41181800
2024-06-07,195.1990966796875,195.24867030234284,192.47271383884646,192.97832848334124,53103900
2024-06-10,191.46148681640625,195.6055969774052,190.4998159349584,195.20902308787942,97010200
2024-06-11,205.3709716796875,205.38089548057218,191.96709351098235,191.98691085726122,172373300
2024-06-12,211.24012756347656,218.30888368086454,205.1231032111954,205.5890679852297,198134300
2024-06-13,212.40008544921875,214.88852380834695,209.782758705521,212.8957913864929,97862700
2024-06-14,210.66514587402344,213.32212283006638,209.48536314811375,212.01346682824212,70122700
2024-06-17,214.80923461914062,217.06965275202606,210.89316027395952,211.53757201804441,93728300
2024-06-18,212.44964599609375,216.7523850703462,211.17073132176122,215.7213082393038,79943300
2024-06-20,207.87924194335938,212.4000929584359,207.05638337080816,212.0927425591543,86172500
2024-06-21,205.70806884765625,210.07027533194446,205.33132746963062,208.58315742215362,241805100
2024-06-24,206.35247802734375,210.87331399723786,204.8157865138524,205.93608683303725,80727000
2024-06-25,207.27450561523438,209.5646648210329,206.81844945769743,207.35380525957078,55549700
2024-06-26,211.41860961914062,213.0147835489249,208.83102368645302,209.68363861405976,66213200
2024-06-27,212.26129150390625,213.88720639689362,210.52632069800987,212.84622088780682,49772700
2024-06-28,208.81117248535156,214.21437951883613,208.4939285392998,213.91695291908772,82542700
2024-07-01,214.8885498046875,215.64201747450758,210.10002805599396,210.26856627972688,60402900
2024-07-02,218.37828063964844,218.4873365423676,213.25268346733495,214.29365375141188,58046200
2024-07-03,219.64732360839844,219.64732360839844,217.1489612238199,218.11063203893852,37369800
2024-07-05,224.3961639404297,224.5052198536283,219.7464397478406,219.7464397478406,60412400
2024-07-08,225.8634490966797,225.89319024119226,221.3326897978435,225.1397075728903,59085900
2024-07-09,226.71607971191406,227.42989753320916,224.4259205051531,225.97252074204383,48076100
2024-07-10,230.97914123535156,231.07828847688273,227.28117906796422,227.3307526887298,62627700
2024-07-11,225.61561584472656,230.39421338925845,223.83107137940016,229.40280147827102,64710600
2024-07-12,228.5601043701172,230.64207551688347,226.71607753741577,226.9540218514806,53046500
2024-07-15,232.38693237304688,235.1926297333435,231.0881852656036,234.44907084333448,62631300
2024-07-16,232.80335998535156,234.24090427881208,230.33473879844306,232.98180687397965,43234300
2024-07-17,226.91436767578125,229.47221227385296,224.69359950369105,227.47946461019197,57345900
2024-07-18,222.25473022460938,228.46097889584826,220.36114484151935,228.3023493485251,66034600
2024-07-19,222.38363647460938,224.85225794685087,221.36248326433122,222.88926630632307,49151500
2024-07-22,222.03659057617188,225.82377573784976,221.17405203421455,225.06038442573598,48201800
2024-07-23,223.07760620117188,224.9910392063895,220.7676144514488,222.44310313331528,39960300
2024-07-24,216.6631622314453,222.86941075843336,215.26528287042115,222.07627816799848,61777600
2024-07-25,215.62217712402344,218.95332167523742,212.77681471652627,217.0497975364767,51391200
2024-07-26,216.08815002441406,217.6050090608147,214.15488466672127,216.8217851678197,41601300
2024-07-29,216.36573791503906,217.41663210574902,213.89711684474761,215.0967318967012,36311800
2024-07-30,216.92091369628906,218.43777260182014,214.26392209769764,217.30756370891964,41643800
2024-07-31,220.1727752685547,221.89783756706774,218.73523091700034,219.53827220377053,50036300
2024-08-01,216.48471069335938,222.55214689360594,215.15622233135366,222.44309097566543,62501000
2024-08-02,217.97183227539062,223.66254232334134,215.84030263063204,217.2679231335739,105568600
2024-08-05,207.47279357910156,211.6664621054212,194.3167520967801,197.3802115476467,119548600
2024-08-06,205.45028686523438,208.18659343179937,199.34320096724198,203.53686913101606,69660500
2024-08-07,208.01805114746094,211.80523672133984,204.61750047992084,205.12311510057037,63516400
2024-08-08,211.4780731201172,212.36042911915672,207.03655197769595,211.27979376271134,47161100
2024-08-09,214.38291931152344,214.91827509282652,210.1495861717322,210.2784745623819,42201600
2024-08-12,215.9114532470703,217.8767166928247,213.99582080224636,214.46232494953352,38028100
2024-08-13,219.62364196777344,220.23902400333975,217.38044783379533,217.38044783379533,44155300
2024-08-14,220.07028198242188,221.37053243582614,218.06530765715263,218.9288446755302,41960600
2024-08-15,223.04794311523438,223.67326036559285,221.10252008370475,222.92884083716766,46414000
2024-08-16,224.36807250976562,225.14226768918678,221.98592068094572,222.25391598005478,44340200
2024-08-19,224.2092742919922,224.30853630427512,221.38047353975193,224.04054098731652,40687800
2024-08-20,224.82464599609375,225.47973889834265,223.7725353535306,224.0901616619868,30299000
2024-08-21,224.7154541015625,226.2836998547364,223.37550792716294,224.83457153469638,34765500
2024-08-22,222.85939025878906,226.64103964823346,222.23407290784718,226.09512887719345,43695300
2024-08-23,225.1521759033203,226.52191275369313,222.66085720360698,223.98096305377334,38677300
2024-08-26,225.48963928222656,225.58890128123517,222.22412549030662,225.07276614784877,30602200
2024-08-27,226.33334350585938,227.14724957253156,223.21670725505913,224.31844891527626,35934600
2024-08-28,224.80479431152344,228.14971479709,224.0008084384826,226.22414704916858,38052200
2024-08-29,228.0802459716797,231.18696212304621,227.1770283167567,228.3879521456165,51906300
2024-08-30,227.29612731933594,228.68570457235603,225.78743262658827,228.4772755570311,52990800
2024-09-03,221.11248779296875,227.2961293418145,219.52438650802387,226.84948058831634,50190600
2024-09-04,219.20675659179688,220.1298295937355,215.86182100754215,220.01072730838987,43840200
2024-09-05,220.7253875732422,223.80231295165626,219.87178579311316,219.9809679444758,36615400
2024-09-06,219.17698669433594,223.56409767944487,218.13479623481732,222.28368749781316,48423000
2024-09-09,219.26632690429688,219.6236489368284,215.09757995493325,219.17700018247805,67180000
2024-09-10,218.47227478027344,219.83207646515766,215.1174187834135,217.29112653781655,51591000
2024-09-11,221.00331115722656,221.4301044903715,216.26879790334314,219.81224273641337,44587100
2024-09-12,221.11248779296875,221.8866830044339,218.1844402475294,220.84449248276735,37455600
2024-09-13,220.84446716308594,222.3730019797634,220.25886075018875,221.91643313573508,36766600
2024-09-16,214.71047973632812,215.60377723416104,212.32832783334672,214.92882889414335,59357400
2024-09-17,215.17698669433594,215.28616885496612,212.9040318988166,214.14473138540643,45519300
2024-09-18,219.04795837402344,221.05293280374121,215.92138686335736,215.9313221513165,59894900
2024-09-19,227.1670684814453,228.11001204196916,222.9586262544957,223.31594824973243,66781300
2024-09-20,226.5020751953125,231.3556905514529,225.92638886705737,228.2589097535001,318679900
2024-09-23,224.78494262695312,227.742765583781,224.12984974700805,225.64846451262724,54146000
2024-09-24,225.67823791503906,227.64351653597865,224.05044101841318,226.94871280288095,43556100
2024-09-25,224.68569946289062,225.59885242729763,222.3531936181764,223.2564112941643,42308700
2024-09-26,225.8271484375,226.79985253593196,223.73284722402752,225.608784129346,36636700
2024-09-27,226.09510803222656,227.81224676693589,225.60876359989413,226.76013618443497,34026000
2024-09-30,231.26637268066406,231.26637268066406,227.94129216556473,228.32838978012126,54541900
2024-10-01,224.52688598632812,227.9412778656533,222.07526286618742,227.81225543239978,63285000
2024-10-02,225.0926513671875,225.67825786117984,221.36063294746157,224.2092739820147,32880600
2024-10-03,223.9908905029297,225.12240767637772,221.65838486968212,223.46483520314058,34044200
2024-10-04,225.1125030517578,226.30357145139808,222.46237094034984,226.20430944090455,37245100
2024-10-07,220.04049682617188,224.01073444452058,219.68317483471031,222.8295863298211,39505400
2024-10-08,224.0901641845703,224.298593199742,221.58890998571715,222.63110049734397,31855700
2024-10-09,227.8321075439453,228.04055170887608,223.1571606453159,223.554178398676,33591100
2024-10-10,227.33584594726562,227.7924300308487,225.47976432683006,226.08522629350668,28183500
2024-10-11,225.85691833496094,227.70307961960657,225.6484741750507,227.5938974682738,31759200
2024-10-14,229.5790252685547,230.00581860221664,226.89911753216435,226.99836439928595,39882100
2024-10-15,232.11004638671875,235.7229623804217,230.6410474142004,231.87182665313995,64751400
2024-10-16,230.05543518066406,230.3929017691756,228.12986736523644,229.87678174389526,34082200
2024-10-17,230.4226837158203,232.11004699556463,228.8048220166126,231.69315867439417,32993800
2024-10-18,233.25148010253906,234.4226930307779,232.26884075534687,234.4226930307779,46431500
2024-10-21,234.720458984375,235.08771628667242,232.7055644739604,232.7055644739604,36254500
2024-10-22,234.10508728027344,234.4624093106695,230.86934872103873,232.14974382855843,38846600
2024-10-23,229.0430145263672,233.3904297884605,226.06533615950997,232.33831918874512,52287000
2024-10-24,228.8544464111328,229.10258628095696,226.71051430099084,228.26882480795348,31109500
2024-10-25,229.68820190429688,231.484732210271,227.86189602437614,228.03062932515897,38802300
2024-10-28,231.6633758544922,232.98348177622344,230.81970938626554,231.5839844241638,36087100
2024-10-29,231.93136596679688,232.5864588417728,230.59141979007921,231.36561495313973,35417200
2024-10-30,228.38795471191406,231.73287549326048,227.8420439394486,230.8792736886572,47070900
2024-10-31,224.22911071777344,228.11994197442104,223.693120129287,227.63358238786932,64370100
2024-11-01,221.25143432617188,223.67328184782377,218.6310779402587,219.32586653780092,65276700
2024-11-04,220.35812377929688,221.13231895883285,218.0752491010658,219.34572401852256,44944500
2024-11-05,221.78741455078125,222.28369429475046,219.49460455688452,220.14969745378525,28111300
2024-11-06,221.06283569335938,224.38791581537038,219.54422098922427,220.95365355112233,54561100
2024-11-07,225.78741455078125,226.18444740932767,222.8990781242877,222.95862926675593,42137700
2024-11-08,225.51914978027344,227.20835428792034,224.9726384261151,225.72780810336752,38328800
2024-11-11,222.80645751953125,224.26712634517858,220.0937933412938,223.5715733715174,42005600
2024-11-12,222.80645751953125,224.15782408060912,221.94198562097503,223.1244332571579,40398300
2024-11-13,223.69081115722656,225.21109667354565,221.3457931121334,222.5878574334345,48566200
2024-11-14,226.7711639404297,227.41703140021204,223.57160465201176,223.59148192887395,44923900
2024-11-15,223.5715789794922,225.4793879673537,222.84621765747355,224.96268496170848,47923700
2024-11-18,226.57241821289062,228.28149999782985,223.74050538640262,223.8199993254601,44633700
2024-11-19,226.83074951171875,228.69881907074455,225.22103903072198,225.53899960732684,36211800
2024-11-20,227.54620361328125,228.4702922716314,224.45594670445817,226.61216873586113,35169600
2024-11-21,227.0692596435547,228.6988476019872,224.27710117470866,227.42697481306035,42108300
2024-11-22,228.41065979003906,229.25526960886552,226.6121530455377,226.6121530455377,38168300
2024-11-25,231.39163208007812,231.76922452168117,228.2815130321861,229.99059491471002,90152800
2024-11-26,233.56771850585938,234.07449047305911,231.84870566104107,231.84870566104107,45986200
2024-11-27,233.4385528564453,234.19373774290258,232.32566796514345,232.98148163119754,33498400
2024-11-29,235.8233184814453,236.3002669685808,232.48464874765904,233.31931239062584,28481400
2024-12-02,238.06895446777344,239.26133321145704,235.654388648958,235.76369091824088,48137100
2024-12-03,241.1095428466797,241.21884512379424,237.38334952948236,238.2875760799829,38861000
2024-12-04,241.4672393798828,242.5602620666903,239.71841824290905,241.32812877991805,44383900
2024-12-05,241.49703979492188,242.9875169579372,240.59282850575005,242.44102079436578,40033900
2024-12-06,241.29832458496094,243.0769692456264,240.5431549096241,241.36788746709487,36870600
2024-12-09,245.1835174560547,245.67041216886827,240.21525975684386,240.29475369946152,44649200
2024-12-10,246.19703674316406,246.63424582967986,243.7824557106041,245.32261857013248,36914800
2024-12-11,244.92515563964844,249.2077910379196,244.69660488558225,246.38582450957213,45205800
2024-12-12,246.38584899902344,247.16089600762038,244.12030947937123,245.32263454558526,32777500
2024-12-13,246.5547332763672,247.7073574078961,244.6767326870094,246.24670376010008,33155300
2024-12-16,249.44625854492188,249.78411156803347,246.07778066556844,246.41563368868003,51694800
2024-12-17,251.8707733154297,252.21855739876366,248.19426586582333,248.49236434269267,51356400
2024-12-18,246.47525024414062,252.66569465886903,246.16722071424974,250.559158393614,56774100
2024-12-19,248.20419311523438,250.400169527173,245.5213371883983,245.92873792847348,60882300
2024-12-20,252.8743896484375,253.3811464831127,244.13025293349912,246.4653249902114,147495300
2024-12-23,253.6494140625,254.02699130961165,251.84096111600803,253.15258832932108,40858800
2024-12-24,256.56085205078125,256.5707679464462,253.6693071300515,253.86804957710976,23234700
2024-12-26,257.3755798339844,258.44874034869076,255.99442012888886,256.55086249805703,27237100
2024-12-27,253.96739196777344,257.05766400729357,251.45345479939442,256.19316170058187,42355300
2024-12-30,250.59890747070312,251.890657464443,249.15811581542044,250.6287158030117,35557500
2024-12-31,248.83021545410156,251.6720594492945,247.84649497663966,250.83739579916153,39480700
