Price,Close,High,Low,Open,Volume
Ticker,GOOGL,GOOGL,GOOGL,GOOGL,GOOGL
Date,,,,,
2015-01-02,26.244779586791992,26.554532899502213,26.162011701799678,26.39593746405713,26480000
2015-01-05,25.744714736938477,26.16746641234832,25.659967402967474,26.12583574501147,41182000
2015-01-06,25.109350204467773,25.831445672575708,25.055328646524007,25.796258116180052,54456000
2015-01-07,25.035503387451172,25.349716612643217,24.961163720980398,25.322955391440964,46918000
2015-01-08,25.12273406982422,25.151973850462305,24.533457771680816,24.855106702207085,73054000
2015-01-09,24.81595230102539,25.206490345136892,24.713363513265204,25.185675009581548,42000000
2015-01-12,24.634559631347656,24.79414385487283,24.32976151581034,24.742600854209794,57138000
2015-01-13,24.869476318359375,25.206488103596488,24.64447220299611,24.90763776348392,60958000
2015-01-14,25.074161529541016,25.189638426748395,24.689077839172885,24.801083623360086,52800000
2015-01-15,24.979005813598633,25.263482045234877,24.8798843651474,25.220860710975504,51068000
2015-01-16,25.29867172241211,25.31799916670313,24.933408926318027,24.936382815574586,49658000
2015-01-20,25.272897720336914,25.553906605480144,25.244648610014988,25.41315449636776,46796000
2015-01-21,25.790809631347656,25.86316797295614,25.2555549023526,25.317505576139,46356000
2015-01-22,26.628875732421875,26.705198625022977,25.866140248941647,25.920159917266922,56068000
2015-01-23,26.859333038330078,27.030812830129936,26.55205823643554,26.66505657909706,45966000
2015-01-26,26.600130081176758,26.83702974983726,26.36967352389086,26.83702974983726,30932000
2015-01-27,25.830455780029297,26.40486259510123,25.814100334107508,26.33646881268687,39148000
2015-01-28,25.396303176879883,26.053475930577424,25.392338621727873,26.019279042838015,35822000
2015-01-29,25.43595314025879,25.533091360936414,24.95273681170265,25.419597695590006,79018000
2015-01-30,26.64126968383789,26.91633084114425,25.68128185629702,25.721921863427802,121108000
2015-02-02,26.37611961364746,26.589230083829285,25.856724995545918,26.481186958707738,75378000
2015-02-03,26.43063735961914,26.63631216743334,26.108988420819763,26.26411277765697,47062000
2015-02-04,26.07379722595215,26.60161623215957,26.020766335374578,26.422702674265885,33896000
2015-02-05,26.25865936279297,26.30128069732533,26.050999463764416,26.1644931353982,33176000
2015-02-06,26.459383010864258,26.773596294726563,26.20018196013106,26.317144872178822,42938000
2015-02-09,26.231399536132812,26.459377533620344,26.145659647886607,26.31961608980211,30314000
2015-02-10,26.77061653137207,26.812247196975232,26.22594676581309,26.37363731832233,47430000
2015-02-11,26.6635684967041,26.85933284449532,26.56444704470312,26.749308391985274,38306000
2015-02-12,27.060548782348633,27.17602378617039,26.614007874627994,26.745838323988515,48590000
2015-02-13,27.315784454345703,27.384178233198636,27.08978778427378,27.134887673552218,47382000
2015-02-17,27.010986328125,27.406974888399592,26.924255771854156,27.315784443687487,39174000
2015-02-18,26.894023895263672,27.136871347537287,26.74038744742315,26.952010008323782,31164000
2015-02-19,27.082353591918945,27.102673592025468,26.7998587039475,26.88510325966048,30834000
2015-02-20,26.851898193359375,27.138357648954596,26.66852474199983,27.138357648954596,38234000
2015-02-23,26.5148868560791,26.72799731289808,26.366205625657223,26.71312975703122,32906000
2015-02-24,26.695783615112305,26.73295250473786,26.316643925671908,26.343902371786925,28406000
2015-02-25,27.12596893310547,27.23698404941717,26.664063241651803,26.68537579965899,40836000
2015-02-26,27.718713760375977,27.760344430858236,27.014953136685282,27.047168696404526,54032000
2015-02-27,27.884244918823242,28.22076138546092,27.60670523355572,27.662212792492337,68328000
2015-03-02,28.498300552368164,28.54637433563121,27.910016819119566,28.10082595273629,50406000
2015-03-03,28.685142517089844,28.7872359626418,28.27428450704446,28.56421317964636,50526000
2015-03-04,28.662343978881836,28.825892759461063,28.374396638494353,28.59494086554753,37964000
2015-03-05,28.81598663330078,28.90370786981289,28.657393050549967,28.726282173505812,35918000
2015-03-06,28.393230438232422,28.882888000877376,28.35159977108657,28.844231222896845,37592000
2015-03-09,28.452701568603516,28.519607455470886,28.202420350678093,28.295098682366618,23478000
2015-03-10,27.746463775634766,28.23760920087033,27.74497588584259,28.1741706468977,40080000
2015-03-11,27.54029083251953,27.961059245110494,27.526413944721106,27.743984261441902,40524000
2015-03-12,27.811887741088867,27.84509207686113,27.532366711675163,27.67856939310433,35602000
2015-03-13,27.40697479248047,27.96998324250421,27.274649014316687,27.715737462308397,35428000
2015-03-16,27.835180282592773,27.93975228801004,27.32371480780339,27.60174982430397,36856000
2015-03-17,27.635452270507812,27.785619505199847,27.476858700786728,27.66915193887057,28892000
2015-03-18,28.059188842773438,28.076534951795946,27.431751248021985,27.641392445970624,35324000
2015-03-19,27.935787200927734,28.098840651094154,27.858968976251962,27.977913202163844,24660000
2015-03-20,27.999225616455078,28.105780849549934,27.975933615395327,28.086453404190046,44320000
2015-03-23,28.02004051208496,28.23166497553528,27.90555616938704,28.051263514638936,30234000
2015-03-24,28.623191833496094,28.838283615021016,28.15484304416828,28.17714626774787,79156000
2015-03-25,28.1008243560791,28.748580169878046,28.1008243560791,28.624678829587207,53070000
2015-03-26,27.93429946899414,28.110241033898784,27.670143236250304,27.984356472002673,49842000
2015-03-27,27.632476806640625,27.955611706446064,27.601749138831863,27.844594701499393,34552000
2015-03-30,27.81039810180664,27.860950437875008,27.59481098237255,27.766290767931963,24788000
2015-03-31,27.49123191833496,27.8753249658455,27.48974402829509,27.651806826399305,34932000
2015-04-01,27.233016967773438,27.679555947755205,27.06153719690026,27.497670401277457,38902000
2015-04-02,26.827611923217773,27.159171248163606,26.78449336787867,27.1299314719162,47760000
2015-04-06,26.958454132080078,27.037255581958114,26.54957932668498,26.705199003367664,33718000
2015-04-07,27.003555297851562,27.266225549448393,26.94061395783773,27.009998409913532,27318000
2015-04-08,27.200803756713867,27.33263609705122,27.060051639208375,27.060051639208375,28386000
2015-04-09,27.1601619720459,27.2270697493377,26.859330312524875,27.219140638912105,32366000
2015-04-10,27.18593406677246,27.250858620329794,27.009499073276906,27.23698173197154,26104000
2015-04-13,27.19089126586914,27.42035716412749,27.074920929261612,27.112091708806137,29326000
2015-04-14,26.751785278320312,27.088301726641998,26.55156105431552,27.088301726641998,47206000
2015-04-15,26.814231872558594,26.92078709831587,26.384541747207937,26.66158609041061,46962000
2015-04-16,26.937143325805664,27.02189066329923,26.668525309347334,26.680914309092913,31722000
2015-04-17,26.402877807617188,26.75277581006501,26.217523030295755,26.629369809158458,49234000
2015-04-20,26.98719596862793,27.050139190171,26.433109207441547,26.45293387392101,38508000
2015-04-21,26.907405853271484,27.147774753032532,26.872218296543842,27.0754164165487,29128000
2015-04-22,27.217653274536133,27.307853051767484,26.828107831240505,26.914343053182524,31806000
2015-04-23,27.628015518188477,27.811886195200906,27.262259277790157,27.278614723488467,78184000
2015-04-24,28.430896759033203,28.978045104866734,28.167729307687242,28.74758854399547,92168000
2015-04-27,28.057209014892578,28.523077349711357,27.86788779183222,28.38678701678215,48062000
2015-04-28,27.970478057861328,28.141957834247904,27.801476837480607,27.967999501855477,37178000
2015-04-29,27.82278823852539,28.043332464264424,27.704339348380156,27.77917434835811,33622000
2015-04-30,27.197336196899414,27.808913817373433,27.095738075970985,27.68253391470121,47240000
2015-05-01,27.315784454345703,27.31875834350248,26.953495559663324,27.283568897300867,36572000
2015-05-04,27.399045944213867,27.589853169169277,27.12894004951826,27.30735827526502,35260000
2015-05-05,26.91335105895996,27.387645701529028,26.880144837850857,27.266221039894248,28528000
2015-05-06,26.51885414123535,26.957465990299035,26.378102007376686,26.893532090438747,39034000
2015-05-07,26.86379051208496,27.020402733602875,26.43806685079877,26.559489626903794,31844000
2015-05-08,27.206254959106445,27.397062180294455,27.16065973737356,27.202290403814583,28226000
2015-05-11,27.049144744873047,27.425310486307602,27.040224968989044,27.18345373142994,21858000
2015-05-12,26.699748992919922,26.909390233552795,26.514887642995383,26.901954564814268,35282000
2015-05-13,26.737415313720703,26.953002444189668,26.712138199100508,26.785984429247467,24238000
2015-05-14,27.21864891052246,27.242935360949634,26.8865941847536,26.959447864281167,31736000
2015-05-15,27.08433723449707,27.288032586024844,26.886591552283566,27.27762491853992,33440000
2015-05-18,27.093257904052734,27.176023907751638,26.87419967122838,26.95201045322472,26706000
2015-05-19,27.222612380981445,27.426801172723838,27.115561817989402,27.159173819951512,47126000
2015-05-20,27.382688522338867,27.559123512371826,27.015444430540352,27.303887081969783,30840000
2015-05-21,27.59579849243164,27.635447823774303,27.223599185668828,27.26820373813723,34170000
2015-05-22,27.48230743408203,27.666673439218293,27.437702877393217,27.479333544891528,24266000
2015-05-26,27.119029998779297,27.423330896914532,26.909884102657312,27.38616011758206,37474000
2015-05-27,27.46892547607422,27.520468476591876,27.088797028871703,27.19287369609457,34844000
2015-05-28,27.465457916259766,27.54376403325567,27.297944572376394,27.446130471510997,23544000
2015-05-29,27.02635383605957,27.45356543973055,27.012476945654978,27.416889990553614,43446000
2015-06-01,27.219141006469727,27.286542227165988,26.94011534214336,27.195351784287432,33210000
2015-06-02,27.454059600830078,27.693933173798577,27.087310796471247,27.13092468898855,31842000
2015-06-03,27.520469665527344,27.65428333941674,27.36484999106376,27.511052664585776,26710000
2015-06-04,27.342052459716797,27.55367692407164,27.214681892713777,27.36633701736258,26866000
2015-06-05,27.235002517700195,27.423333094984812,27.1284472833847,27.35741786558133,24396000
2015-06-08,26.935157775878906,27.25184954577109,26.90888999812903,27.2389633234346,27336000
2015-06-09,26.869741439819336,27.002564454769487,26.705695421639497,26.93218744627871,30016000
2015-06-10,27.38715362548828,27.49519675237415,27.01594679850562,27.04518657943263,30316000
2015-06-11,27.26027488708496,27.497669872589583,27.217156333369385,27.480819095667282,25872000
2015-06-12,27.13290786743164,27.20129975954737,27.041715526969934,27.117047754564776,25468000
2015-06-15,26.9113712310791,26.963409568094153,26.723537884698743,26.897989674334596,27150000
2015-06-16,27.00404930114746,27.094249084403998,26.84050051367789,26.984721856497877,32526000
2015-06-17,27.08979034423828,27.17701624188115,26.852395318785334,27.03130889352005,24440000
2015-06-18,27.564577102661133,27.61760610131185,27.159171551779902,27.159171551779902,41192000
2015-06-19,27.630990982055664,27.650320318126486,27.37030395517798,27.58143119960647,59290000
2015-06-22,27.738037109375,28.031932206201134,27.699875667068465,27.724657444911124,34752000
2015-06-23,27.92190933227539,27.996746221892437,27.612651330815776,27.743491109080665,31396000
2015-06-24,27.683027267456055,27.884739386043286,27.595801376204903,27.876810275179828,28924000
2015-06-25,27.652299880981445,27.909519559398742,27.628015324453695,27.76876744192622,26684000
2015-06-26,27.409950256347656,27.75390050141618,27.349982808657753,27.739528278542238,43676000
2015-06-29,26.82464027404785,27.302899524996054,26.774583270275233,27.097222845597965,37756000
2015-06-30,26.76466941833496,27.055093398102102,26.739887640871757,27.014948733572524,34510000
2015-07-01,26.926240921020508,27.050637597854173,26.750796572963004,26.9440823666462,30760000
2015-07-02,27.126462936401367,27.159171935603545,26.93961837931496,26.997604490784237,28124000
2015-07-06,27.04121971130371,27.18791960830497,26.866766035219026,26.874199813104312,25614000
2015-07-07,27.259780883789062,27.307854664356682,26.75525574497219,27.13092432164705,33578000
2015-07-08,26.846940994262695,27.173049784548095,26.82216110479443,27.040228669517685,27662000
2015-07-09,26.993144989013672,27.202786214751,26.991658989722236,27.19138788176363,29766000
2015-07-10,27.561107635498047,27.71871052138436,27.357414195702013,27.44216152617321,43436000
2015-07-13,28.335243225097656,28.390750779135566,27.68946879516083,27.729613461456506,41792000
2015-07-14,28.952272415161133,29.226342864162607,28.45617174161919,28.472527186718814,74832000
2015-07-15,28.94137191772461,29.17579305227933,28.755519898987675,28.930468916910236,41466000
2015-07-16,29.824541091918945,29.959345436930985,29.13763125247441,29.215937370955448,112642000
2015-07-17,34.67353820800781,34.84105531593802,33.60204202278473,33.70116157376959,257162000
2015-07-20,34.33751678466797,34.58333810869733,33.78888436555513,34.146216128687264,102436000
2015-07-21,34.461917877197266,34.969910307267725,33.906838555385455,33.94301677590913,75604000
2015-07-22,34.449527740478516,35.35301529416289,34.27705729641545,34.39600151755617,83100000
2015-07-23,33.439979553222656,34.497602700601234,33.28435799117702,34.288454913798745,76232000
2015-07-24,32.45075607299805,33.5916407631135,32.37195650205334,33.54109030898875,82622000
2015-07-27,32.62421798706055,33.060349372452855,32.29116883317396,32.29215949947337,58382000
2015-07-28,32.6931037902832,32.91315268384171,32.38335045052939,32.79718045870024,34364000
2015-07-29,32.78082275390625,32.874988978105385,32.35509719380326,32.821958087710556,36756000
2015-07-30,32.935943603515625,33.10890935426684,32.298098367108175,32.58307365866263,39606000
2015-07-31,32.586055755615234,32.957759813664076,32.57118819828035,32.942892256329195,34922000
2015-08-03,32.94388198852539,33.04052488963097,32.593983943233816,32.593983943233816,31348000
2015-08-04,32.77339172363281,33.10644086790557,32.735232166361655,32.92504684878457,26188000
2015-08-05,33.368614196777344,33.69670243178206,32.986500622057434,32.99492506612837,36448000
2015-08-06,33.21299362182617,33.440971638654986,32.74613269704463,33.40330741518573,40660000
2015-08-07,32.927528381347656,33.146087517506565,32.653953234823845,33.095537067845505,27544000
2015-08-10,32.865570068359375,33.28584313467059,32.72134875017169,33.061332490532585,34458000
2015-08-11,34.211639404296875,34.890620148578996,33.91526759336305,34.671561901112895,109880000
2015-08-12,34.26962661743164,34.494133524281466,33.72644279084618,34.419296628275205,58498000
2015-08-13,34.0238037109375,34.396498393418426,33.80920725770289,34.15712015996569,36354000
2015-08-14,34.16554260253906,34.308773267731304,33.844888164833215,33.901386385511735,27598000
2015-08-17,34.40046310424805,34.431684213332495,33.85281755086952,34.09962954970426,24680000
2015-08-18,34.133827209472656,34.482235435141625,33.96482409415733,34.24979943405285,27710000
2015-08-19,34.39699172973633,34.70228327972988,34.038173957526915,34.202219955749236,50194000
2015-08-20,33.67539596557617,34.50206543959415,33.46724259755062,34.152171160509454,57798000
2015-08-21,31.918468475341797,33.34878617554679,31.872376032389074,33.25709662270343,91880000
2015-08-24,30.63386344909668,31.108158143680015,29.393857486865784,29.766058732191347,129788000
2015-08-25,30.35434341430664,32.065666455972455,30.314694076571453,32.03940245636263,71430000
2015-08-26,32.69706726074219,32.83286415671421,31.241474194582864,31.872379222676752,87740000
2015-08-27,33.104454040527344,33.402810944032204,32.26886489604114,33.30418293765727,58974000
2015-08-28,32.69458770751953,33.056872800925866,32.40019727493379,32.995417469988176,38836000
2015-08-31,32.10630416870117,32.928515519634715,32.03345239151003,32.42943906396135,38936000
2015-09-01,31.201332092285156,31.938792363485042,30.978309299217,31.411963994955574,51458000
2015-09-02,31.96208381652832,31.969517594405914,31.25485589316303,31.619621466954268,37630000
2015-09-03,31.572538375854492,32.27629703520695,31.41196159897669,32.111755703067914,34572000
2015-09-04,31.171594619750977,31.446160412175985,31.049676503023406,31.208270066684438,40478000
2015-09-08,31.911043167114258,31.96853206692031,31.366868608222653,31.768307802816786,39092000
2015-09-09,31.887746810913086,32.579114638474074,31.7633463540958,32.30752461987787,40978000
2015-09-10,32.267879486083984,32.45719885641038,31.802999833920985,31.912033634530783,27850000
2015-09-11,32.477020263671875,32.477515596812545,32.08598688904753,32.22475957298511,34892000
2015-09-14,32.33676528930664,32.50774975168234,32.18956816113716,32.49337752829689,29942000
2015-09-15,32.96122360229492,33.14856158918839,32.3798765277385,32.546894515811395,35546000
2015-09-16,32.983524322509766,33.10990231060107,32.81898300276644,32.98501032165167,26252000
2015-09-17,33.288330078125,33.79979373628238,32.95776134455996,33.0811673698086,47752000
2015-09-18,32.755550384521484,33.197629512042184,32.71143926968984,32.96072794530577,72544000
2015-09-21,33.055885314941406,33.15599932181878,32.61083418235534,32.98303353526446,39094000
2015-09-22,32.37294387817383,32.65147613367,31.968033609625667,32.58456834738646,54362000
2015-09-23,32.377403259277344,32.72383016051654,32.250526141309656,32.358073924541806,29160000
2015-09-24,32.45768356323242,32.54986844284751,31.82628519889584,32.163296935368905,38692000
2015-09-25,31.726179122924805,32.63958101724198,31.701894564393175,32.63958101724198,48480000
2015-09-28,30.93816375732422,31.859991906219815,30.620481301051576,31.67165945228754,47646000
2015-09-29,30.85688591003418,31.45508004817376,30.62989856584358,31.00011469356715,42130000
2015-09-30,31.63796043395996,31.68454632470482,31.18101185089274,31.31383296888264,52954000
2015-10-01,31.81786346435547,31.90905769651312,31.278646088492035,31.61664855995753,42506000
2015-10-02,32.56077575683594,32.56127108995864,31.396599234081275,31.62011736040597,48788000
2015-10-05,33.2888298034668,33.355737604578714,32.50527687408465,32.789261638284174,37960000
2015-10-06,33.286834716796875,33.64168602035817,32.86259519334945,33.17333916842883,42774000
2015-10-07,33.20555877685547,33.638718129263374,32.61628252768684,33.57230568073825,44354000
2015-10-08,33.05687713623047,33.29923116028979,32.43687508179516,33.17830181482657,39308000
2015-10-09,33.26701354980469,33.40825910734561,32.826915760129864,33.081161544872245,32124000
2015-10-12,33.52423095703125,33.60104917988779,33.068770283956596,33.16541317419042,26684000
2015-10-13,33.858272552490234,34.12044745912008,33.35969140514747,33.416688744844,42446000
2015-10-14,33.72148513793945,34.1987518384409,33.64664824313249,33.8860264836559,31292000
2015-10-15,34.3464469909668,34.402945221057735,33.91874003763145,33.96136137678184,47156000
2015-10-16,34.46043395996094,34.505040412734076,34.15217036169163,34.464400406426904,36316000
2015-10-19,34.68989944458008,34.704271667654304,34.30629985739765,34.395013642656146,30172000
2015-10-20,33.70116424560547,34.593255399868426,33.38793978480424,34.587802954463235,52434000
2015-10-21,33.294769287109375,33.94401111923088,33.24025239329486,33.86025444598317,31952000
2015-10-22,33.75766372680664,34.10012797866702,33.28981213180175,33.47516881429888,88632000
2015-10-23,35.6503791809082,37.29430280178974,35.58149006711172,37.17337346222999,126726000
2015-10-26,36.23469924926758,36.42451770751591,35.684576990935064,35.684576990935064,48776000
2015-10-27,36.318946838378906,36.47456838648194,35.888763308780476,36.00919352252496,38778000
2015-10-28,36.52214813232422,36.54444946438141,36.043887029364974,36.32787169266698,39604000
2015-10-29,36.9151611328125,37.01130868216569,36.43491871910324,36.50777427128733,36520000
2015-10-30,36.545440673828125,36.9875197815867,36.50281934139583,36.950350894272155,39984000
2015-11-02,37.05840301513672,37.080209019740465,36.25105904340479,36.40370863797004,39914000
2015-11-03,37.11191940307617,37.25465095212452,36.732282521981745,36.94390696134643,36306000
2015-11-04,37.433563232421875,37.66104588481294,37.13074836229224,37.16544058222655,41840000
2015-11-05,37.69921875,37.98072302629213,37.5406251643169,37.60703384145855,45486000
2015-11-06,37.745304107666016,37.81567921821528,37.4196887710579,37.63577499594881,33544000
2015-11-09,37.40681076049805,37.82956441203105,37.1263009229002,37.592662801821334,35538000
2015-11-10,37.579769134521484,37.69574136007943,37.09160134799156,37.342871352393196,29798000
2015-11-11,37.92620849609375,38.116023208886446,37.65362398124862,37.783968458925706,41866000
2015-11-12,37.4940299987793,37.953457108021205,37.46082377615813,37.67492488564098,35452000
2015-11-13,36.67826843261719,37.43455892881181,36.64852953927133,37.37062692516379,48188000
2015-11-16,37.19121170043945,37.25514369321806,36.39378222226086,36.685200640491274,50704000
2015-11-17,36.97116470336914,37.415724239402024,36.87551248529831,37.29281357803465,38864000
2015-11-18,37.666507720947266,37.72052928713588,37.04105315890087,37.1490962912781,36266000
2015-11-19,37.66303253173828,37.82608408148432,37.52872164405847,37.655099640143106,28078000
2015-11-20,38.5085334777832,38.62351503610486,37.86920591541211,38.126919028981426,55478000
2015-11-23,38.49366760253906,38.80094428854692,38.33556937088508,38.53183093966916,34648000
2015-11-24,38.14327621459961,38.45848202792042,37.57233859575199,38.30831289958813,47880000
2015-11-25,38.124942779541016,38.31029947400531,37.98964120270627,38.245373017983475,23612000
2015-11-27,38.259246826171875,38.35985616765647,38.01293014200429,38.11998259525564,14434000
2015-11-30,37.80725860595703,38.41090333313386,37.72151681740455,38.25429109375939,33586000
2015-12-01,38.84504699707031,38.90501632777497,37.960888829521004,38.00995327058177,40398000
2015-12-02,38.55066680908203,39.30398533294963,38.48028791000234,38.917413736414346,46876000
2015-12-03,38.07240295410156,38.8792476496772,37.78743138943323,38.68497119885509,41950000
2015-12-04,38.618064880371094,38.77715378075039,37.9390879429915,38.14724129104208,49800000
2015-12-07,38.30979919433594,38.706776533144634,37.99905140758588,38.6601887536702,36626000
2015-12-08,38.41635513305664,38.59031159177223,37.79090063352349,37.88902953011496,31082000
2015-12-09,37.792388916015625,38.463440572456555,37.27002039401039,38.21613320233891,46550000
2015-12-10,37.66798400878906,37.96683621191208,37.418200027384074,37.8439255534266,32458000
2015-12-11,37.19121170043945,37.53912833466808,37.10348859702902,37.120836596962086,43184000
2015-12-14,37.79188919067383,37.87168319457335,36.48943915033752,37.23284717377859,53864000
2015-12-15,37.670475006103516,38.39703048981386,37.5668936512276,38.052089529022815,49386000
2015-12-16,38.48820877075195,38.73155341358825,37.519798654441736,37.99161282435509,53120000
2015-12-17,38.153194427490234,38.73602388387726,38.12692664343989,38.71471321295344,36510000
2015-12-18,37.5098876953125,38.36679123551523,37.49700147291323,38.02432701928173,67794000
2015-12-21,37.705650329589844,37.98071140919186,37.376072367099624,37.81716076052727,34848000
2015-12-22,38.019371032714844,38.178459922760425,37.725479698903165,37.87763014446441,36338000
2015-12-23,38.087772369384766,38.25578485079909,37.549545591367014,38.19581550400989,30594000
2015-12-24,37.9554443359375,38.121967026826745,37.88358321558441,38.08826546588451,10412000
2015-12-28,38.76823806762695,38.796982516632795,38.049116384625684,38.16161751475864,31156000
2015-12-29,39.34908676147461,39.5835078954568,38.96449650098464,39.00364672472533,38430000
2015-12-30,39.167694091796875,39.47298946788614,39.01405762802681,39.34908811809244,28566000
2015-12-31,38.558597564697266,39.070061195968314,38.524400670568546,39.044784079952116,32752000
2016-01-04,37.63825607299805,37.77504364540484,37.04848444557318,37.77504364540484,67382000
2016-01-05,37.74183654785156,38.12196502838937,37.45042185407198,37.86920900632644,45216000
2016-01-06,37.6328010559082,37.949988183144754,37.07128236216746,37.188740590244564,48206000
2016-01-07,36.7243537902832,37.43356488866591,36.440868240395986,36.99644289815317,63132000
2016-01-08,36.22429656982422,37.1763533788604,36.12566855268725,37.06137180497917,47506000
2016-01-11,36.331336975097656,36.43095563587085,35.66177524988717,36.27582942404055,50896000
2016-01-12,36.9394416809082,37.08812477510275,36.49785795791573,36.71195904236153,46816000
2016-01-13,35.66228103637695,37.31909117304099,35.52400745125399,37.13769713166431,51728000
2016-01-14,36.24807357788086,36.66933729842311,34.94017130905781,35.903628068704954,55558000
2016-01-15,35.2122688293457,35.88975978830564,34.76721389231508,35.18748704759589,76676000
2016-01-19,35.63798904418945,35.94873684367419,35.180547018054305,35.69101993729111,48724000
2016-01-20,35.61222457885742,36.02803598501335,34.08674963865114,34.98478490845302,82440000
2016-01-21,36.014156341552734,36.559321507615586,35.242994485192334,35.69201208578,51938000
2016-01-22,36.945396423339844,37.09903665794988,36.699578854067745,36.77391663401098,47146000
2016-01-25,36.358604431152344,37.29232636958022,36.303096866334485,36.86511474128454,45340000
2016-01-26,36.367027282714844,36.64803620787639,36.02902479571149,36.437406183170076,30940000
2016-01-27,35.56364822387695,36.47109842060244,35.35896222809651,36.47109842060244,42428000
2016-01-28,37.086151123046875,37.22789202186136,36.20892749174018,36.58509330238042,62104000
2016-01-29,37.73291778564453,37.919265141814634,36.88295256749383,37.118863488071085,75808000
2016-02-01,38.199771881103516,38.537774306433036,37.73439701671805,38.224054544631905,111522000
2016-02-02,38.70232391357422,40.1613863671648,38.68695724186778,39.67321473396329,135846000
2016-02-03,37.13967514038086,39.2236927447917,36.4894389002937,38.96845629431944,131114000
2016-02-04,36.18068313598633,36.93450085577868,35.812450169359465,36.90228529218986,104922000
2016-02-05,34.87872314453125,36.01663189098759,34.6993142431125,35.95617100046142,109556000
2016-02-08,34.89854431152344,34.916387645717705,33.80077656412956,34.08178544538615,89410000
2016-02-09,34.7429313659668,35.73117024997232,34.12243389757832,34.342978167841295,84300000
2016-02-10,35.0318603515625,35.843166763463365,34.9595039117977,35.27669100973406,60314000
2016-02-11,35.00758743286133,35.30296861448076,34.25575481047137,34.51099131531238,65004000
2016-02-12,35.033851623535156,35.48534590475002,34.770682252041645,35.29751254701565,46538000
2016-02-16,35.566619873046875,35.82631808715158,35.19689721827331,35.61667498149331,43444000
2016-02-17,36.27682876586914,36.36554255840018,35.515581088982934,36.0305120585616,49154000
2016-02-18,35.560176849365234,36.476550597063806,35.46303863066526,36.37544971377849,47276000
2016-02-19,35.78815460205078,35.88331148782119,35.34260439630213,35.48038261309075,34918000
2016-02-22,36.13210678100586,36.41955878626943,35.85456900001686,36.154903446967474,37516000
2016-02-23,35.549278259277344,36.22379724590707,35.468992694342795,35.985908768899954,41332000
2016-02-24,35.72819519042969,35.74405719657467,34.792495636995426,35.21821751348267,37092000
2016-02-25,36.13557434082031,36.15489989203504,35.348055292943855,35.82879303143744,36146000
2016-02-26,35.92444610595703,36.48447873841174,35.77972944789693,36.35760541401729,42474000
2016-02-29,35.545806884765625,36.20892557094318,35.52697288328393,35.733144889867106,45068000
2016-03-01,36.782344818115234,36.79027392922235,35.61618318536407,35.74801363779594,60112000
2016-03-02,36.649024963378906,36.82942453172639,36.3402622731228,36.81703742240117,36292000
2016-03-03,36.257991790771484,36.72435738451275,36.160853561150574,36.64902515606832,40534000
2016-03-04,36.190101623535156,36.426999448341576,35.96211979615728,36.41708900336268,48516000
2016-03-07,35.326751708984375,36.04092001602453,34.947118553748695,35.93882467011643,61690000
2016-03-08,35.36292266845703,35.79509129787449,34.89061315649968,35.10818157976125,52530000
2016-03-09,35.95170974731445,35.99284508425381,35.31981213693724,35.444208814018566,39544000
2016-03-10,36.2867431640625,36.50332097638642,35.84664531267094,36.06966623739753,44616000
2016-03-11,36.91615676879883,36.917642768168925,36.51124651804563,36.672320531192405,35380000
2016-03-14,37.18229293823242,37.38152647994855,36.85618229241343,36.921108734211984,32824000
2016-03-15,37.19865036010742,37.31957969896712,36.81554612385186,36.97314901838663,29832000
2016-03-16,37.5351676940918,37.616447699373644,36.99694099741152,37.12331900339101,29306000
2016-03-17,37.59067153930664,37.93065530154095,37.535163986288794,37.54953620761174,44564000
2016-03-18,37.43852996826172,37.77207069843079,37.260607044158085,37.74679736244718,56222000
2016-03-21,37.77306365966797,37.83154322264555,37.23334712919507,37.36418692731438,28774000
2016-03-22,37.66847610473633,37.91380206757051,37.56093212367978,37.58868589700638,22096000
2016-03-23,37.54507827758789,37.93313963659312,37.46925071748372,37.83203496273128,24678000
2016-03-24,37.4102783203125,37.54508077994394,37.195186515983465,37.22987874248815,31116000
2016-03-28,37.33296203613281,37.581755382538326,37.271506699205716,37.47618893008847,21676000
2016-03-29,37.95792007446289,38.02185586264317,37.08565730125596,37.35278555411374,40062000
2016-03-30,38.07933807373047,38.52389760821016,38.04167385501383,38.07289496272824,40396000
2016-03-31,37.80973434448242,38.116016589411664,37.57927587992362,38.07934303204804,32554000
2016-04-01,38.1452522277832,38.16358711207274,37.428108316848494,37.52525030742027,31674000
2016-04-04,37.91975784301758,38.28254208599755,37.75472116728307,38.13732629724727,26924000
2016-04-05,37.59514236450195,37.80825285145234,37.44794522203657,37.57333636073618,24478000
2016-04-06,38.06595993041992,38.0833079327249,37.48263146233071,37.55895435390131,25312000
2016-04-07,37.67195129394531,38.129888603393354,37.54210218863811,37.9296643911301,25498000
2016-04-08,37.639739990234375,38.019373125392455,37.45636842498476,37.95692712159632,23434000
2016-04-11,37.54408645629883,38.02383358280275,37.534176013049674,37.936110468197455,31774000
2016-04-12,37.88010787963867,37.90984299079159,37.24821029945785,37.588197869959586,27388000
2016-04-13,38.25627517700195,38.44658518949938,37.89349092576384,38.17697650258468,35426000
2016-04-14,38.428741455078125,38.63788544717857,38.321193679418,38.42725545585743,26992000
2016-04-15,38.6572151184082,38.70330756283231,38.40594134467896,38.43419423596172,31712000
2016-04-18,39.037837982177734,39.08095842713556,38.53876534016277,38.666629332331645,33540000
2016-04-19,38.47135925292969,39.19989960802038,38.174987511911795,39.17759827825267,43952000
2016-04-20,38.40544891357422,38.64036915114674,38.22455401609145,38.615587370705235,34262000
2016-04-21,38.6572151184082,38.74047644951721,38.23842801630515,38.52389867825192,77628000
2016-04-22,36.56428146362305,37.364683162147664,36.19753450973962,36.868582406522336,140798000
2016-04-25,36.78432846069336,36.91665425455656,36.4319537498207,36.44434464096511,49442000
2016-04-26,35.94973373413086,36.95184574407194,35.69945056237093,36.89386150973941,55864000
2016-04-27,35.755943298339844,36.037939065535866,35.14238064462546,35.947243957369174,66262000
2016-04-28,34.94314956665039,36.14251740082826,34.850968452731756,35.84664094305175,62590000
2016-04-29,35.082916259765625,35.292555620985475,34.879716229609336,34.89656890051381,58278000
2016-05-02,35.40654373168945,35.456103511833895,35.00758126259808,35.28313772386354,33476000
2016-05-03,35.11066818237305,35.35499975761387,35.0556559553128,35.311883088071774,38620000
2016-05-04,35.25587463378906,35.438255508178365,34.89309043605963,35.02789665021826,34172000
2016-05-05,35.42140579223633,35.562155999750416,35.16071692734134,35.4357780128134,29668000
2016-05-06,35.940303802490234,35.980448466776664,35.284618962650164,35.29700985130672,39952000
2016-05-09,36.136070251464844,36.39180201162871,35.85704271299202,36.015636257808204,38074000
2016-05-10,36.644073486328125,36.67479926638615,36.2589878822856,36.42501523603503,32634000
2016-05-11,36.206451416015625,36.71444768996058,36.075116291978944,36.70057079973156,29834000
2016-05-12,36.08354187011719,36.44533547488468,35.89521317983098,36.27831367258135,27094000
2016-05-13,35.92296600341797,36.24312514648565,35.857544217073524,36.01167979091152,25244000
2016-05-16,36.19406509399414,36.312018675830096,35.68359208991716,35.897693249215045,22538000
2016-05-17,35.692996978759766,36.46911582215026,35.58446232117749,36.23172272686778,33404000
2016-05-18,35.77180099487305,35.95963431961502,35.4367705628986,35.60924100016118,32536000
2016-05-19,35.451141357421875,35.70836289434013,35.203338710774595,35.599329124828394,30598000
2016-05-20,35.768333435058594,36.065200563188185,35.436278749684575,35.5081436446972,34798000
2016-05-23,35.54729461669922,35.857047974776364,35.53193172736978,35.682596184229425,24816000
2016-05-24,36.329368591308594,36.38735282828721,35.666245959412564,35.676160186302546,37884000
2016-05-25,36.580631256103516,36.669345041082416,36.30805057051219,36.426994800930785,32216000
2016-05-26,36.522640228271484,36.72930753892124,36.327868472798635,36.47654778783713,27202000
2016-05-27,37.05146026611328,37.06682315607613,36.52661131110884,36.55139309324433,34802000
2016-05-31,37.113407135009766,37.342871138134186,36.9508471306871,37.108945355955505,42484000
2016-06-01,37.09407424926758,37.238295571635696,36.88988359721674,37.09456958231855,20788000
2016-06-02,36.88642501831055,37.03659415409097,36.52611740283739,36.977120143347165,33916000
2016-06-03,36.46961975097656,36.74864735721158,36.372976845215106,36.74864735721158,24608000
2016-06-06,36.182159423828125,36.60045118033426,36.09444009764339,36.60045118033426,29992000
2016-06-07,36.233211517333984,36.511739965032035,36.21883929516108,36.34125463134832,24314000
2016-06-08,36.820011138916016,36.8636231430743,36.46515976435017,36.65001733945805,32314000
2016-06-09,36.799686431884766,36.86956620870223,36.50133332383964,36.529582434418245,19180000
2016-06-10,36.33728790283203,36.65695168217192,36.20446679145563,36.47407546012849,29050000
2016-06-13,36.27236557006836,36.625235575784615,36.170270234252484,36.170270234252484,23354000
2016-06-14,36.34026336669922,36.47655560389819,36.00573200030431,36.14499623635023,26584000
2016-06-15,36.287723541259766,36.533541065697015,36.24410776632347,36.42302130101448,23234000
2016-06-16,35.89421463012695,36.19851549161417,35.462541333687845,36.07808150047088,45002000
2016-06-17,34.90300750732422,35.75247351555074,34.74788128177371,35.75247351555074,82262000
2016-06-20,34.996177673339844,35.478896767256636,34.9604947863138,35.20334033248818,45654000
2016-06-21,35.13248062133789,35.45462493143951,34.92333656602678,35.19046485781815,30318000
2016-06-22,35.211273193359375,35.39662987357787,34.98379051052334,35.388700762412896,29058000
2016-06-23,35.42934036254883,35.42983569566795,34.704766319667236,35.21523923885496,42500000
2016-06-24,33.95887756347656,34.94017783883471,33.944505340796354,34.205194243838825,95436000
2016-06-27,33.75766372680664,33.866202181164574,33.33739058054538,33.824571511160016,58146000
2016-06-28,34.25921630859375,34.33256720359244,33.94153384325508,34.26466875411095,38246000
2016-06-29,34.4539909362793,34.66759674593767,34.32959425122741,34.407902265070526,43124000
2016-06-30,34.86731719970703,34.879212755078385,34.4396103510642,34.57590256128682,42250000
2016-07-01,35.20037078857422,35.313367235564,34.87723588818272,34.94513433546539,30984000
2016-07-05,34.93473434448242,35.094813948610685,34.649267369027214,34.94068212455833,28440000
2016-07-06,35.136932373046875,35.33666125894129,34.64281304625508,34.684443712146134,28902000
2016-07-07,35.052181243896484,35.196402575199734,34.72557902815926,35.193430576709765,21174000
2016-07-08,35.57355499267578,35.57950277015183,35.09430327509405,35.21572792740694,29946000
2016-07-11,36.04042053222656,36.12615853088788,35.627581197812525,35.65483964245859,28822000
2016-07-12,36.303585052490234,36.456726158764525,36.055287059213185,36.27434527631634,26468000
2016-07-13,36.15341567993164,36.45276322722042,36.13061901508468,36.45276322722042,20436000
2016-07-14,36.46664047241211,36.48348935938375,36.208428254636914,36.37445558363999,21408000
2016-07-15,36.458221435546875,36.724359022029105,36.40915320425072,36.724359022029105,32342000
2016-07-18,37.32899856567383,37.4251461342427,36.50183378855575,36.571218242041624,38698000
2016-07-19,37.33940124511719,37.49700034530785,37.095561255359605,37.16395502993372,30436000
2016-07-20,37.52128982543945,37.6977267210247,37.371120709067064,37.371120709067064,22502000
2016-07-21,37.38896560668945,37.574322287069656,37.24573492896354,37.517324947153064,19062000
2016-07-22,37.63032150268555,37.63874594615947,37.30222950976269,37.53318328327575,20920000
2016-07-25,37.5430908203125,37.65708169901628,37.37210639284095,37.551019930095954,21466000
2016-07-26,37.54953384399414,37.629327837018764,37.306688314827376,37.54309073334097,23792000
2016-07-27,37.76364517211914,37.88655585972637,37.46430134618541,37.61496581608013,32172000
2016-07-28,37.9554443359375,38.110570582904394,37.62090917350028,38.10412747061386,73464000
2016-07-29,39.219234466552734,39.843694475059195,39.15282201975039,39.53493558365979,101810000
2016-08-01,39.695011138916016,40.01963200022374,38.906996758344384,38.98778141917744,60594000
2016-08-02,39.65437698364258,39.76341076894341,39.377334522302355,39.51610341953292,39928000
2016-08-03,39.594905853271484,39.625635414842904,39.30250048161637,39.47348494996381,29206000
2016-08-04,39.512142181396484,39.6583448758801,39.34710548232943,39.561206635015154,21520000
2016-08-05,39.99188232421875,40.00625454641869,39.539888981062546,39.653879873633365,36146000
2016-08-08,39.907630920410156,40.025089146429046,39.732184690456634,39.94579047542505,24426000
2016-08-09,40.019142150878906,40.309070832717715,39.849643696051665,39.87095436353792,32154000
2016-08-10,40.06919479370117,40.18764368094775,39.97007524028606,39.997829017735775,18370000
2016-08-11,40.05482482910156,40.336329065313144,39.9457910454994,40.167325944496035,25646000
2016-08-12,39.997833251953125,40.00477169705007,39.828830122768984,39.90069502059594,17946000
2016-08-15,39.943809509277344,40.21143685461679,39.84815728255682,40.00576017862901,18596000
2016-08-16,39.7074089050293,39.85955936280147,39.49974710575874,39.821891357624246,21158000
2016-08-17,39.91704559326172,39.92745515071366,39.46505224829601,39.648427587107115,21322000
2016-08-18,39.78472137451172,40.044914946997075,39.72921381570619,39.9140751610742,17292000
2016-08-19,39.63108444213867,39.709392455669665,39.49380531421707,39.638022887567416,22416000
2016-08-22,39.49726104736328,39.61372858596531,39.36741195499486,39.57457459069799,17056000
2016-08-23,39.479427337646484,39.697990248322824,39.4496922247707,39.67221780054036,18350000
2016-08-24,39.33123779296875,39.57210200442237,39.19048379740571,39.49280333968233,25672000
2016-08-25,39.21725082397461,39.386749279023256,39.01554059168102,39.25194304797067,24054000
2016-08-26,39.312408447265625,39.61869447150901,39.12358443483811,39.27623022324972,24978000
2016-08-29,39.441261291503906,39.575073058599536,39.16867686442419,39.303978411853706,15474000
2016-08-30,39.247989654541016,39.54931863195724,39.1265649512864,39.29556811314198,23348000
2016-08-31,39.1453971862793,39.23063987261507,39.01406204312871,39.13300629366386,21428000
2016-09-01,39.222206115722656,39.296052339503966,38.97093611526492,39.25095055981818,26070000
2016-09-02,39.49330139160156,39.504701615264096,39.314387831720914,39.41400650257104,26998000
2016-09-06,40.045902252197266,40.18813846911417,39.42193381995579,39.568631815748255,39790000
2016-09-07,40.04442596435547,40.17377599026217,39.83280147226431,40.04145018399391,22906000
2016-09-08,39.78917694091797,40.06572783297309,39.69848183028159,39.907134277339736,23554000
2016-09-09,39.07748794555664,39.7351579274899,39.05617727985102,39.58746548560531,37752000
2016-09-12,39.589942932128906,39.6568469226225,38.830673009947134,38.88122722905527,37274000
2016-09-13,39.08938217163086,39.4397754829179,38.87180996197092,39.35155704348209,36180000
2016-09-14,39.17561340332031,39.46653648279941,39.03040142068039,39.03040142068039,25842000
2016-09-15,39.70938491821289,39.829319800381704,39.0864071661914,39.15331494197176,31144000
2016-09-16,39.547821044921875,39.59986127352179,39.332233914655745,39.59986127352179,42612000
2016-09-19,39.41996383666992,39.84618483938841,39.32926870199164,39.70344946713082,22990000
2016-09-20,39.63752365112305,39.784720771284974,39.56219142514791,39.6484285419383,20984000
2016-09-21,39.8977165222168,39.94133230354657,39.45167095268349,39.710873850467394,26970000
2016-09-22,40.43892288208008,40.59305467798148,40.03054527609575,40.144037066542495,35186000
2016-09-23,40.389854431152344,40.49095532045387,40.279334650563136,40.39877420816866,28234000
2016-09-26,39.77976608276367,40.14800279099259,39.670732292642924,40.1351165669417,29454000
2016-09-27,40.18021774291992,40.317005324515556,39.73912921617685,39.73912921617685,27346000
2016-09-28,40.147010803222656,40.15642969585101,39.786211632368754,39.850638975401445,29406000
2016-09-29,39.779266357421875,40.33781302237875,39.691047912546445,40.006749023428284,27000000
2016-09-30,39.84964370727539,40.04937260689852,39.72277036855375,39.82684704043529,33204000
2016-10-03,39.66726303100586,39.8238714822314,39.461586351677724,39.774807035297634,29784000
2016-10-04,39.786705017089844,39.970575706893506,39.63207788891614,39.8962341417,25174000
2016-10-05,39.70938491821289,40.06968867895516,39.6836124740355,39.945787351078884,24276000
2016-10-06,39.80107116699219,39.992870939078,39.67370250612061,39.85063094250187,21998000
2016-10-07,39.68361282348633,39.94281570440797,39.49082238586249,39.94232037133624,23262000
2016-10-10,40.350704193115234,40.50979310078512,39.7594465659956,39.843203242180316,29922000
2016-10-11,40.12272644042969,40.63270406059617,40.01369264823169,40.35070446903955,34432000
2016-10-12,40.23175811767578,40.3670559033372,40.072173884155006,40.24117322824246,18158000
2016-10-13,39.85063552856445,39.97354620592103,39.580036173829214,39.94926353902926,27380000
2016-10-14,39.876407623291016,40.14849675617935,39.76341117187792,40.017656968726286,22238000
2016-10-17,39.98741912841797,40.31699712347975,39.838244466449275,39.94529312950807,21128000
2016-10-18,40.71348571777344,41.07626617908911,40.30907080657506,40.352682807750895,45786000
2016-10-19,40.97863006591797,41.125331844676545,40.78237229168514,40.78237229168514,30002000
2016-10-20,40.72042465209961,41.05941778444078,40.66689842563288,41.014316002207444,27878000
2016-10-21,40.840850830078125,40.85225105307842,40.55587928558725,40.63963594883086,32316000
2016-10-24,41.41971969604492,41.52875347649293,41.08766502371231,41.13970524844202,28952000
2016-10-25,41.063385009765625,41.556509937947624,40.902310994187594,41.556509937947624,37814000
2016-10-26,40.74371337890625,41.02175026562118,40.458741829048265,40.992506707961205,35898000
2016-10-27,40.50830841064453,40.96575047897831,40.372511500088656,40.78882200989298,59470000
2016-10-28,40.61783218383789,41.58128909299578,40.49095506814586,41.13227152883113,87098000
2016-10-31,40.139076232910156,40.76998314410577,40.04491378761631,40.760068919652475,44854000
2016-11-01,39.920021057128906,40.3402979954577,39.56219390659533,40.18715308716987,47118000
2016-11-02,39.074520111083984,39.98346018067606,38.90502165235675,39.98346018067606,47014000
2016-11-03,38.765750885009766,39.152817737564014,38.589314011076894,38.88023331679721,43504000
2016-11-04,38.71173858642578,39.07749486201576,38.211176067363354,38.226043624564454,39412000
2016-11-07,39.7490348815918,39.89622820947668,39.29654622677632,39.39814622472811,39852000
2016-11-08,40.242164611816406,40.44337951853798,39.62959633288325,39.749039679466506,35382000
2016-11-09,39.92547607421875,40.228786349128455,39.25393284787347,39.73912870862616,61970000
2016-11-10,38.671592712402344,40.147008660336425,38.07389197576204,40.14403666145616,118192000
2016-11-11,38.24834442138672,38.5229064277716,37.94057240987771,38.49911909517045,71852000
2016-11-14,37.32999038696289,38.24983542901982,36.8527236426109,38.24884476267782,73766000
2016-11-15,38.4173469543457,38.66911609645367,37.92471734287861,37.93710445273136,58878000
2016-11-16,38.656227111816406,38.83067889645165,37.97972685942796,38.18242775612099,35968000
2016-11-17,38.9625129699707,39.09830987865704,38.64978759463484,38.78112272372965,30674000
2016-11-18,38.457496643066406,39.21676305244615,38.426770859246425,39.01257611519993,36126000
2016-11-21,38.895111083984375,38.9818397549944,38.473843494736954,38.56305261254396,32616000
2016-11-22,38.9050178527832,39.33966317653558,38.8425718543337,39.10276540512424,27884000
2016-11-23,38.60765838623047,39.12903619409103,38.29294792320219,39.12903619409103,26260000
2016-11-25,38.66861343383789,38.80093920131015,38.56750877340696,38.78656698042313,12270000
2016-11-28,38.944175720214844,39.63554355069087,38.56305279931008,38.57544368984835,51508000
2016-11-29,39.12507247924805,39.47199474377138,38.921872452049314,39.072536915833474,31240000
2016-11-30,38.453025817871094,39.227658718117254,38.31772804060884,39.108219162246705,45582000
2016-12-01,37.8806037902832,38.5878336065136,37.33692465022491,38.585356940936016,57342000
2016-12-02,37.887046813964844,38.18639438646964,37.61644746793734,37.76017347564853,34376000
2016-12-05,38.569000244140625,38.65721869535998,38.01144420526524,38.161613327470754,33770000
2016-12-06,38.4678955078125,38.918898206831095,38.326154611274966,38.66663374400769,34682000
2016-12-07,39.22567367553711,39.2519376706177,38.336554634473075,38.65473616658318,40588000
2016-12-08,39.4090461730957,39.598864608041296,39.049237750304265,39.29902173493616,32250000
2016-12-09,40.11677932739258,40.141561110092276,39.55178946859574,39.61374014417583,38090000
2016-12-12,40.039955139160156,40.21093958331621,39.87293714086699,39.88730936272097,32572000
2016-12-13,40.408687591552734,40.85275185979928,40.24018357634392,40.26248491109173,42564000
2016-12-14,40.53506088256836,40.850761959471455,40.281805798563525,40.43742733835849,35994000
2016-12-15,40.424049377441406,40.788319592312604,40.243150712118606,40.508796707943475,35394000
2016-12-16,40.1361083984375,40.599993571891716,40.050861940203475,40.555886233887726,51978000
2016-12-19,40.26793670654297,40.45230272271957,39.87145089419559,40.10835247157643,25272000
2016-12-20,40.40174865722656,40.465684443032714,40.19359530642945,40.31105353874846,25438000
2016-12-21,40.25306701660156,40.42751879857945,39.901187672850476,40.42751879857945,29192000
2016-12-22,40.128173828125,40.197062939293644,39.94727515879461,40.099429384242015,22632000
2016-12-23,40.03499984741211,40.19210740994424,39.90168339880181,40.045409405045106,15310000
2016-12-27,40.14056396484375,40.44139754446835,39.9358817294239,40.07861329342723,19520000
2016-12-28,39.87491989135742,40.30906990444392,39.76935722258876,40.30906990444392,24296000
2016-12-29,39.79116439819336,39.933400626733366,39.55624794002993,39.76390595197104,21148000
2016-12-30,39.274253845214844,39.8114899523508,39.133995148419324,39.80752350567644,34718000
2017-01-03,40.045406341552734,40.21539633309131,39.49429347266178,39.67915101867974,39180000
2017-01-04,40.033512115478516,40.31402567112572,39.852121894934385,40.13857944763602,30306000
2017-01-05,40.293704986572266,40.329387874135804,39.941825660562905,40.0201298799709,26810000
2017-01-06,40.897850036621094,41.08370203879968,40.21837402767961,40.39133980705089,40342000
2017-01-09,40.9954833984375,41.156553620428234,40.71992695217719,40.95533873092082,28178000
2017-01-10,40.9375,41.10600779966856,40.79526376303978,40.990035563078536,23948000
2017-01-11,41.1283073425293,41.13028867503638,40.71249597903308,40.967732442570274,26508000
2017-01-12,41.11195755004883,41.154083556693756,40.6896992549168,41.054960204732815,26990000
2017-01-13,41.181827545166016,41.365694418692534,41.11145243977034,41.18479954349188,25804000
2017-01-17,41.009361267089844,41.14416371371589,40.798232148348184,41.13524393666642,28818000
2017-01-18,41.0866813659668,41.12583537446758,40.8418506512951,41.125340041284225,20554000
2017-01-19,40.85621643066406,41.283927114090865,40.83590021101298,41.08568421811343,21410000
2017-01-20,41.04454803466797,41.0975789251788,40.8676158093793,41.090141366416965,26124000
2017-01-23,41.85040283203125,41.90541505595806,41.07081658690556,41.21503792479932,49148000
2017-01-24,42.10316848754883,42.20179272541414,41.74385153490285,41.976786686129884,33768000
2017-01-25,42.54524612426758,42.56209501388649,42.113572732334454,42.30240053724448,33108000
2017-01-26,42.472389221191406,42.6716227972633,42.15223007915274,42.57497989865023,69866000
2017-01-27,41.88014221191406,42.96898657770264,41.725019748745005,42.57250452723299,75050000
2017-01-30,40.8294563293457,41.49356566999955,40.690683657960925,41.48514122620114,70338000
2017-01-31,40.6490592956543,40.79179465394457,40.312542794101454,40.61486240089212,40404000
2017-02-01,40.40372848510742,40.83787846618756,40.25554071210372,40.83787846618756,45020000
2017-02-02,40.55340576171875,40.86563958432937,40.24563749985827,40.39184018568783,33784000
2017-02-03,40.64608383178711,40.94344630033324,40.60742516059685,40.794766956644644,30562000
2017-02-06,40.719932556152344,40.75809211538138,40.35665294730483,40.68524032904905,27018000
2017-02-07,41.09708023071289,41.23040045799427,40.8026935602112,40.91222267401646,33332000
2017-02-08,41.129295349121094,41.34587690892009,40.89289290319513,41.161510906122565,26044000
2017-02-09,41.13821792602539,41.23337482305369,40.96178480307231,41.22098393250447,23884000
2017-02-10,41.3756103515625,41.48959745745707,41.16051858088604,41.28144413099598,28302000
2017-02-13,41.57931137084961,41.71708960786363,41.44500046583355,41.51686158319596,25914000
2017-02-14,41.63233184814453,41.729965398031496,41.42417852638019,41.61944562615411,27266000
2017-02-15,41.498023986816406,41.71856819347439,41.44350710147008,41.571866423626524,27144000
2017-02-16,41.738399505615234,41.76416817205984,41.49505481502457,41.556510154089004,20102000
2017-02-17,41.955467224121094,41.97479655733874,41.61994145878438,41.695769011277875,29224000
2017-02-21,42.09028244018555,42.23549446514243,41.95547619308204,42.02684576320654,25206000
2017-02-22,42.1938591003418,42.314289328460646,41.963400639631736,42.02733642384717,24488000
2017-02-23,42.17601776123047,42.256307104556726,41.75475393767762,42.179984207550014,27734000
2017-02-24,42.01791763305664,42.04517607941746,41.777548728193615,42.009988521942944,26924000
2017-02-27,42.11009979248047,42.15965956959588,41.78002645887913,41.87617401457385,20206000
2017-02-28,41.875179290771484,42.06846884823217,41.70221351451448,41.9951179586377,27662000
2017-03-01,42.46099090576172,42.52294157601747,42.07788666017805,42.19484955587026,36374000
2017-03-02,42.119022369384766,42.44810505868525,42.063019477216024,42.43918150014645,25018000
2017-03-03,42.08085632324219,42.16709343616341,41.86427854651128,42.073917878808004,20100000
2017-03-06,41.991153717041016,42.07391972078429,41.688834147243874,41.970833715939264,20958000
2017-03-07,42.183448791503906,42.29149190852137,41.90442500295243,41.99065833838675,20774000
2017-03-08,42.30685806274414,42.46991341707875,42.188409160073036,42.281085614279405,20576000
2017-03-09,42.51500701904297,42.65724702285325,42.25877990388001,42.309334129275925,26954000
2017-03-10,42.69194412231445,42.83170369542838,42.5036154318192,42.75587612984138,26732000
2017-03-13,42.84904861450195,42.97542662099216,42.66270127004284,42.66319660316225,23332000
2017-03-14,42.91496658325195,42.99773258986403,42.628505225449814,42.807914128630856,21234000
2017-03-15,43.03787612915039,43.11172236281396,42.68649207926022,43.01557479345414,26658000
2017-03-16,43.11766815185547,43.25197905533206,42.994757472865295,43.14393593278652,22090000
2017-03-17,43.23512268066406,43.33672268255569,43.03687978899395,43.30004534655462,37366000
2017-03-20,43.01408386230469,43.13451408619213,42.85350897006519,43.09189275232527,30844000
2017-03-21,42.13339614868164,43.28964360204581,42.011971468197636,43.12064047188316,50760000
2017-03-22,42.116546630859375,42.391607766535,41.97777394901964,42.1006846270906,27334000
2017-03-23,41.61349868774414,41.71460335228443,41.283924478885886,41.69973579773967,65754000
2017-03-24,41.389984130859375,41.82909124642192,41.09064035218255,41.72996791020843,42114000
2017-03-27,41.557003021240234,41.699243026638804,40.852749001209965,41.040582339191225,38692000
2017-03-28,41.66207504272461,41.89847749821515,41.24774590746946,41.61548726175343,30384000
2017-03-29,42.12001419067383,42.20525686407022,41.6992457070174,41.76714415832058,29146000
2017-03-30,42.100677490234375,42.22556947966653,41.96637039169879,42.2245788135681,18988000
2017-03-31,42.017425537109375,42.104653328418124,41.8905521871777,41.96935175243299,28820000
2017-04-03,42.46099090576172,42.57250135598831,42.00404043275527,42.06450510365735,39388000
2017-04-04,42.25382614135742,42.27513680788109,42.0030476928391,42.02733413909203,26970000
2017-04-05,42.07243728637695,42.65130402851697,42.00354816627238,42.359889324830746,37104000
2017-04-06,41.88361358642578,42.30438208878113,41.829096689706155,42.10167739213512,30672000
2017-04-07,41.734928131103516,41.92226614592394,41.497039668808384,41.87865414344258,22232000
2017-04-10,41.71510314941406,41.96489094846952,41.67000514788011,41.70717403821957,20924000
2017-04-11,41.62490463256836,41.860316434613516,41.36322504933803,41.715104419551565,19486000
2017-04-12,41.703208923339844,41.81521470207392,41.51140914188397,41.55452580837863,22716000
2017-04-13,41.6397705078125,41.81571207639956,41.52429739175912,41.68239184329021,21474000
2017-04-17,42.380699157714844,42.40597626996582,41.68189382198905,41.69924182363564,20982000
2017-04-18,42.3242073059082,42.49271132982481,42.188410395511006,42.252342404226155,18724000
2017-04-19,42.44908905029297,42.63196525405015,42.30139661736098,42.492701045209444,21606000
2017-04-20,42.62602996826172,42.8168353208891,42.49816217448026,42.60917729780355,23776000
2017-04-21,42.57001495361328,42.742984497947845,42.50955407233861,42.65278094674781,23458000
2017-04-24,43.56024169921875,43.611291260570106,42.924876763872255,43.04035366215166,33930000
2017-04-25,44.051387786865234,44.220387126029934,43.577588431366124,43.72527710321832,40760000
2017-04-26,44.06625747680664,44.25706660680582,43.86850990173784,44.1777679310564,26466000
2017-04-27,44.180240631103516,44.276388187176515,43.96911529915087,44.108874854270034,46846000
2017-04-28,45.819705963134766,46.38370129282146,45.75527484990753,46.0417361843028,76918000
2017-05-01,46.231056213378906,46.37973932796528,45.635340651178225,45.80136798647077,46556000
2017-05-02,46.442684173583984,46.73509331273678,46.14085992372178,46.25336482494574,35026000
2017-05-03,47.00569152832031,47.092420198641435,46.349511264168214,46.39114193340288,36496000
2017-05-04,47.316436767578125,47.53549501041145,46.95216651180298,47.096883191610345,38752000
2017-05-05,47.09638595581055,47.50080086615173,46.988342838162104,47.41555441527387,32310000
2017-05-08,47.51319122314453,47.627178336887035,46.95365008738095,46.956130534094115,37534000
2017-05-09,47.4150505065918,47.68713958396015,47.30056807916115,47.64402292378934,33758000
2017-05-10,47.322383880615234,47.415060330649936,47.07458119479416,47.39077766389666,22920000
2017-05-11,47.37442398071289,47.4785044442131,47.01362481529875,47.14644594591605,20622000
2017-05-12,47.33725357055664,47.478003808483805,47.18460777469591,47.471564477536305,24298000
2017-05-15,47.539459228515625,47.71192969416229,47.22227207833396,47.34468742758331,26754000
2017-05-16,47.80658721923828,47.87051922078462,47.59546187985211,47.7540554415305,22030000
2017-05-17,46.69445037841797,47.627177735331465,46.58987459506502,47.56324573457463,48982000
2017-05-18,47.10729217529297,47.289673076939124,46.64984635945451,46.745498589602185,36010000
2017-05-19,47.31296157836914,47.55630624850174,47.18162646684459,47.222266467381985,27206000
2017-05-22,47.779823303222656,47.816995972765646,47.407623961704566,47.42942996162873,27748000
2017-05-23,48.100975036621094,48.2972328096382,47.801132150861164,48.071735260134865,30908000
2017-05-24,48.45087432861328,48.47614765995493,48.15450254766027,48.33440677146404,22660000
2017-05-25,49.15711212158203,49.35139235833887,48.461282523692184,48.51976586231771,39082000
2017-05-26,49.22698974609375,49.38161684645283,48.934085317517045,49.16404463581651,32728000
2017-05-30,49.3707160949707,49.442580987516145,49.13233231350549,49.18883053640427,30324000
2017-05-31,48.92070770263672,49.54070971552412,48.6525850301285,49.37270104668252,34482000
2017-06-01,48.98017883300781,49.220547713164144,48.633252843968585,49.11250460506934,26128000
2017-06-02,49.36823654174805,49.38607987585754,48.91971433533389,48.99504655518206,34710000
2017-06-05,49.752830505371094,49.92728228920803,49.33503404259115,49.45596338239809,27578000
2017-06-06,49.395999908447266,49.98725755902149,49.302828117569284,49.72458729528577,31042000
2017-06-07,49.6348762512207,49.75431580885932,49.35584868643712,49.51543291241337,27482000
2017-06-08,49.772647857666016,49.83806584905142,49.3930147871449,49.770167411313274,33758000
2017-06-09,48.07966995239258,49.83312279649786,47.2495294230105,49.8326274633588,72958000
2017-06-12,47.667823791503906,47.97460517358711,46.4283149340326,47.51468265762968,84042000
2017-06-13,48.09850311279297,48.46574536436495,47.67773085261854,48.1748260077312,40108000
2017-06-14,47.971126556396484,48.55445500037206,47.553825444966826,48.346301668329595,30110000
2017-06-15,47.58702850341797,47.61181028084743,46.605236795317445,46.98437454674431,48552000
2017-06-16,47.50971984863281,47.5756369634385,47.01808094434901,47.474532292252285,51184000
2017-06-19,48.332427978515625,48.53463354571621,47.98451128807248,48.056372402283216,29376000
2017-06-20,48.02365493774414,48.608469293605296,47.98450094262603,48.33687555518487,25946000
2017-06-21,48.49944305419922,48.54702149910372,48.046459052009,48.112871497872675,23232000
2017-06-22,48.40180969238281,48.59410480513287,48.2377636906001,48.414196800872844,20190000
2017-06-23,48.871150970458984,48.897418751054204,48.29476092143153,48.34630581636087,31280000
2017-06-26,48.177303314208984,49.262680308890175,48.09007552690407,49.06493273333544,30358000
2017-06-27,46.987850189208984,47.935944292584104,46.93829040675244,47.65741581960673,48872000
2017-06-28,47.628170013427734,47.73868979775251,46.39659038252832,47.115220428367884,54912000
2017-06-29,46.47886276245117,47.164781941774216,46.071475834382085,47.14941905217096,64134000
2017-06-30,46.075435638427734,46.834701824348315,46.07196452579601,46.784646716484765,45754000
2017-07-03,45.56892776489258,46.30143465913285,45.363251096872446,46.25088043445358,33896000
2017-07-05,46.20330047607422,46.4030293592858,45.52779093999773,45.80384270965106,41882000
2017-07-06,45.97681427001953,46.395601422602844,45.58826134467498,45.84349781379339,40298000
2017-07-07,46.62704849243164,46.81785761468949,46.08088890546361,46.140362909862745,33266000
2017-07-10,47.13206481933594,47.2376312623935,46.683542613114795,46.683542613114795,29030000
2017-07-11,47.25745391845703,47.3248570304761,46.84065191907557,47.10827925362049,29224000
2017-07-12,47.95774459838867,48.05537815227755,47.43141349447233,47.62073282407467,32042000
2017-07-13,48.016727447509766,48.504899040636,47.8160078771605,48.113370343647155,30492000
2017-07-14,48.41618728637695,48.44740839936554,48.081156801169975,48.27196593581249,21592000
2017-07-17,48.369102478027344,48.735354063417695,48.113370679440635,48.38694581423202,33210000
2017-07-18,48.91377258300781,49.107058377746775,48.1748262960982,48.240244300221576,28266000
2017-07-19,49.20220947265625,49.342464356232554,48.916738812417286,49.06542192060448,28242000
2017-07-20,49.17346954345703,49.4951146723652,48.798294407025764,49.41185333411142,28368000
2017-07-21,49.2552490234375,49.31819036553997,48.775997173896364,49.01537543208591,29266000
2017-07-24,49.476783752441406,49.867321809262656,49.07831658388898,49.26813505695364,79690000
2017-07-25,48.02565002441406,48.407264518768876,47.76644709944486,48.10841603548102,118672000
2017-07-26,47.841278076171875,48.26948030235561,47.58951274204777,48.211496080939156,44432000
2017-07-27,47.2068977355957,48.04992430409201,46.4411884938691,48.03307163755188,74358000
2017-07-28,47.4953498840332,47.6668296761322,46.850070719286066,46.98289562142392,36276000
2017-07-31,46.85948944091797,47.63709439068046,46.672642978970046,47.57811571794012,45670000
2017-08-01,46.912017822265625,47.30503249084778,46.83272293468783,46.97396848928554,28052000
2017-08-02,46.96554183959961,47.03790206049044,46.21618609228472,47.001720059460794,40788000
2017-08-03,46.60177230834961,47.08251012195023,46.559150972539435,47.03790745363788,22478000
2017-08-04,46.87385559082031,46.960584250992916,46.57698849540803,46.78266137073735,25092000
2017-08-07,46.87187576293945,47.0309684423769,46.760365312332446,46.95959888030009,28916000
2017-08-08,46.7945556640625,47.205908965959466,46.709808338431316,46.79951277573441,30102000
2017-08-09,46.590877532958984,46.773258458347236,46.28558213351516,46.51009284848496,28018000
2017-08-10,45.77362060546875,46.4035331451872,45.68391614731782,46.339105803152385,54148000
2017-08-11,46.095760345458984,46.25782124152637,45.65615787607751,45.77956388319256,32334000
2017-08-14,46.53387451171875,46.63844652021004,46.31382560348332,46.54081295674267,23012000
2017-08-15,46.49174499511719,46.73905233162708,46.42037921774103,46.63794766270363,22130000
2017-08-16,46.798526763916016,47.07755054575072,46.58888364654658,46.64885298211903,26906000
2017-08-17,45.9753303527832,46.77573202186502,45.974339686463125,46.7331106830869,33914000
2017-08-18,45.901973724365234,46.141847284811,45.76667594634429,45.94162305923549,26748000
2017-08-21,45.6388053894043,46.0045615955936,45.52630428424928,45.88165471483993,26024000
2017-08-22,46.606727600097656,46.684041157520184,45.90147912960223,45.94063313200406,35502000
2017-08-23,46.71476745605469,46.85601300483847,46.35099257954976,46.43821657417817,22690000
2017-08-24,46.43277359008789,46.89963073895669,46.12797356117121,46.77077606353896,25892000
2017-08-25,46.11607360839844,46.62307533809861,46.096248943117814,46.54774312249954,23746000
2017-08-28,45.998626708984375,46.33167209279744,45.89851269187245,46.1844787378806,20988000
2017-08-29,46.37627029418945,46.49719963613234,45.56149646952126,45.593216694946776,23172000
2017-08-30,46.76681137084961,46.87733116218135,46.292021311725016,46.37231065618217,22406000
2017-08-31,47.34220504760742,47.43934326977364,46.89665482297783,46.89913148843205,33866000
2017-09-01,47.18113327026367,47.495348398435155,47.096385933708824,47.452727063600626,20858000
2017-09-05,46.66025924682617,47.15140287511652,46.36884075626505,46.926892173353764,29148000
2017-09-06,46.68701934814453,46.809926244696065,46.224121083581174,46.77870513271865,27830000
2017-09-07,47.077064514160156,47.107298745054244,46.46449615798259,46.79754534399831,22332000
2017-09-08,46.65678787231445,47.117205717197905,46.58740341808576,47.06764593291586,19998000
2017-09-11,46.74995803833008,47.215329161023206,46.63646247771097,46.943739154607016,26748000
2017-09-12,46.916481018066406,46.98784679715842,46.463001668046026,46.92986257429225,25696000
2017-09-13,47.104312896728516,47.22375623284393,46.82181800659212,46.85948600856691,21908000
2017-09-14,46.593345642089844,46.984874319225526,46.50562252785623,46.884264982004495,28548000
2017-09-15,46.35348129272461,46.67364425512947,46.153257025860036,46.59137356983421,39886000
2017-09-18,46.07890319824219,46.4312778496349,45.86331609716262,46.33959207674699,29474000
2017-09-19,46.43128204345703,46.484808269052216,45.9257662424894,46.26030137129054,24854000
2017-09-20,46.96058654785156,47.08250654852219,46.462999883410056,46.47440010677012,40080000
2017-09-21,46.96108627319336,47.22127985310999,46.55617979468824,46.989834500826305,27414000
2017-09-22,46.74847412109375,47.082513952160944,46.62853921508398,46.724191452459976,21496000
2017-09-25,46.30341720581055,46.574511879532245,45.819208299770416,46.5596443240609,37468000
2017-09-26,46.459537506103516,46.78911556765178,46.34505504256398,46.422863944856694,33454000
2017-09-27,47.57316207885742,47.84723256535289,46.683551278535504,46.722705285511765,46692000
2017-09-28,47.81650161743164,47.88439628409451,47.357569818764226,47.39226204234586,28018000
2017-09-29,48.25808334350586,48.36166467669669,47.87547445313153,47.87547445313153,40622000
2017-10-02,47.94832992553711,48.45731681381766,47.67475481398698,48.35373548080953,30782000
2017-10-03,48.17680358886719,48.1946469236786,47.71242314353376,47.95278825279981,21666000
2017-10-04,47.91413497924805,48.29178677220643,47.85614697503477,48.160946989356134,21156000
2017-10-05,48.82654571533203,48.8919675018557,48.087104081371635,48.21199609436879,35618000
2017-10-06,49.245338439941406,49.276068004106854,48.495487162867654,48.569333402335005,31060000
2017-10-09,49.17941665649414,49.58333245194883,49.139271987271755,49.31273310628624,25910000
2017-10-10,48.955894470214844,49.4351462517006,48.62433513576794,49.32759847210188,23268000
2017-10-11,49.84056091308594,49.93571782043519,48.962841857770286,49.01735875716477,36300000
2017-10-12,49.84056091308594,50.13247096650203,49.61505953660598,49.75085645191,30614000
2017-10-13,49.95057678222656,50.29204656328234,49.910432114362486,50.01203211676503,26552000
2017-10-16,50.02392578125,50.155260899103,49.635868206247544,50.03780267082565,21420000
2017-10-17,50.1057014465332,50.282138347243546,49.86037921177929,49.9292683269917,20260000
2017-10-18,50.19194030761719,50.36886876642242,49.82419893752055,50.10818363359183,25596000
2017-10-19,49.6517219543457,49.92331572399857,49.426719742715655,49.79594328254779,34284000
2017-10-20,49.81181335449219,49.98923715187087,49.67304066758822,49.90994225480912,32120000
2017-10-23,48.843894958496094,49.84749664856706,48.72296560757115,49.81726242025126,32786000
2017-10-24,48.99009704589844,49.02826038540154,48.424611866793384,48.89147281283994,28902000
2017-10-25,49.13728713989258,49.2844804686767,48.45632515467068,48.8800655878684,30574000
2017-10-26,49.13530731201172,49.88317715493495,49.0882241963319,49.484710009370325,47396000
2017-10-27,51.2292366027832,52.713575987038055,50.891234147373915,51.096415488228466,103682000
2017-10-30,51.202476501464844,51.53453117344185,50.66722182411258,51.00571960753654,46804000
2017-10-31,51.19801712036133,51.592517811723035,50.86397731917697,51.19603578787521,30326000
2017-11-01,51.67181396484375,51.932502858469036,51.24559306864931,51.360574627106196,43262000
2017-11-02,51.69015121459961,51.81653300241037,50.98094005947345,51.54246254029072,26694000
2017-11-03,52.03807067871094,52.07127690536616,51.42649305198627,51.67925285991406,27770000
2017-11-06,51.67578125,52.16692863755034,51.64207969052231,51.99396284188696,18294000
2017-11-07,52.15701675415039,52.20757098622125,51.69164557491679,52.02121984385923,26104000
2017-11-08,52.44941711425781,52.66748088604285,51.89235645676563,52.041035785550626,24276000
2017-11-09,51.92556381225586,52.082172254920344,51.33727825199053,51.939440701158716,35892000
2017-11-10,51.748634338378906,51.87154501267032,51.603422330273105,51.73475744873855,19442000
2017-11-13,51.6024284362793,51.97611376695885,51.50628088104678,51.582603769294714,18814000
2017-11-14,51.624237060546875,51.65694795179312,51.014145475460474,51.429960607855584,21012000
2017-11-15,51.36503219604492,51.52461641894433,51.085013970454625,51.295152418212815,18106000
2017-11-16,51.96273422241211,52.12578956238235,51.443836872626704,51.48100576143099,23768000
2017-11-17,51.33926010131836,52.088120557690495,51.23221143491921,52.0286503367472,26712000
2017-11-20,51.2783088684082,51.478533112806375,51.18017618820376,51.3447175403317,17526000
2017-11-21,52.053428649902344,52.057890428967546,51.50033441723994,51.54493708321717,22206000
2017-11-22,52.133724212646484,52.30768068060407,51.90227506774904,52.09605620556494,14538000
2017-11-24,52.361698150634766,52.53763971864151,52.133720136841156,52.25613547853203,16492000
2017-11-27,53.1293830871582,53.18043264232378,52.27496001615197,52.46329245402228,35430000
2017-11-28,52.69722366333008,53.52537904268246,52.263568972012045,53.22752124889509,36424000
2017-11-29,51.413108825683594,52.473208670871344,51.03000457792416,52.344845550400976,55866000
2017-11-30,51.35314178466797,51.74814160733097,51.0508259772552,51.53998825225896,45092000
2017-12-01,50.80302047729492,51.406169840541914,50.39811023297362,51.06767204538539,37762000
2017-12-04,50.14882278442383,51.113769601535004,50.01748765348417,50.93832335072599,38778000
2017-12-05,50.531917572021484,51.378411542604766,49.67551315883108,50.10520136464208,38998000
2017-12-06,51.18216323852539,51.52214706599966,50.319311773495684,50.37928111680594,28710000
2017-12-07,51.76945114135742,51.985038270016375,51.312999769631546,51.34818732784854,30866000
2017-12-08,52.007835388183594,52.35673894921775,51.83337982649781,52.12826561142024,31170000
2017-12-11,52.13619613647461,52.3359250351989,51.747147896751756,52.09357480168191,23254000
2017-12-12,51.977603912353516,52.658070630733576,51.78431812029657,52.03856391743083,33882000
2017-12-13,52.107452392578125,52.31015329271311,51.869064820762155,52.14164928372909,27680000
2017-12-14,52.408775329589844,52.88505130466422,52.21697556112646,52.31064644657039,30962000
2017-12-15,53.12889099121094,53.289964995580945,52.53862787409119,52.72150409703904,63760000
2017-12-18,53.777645111083984,53.847029561276564,53.0481139366286,53.34943907124969,30292000
2017-12-19,53.51448059082031,53.771702194090636,53.14228119178884,53.67505928821523,26350000
2017-12-20,53.20621109008789,53.58633955901612,52.960389739453646,53.570976669893696,28728000
2017-12-21,53.0718994140625,53.40246809776301,52.98021363262275,53.296905426770145,25640000
2017-12-22,52.9732780456543,53.11501894752111,52.91281337186269,53.0297762731444,17788000
2017-12-26,52.824100494384766,52.973278958283096,52.46676867237419,52.962374066642845,18376000
2017-12-27,52.54408264160156,52.9440395857863,52.45388285239109,52.86127357505362,22324000
2017-12-28,52.33344650268555,52.77403961986793,52.20607405479624,52.645676505786525,19884000
2017-12-29,52.20706558227539,52.437524035474915,52.17237335913628,52.31065069975723,23606000
2018-01-02,53.18885803222656,53.32614091737454,52.18823228434739,52.18823228434739,31766000
2018-01-03,54.09632110595703,54.32330847105232,53.19977187055567,53.22454987197943,31318000
2018-01-04,54.30644989013672,54.71879390313872,54.23211211278629,54.372367004712004,26052000
2018-01-05,55.02656555175781,55.18962089008967,54.60579709757864,54.687572433295145,30250000
2018-01-08,55.22084426879883,55.466170286027186,55.01219558957566,55.06175536990907,24644000
2018-01-09,55.15046691894531,55.430485149176526,54.92298424681651,55.430485149176526,26808000
2018-01-10,55.019134521484375,55.14997430893061,54.71384294449946,54.863512953067634,20734000
2018-01-11,55.113800048828125,55.252568957438264,54.83774823109242,55.12668627336609,22424000
2018-01-12,56.035621643066406,56.06783342050424,54.91357113017225,55.01715246966422,38586000
2018-01-16,56.03809356689453,56.93910443488251,55.83786934969371,56.51436955500882,36462000
2018-01-17,56.454402923583984,56.465304032249215,55.680760732345256,56.318606039573176,27830000
2018-01-18,56.29928207397461,56.52825075179581,55.72883982129823,56.46679541498418,27498000
2018-01-19,56.67247009277344,56.68634698184861,56.1273049728908,56.4013754227098,30552000
2018-01-22,57.69639205932617,57.83119828621252,56.58920914320012,56.68833248096029,29550000
2018-01-23,58.2916145324707,58.40758676246016,57.84953539447559,58.01655340402417,39138000
2018-01-24,58.04976272583008,58.83083881813154,57.8569722590722,58.72824813925114,37128000
2018-01-25,58.58749008178711,58.72923475649011,58.077017169481415,58.51661963502001,29984000
2018-01-26,58.85611343383789,58.85611343383789,57.88819841379726,58.85462743436575,42170000
2018-01-29,58.802589416503906,59.37352703561722,58.68265073457222,58.87792164727707,31494000
2018-01-30,58.3510856628418,58.87444478078804,58.20934099291107,58.368433664699566,37338000
2018-01-31,58.59145736694336,58.7946573810183,58.08990422464767,58.67025692580681,36022000
2018-02-01,58.56023025512695,58.85065804242788,57.954105130048816,58.282692471951954,73514000
2018-02-02,55.4681510925293,56.06783312556541,55.07017929193355,55.87553800351339,117842000
2018-02-05,52.652618408203125,55.259503727550815,52.372603943799035,54.54682144708613,83550000
2018-02-06,53.744930267333984,53.891132935122144,51.047845342146786,51.24460223505075,76630000
2018-02-07,52.30668258666992,53.84900613964487,52.26752858567198,53.77169258499447,51942000
2018-02-08,49.94264602661133,52.728936197976516,49.79346758363525,52.527721313355016,66792000
2018-02-09,51.853702545166016,52.12380656455772,49.41185391718766,50.84316246892013,98360000
2018-02-12,52.264556884765625,52.81021733055884,51.81504399503664,52.369128884549816,56240000
2018-02-13,52.243743896484375,52.59463258044314,51.885916767767974,52.038562552436076,31586000
2018-02-14,53.1635856628418,53.30086856023521,52.02865270819885,52.2526642754772,41304000
2018-02-15,54.08838653564453,54.22418343070422,52.892489821861744,53.6963625203302,37396000
2018-02-16,54.2935676574707,54.928437234203486,54.09780142657689,54.1884965402289,39948000
2018-02-20,54.69450759887695,55.32392468597296,54.020979400240925,54.15776695133569,33754000
2018-02-21,55.19804763793945,56.310683045823986,54.88878961731304,54.96759295771181,41486000
2018-02-22,55.007240295410156,55.77840214888827,54.77182849516846,55.466667452553175,28010000
2018-02-23,55.90874481201172,55.9538465942948,54.9348820824928,55.441388558492996,25292000
2018-02-26,56.6823844909668,56.7071624894378,55.97069291882995,56.095584920889664,30912000
2018-02-27,55.3843879699707,56.70963833554215,55.34870508387251,56.68237989261729,42964000
2018-02-28,54.71086883544922,55.88694095900497,54.66527549946076,55.606922706395785,49292000
2018-03-01,53.09965515136719,55.07513821541549,52.8954644654591,54.989400209360795,55338000
2018-03-02,53.730560302734375,53.86685253316526,52.04401532071384,52.43405422890185,50162000
2018-03-05,54.25688934326172,54.57506712555628,53.142272657867274,53.43270044320101,28648000
2018-03-06,54.561187744140625,54.79561262940941,54.24400064252996,54.62066174363081,23382000
2018-03-07,55.26198196411133,55.31947463918113,54.01652538501281,54.16074673407645,30748000
2018-03-08,55.97267532348633,56.07476687336261,55.36902689491043,55.36902689491043,33862000
2018-03-09,57.5318489074707,57.53977801800774,56.216017362194016,56.47422580299177,42662000
2018-03-12,57.784122467041016,58.39024766909725,57.45057797060129,57.74050668045379,44306000
2018-03-13,56.49455261230469,58.382316383974455,56.22990102832798,58.076525680760305,43140000
2018-03-14,56.939605712890625,57.478327755534465,56.615480131437934,56.78646459024372,41870000
2018-03-15,57.024845123291016,57.61412136076028,56.28391755240599,56.97330401261731,33382000
2018-03-16,56.22246170043945,57.33212127129546,56.07080658724937,57.25976482754346,58656000
2018-03-19,54.52006149291992,55.47657622148134,53.967458786173076,55.396785995831834,63656000
2018-03-20,54.30843734741211,54.79165182688679,53.64531485171296,54.43729202115942,54598000
2018-03-21,54.2192268371582,54.947767317272806,53.88271037610836,54.14835639030033,44898000
2018-03-22,52.194679260253906,53.71965488321748,52.02071902766322,53.525873763821735,69312000
2018-03-23,50.876365661621094,52.87018724864738,50.793104327347784,52.106459236876645,49880000
2018-03-26,52.24126434326172,52.497990584854186,50.084886423756394,52.068298554475845,65984000
2018-03-27,49.904483795166016,52.75917158759347,49.442580015524115,52.727451363889806,60816000
2018-03-28,49.8172607421875,50.79905639684896,48.76757041702182,49.65519983899021,77698000
2018-03-29,51.401206970214844,51.941914050988245,49.760754623505896,50.11610504828914,69338000
2018-04-02,50.18648910522461,51.519668821090185,49.275567664237,50.92940186086332,65068000
2018-04-03,50.486324310302734,50.79954876939422,49.42424315623296,50.36093697251171,51322000
2018-04-04,51.032981872558594,51.183150998303724,49.3875721636293,49.47281483694664,50724000
2018-04-05,51.178192138671875,51.87550773444825,50.74998989182345,51.85964951231871,35836000
2018-04-06,50.05366516113281,51.344715018516325,49.8702898150022,50.70538364441479,40134000
2018-04-09,50.556209564208984,51.77044120931999,50.512098447787814,50.553729117408686,33220000
2018-04-10,51.3694953918457,51.60292584492983,50.324263131758265,51.06023738055069,36620000
2018-04-11,50.80251693725586,51.33826691960306,50.51209294778509,51.146467147887805,34060000
2018-04-12,51.40864181518555,51.77340735685457,50.85158495069181,51.12020294036423,32896000
2018-04-13,51.34669876098633,52.18625440905699,51.054788730240396,51.88443393426778,25410000
2018-04-16,51.84527587890625,52.109432108293085,51.24162741414493,51.81801743345529,29776000
2018-04-17,53.493656158447266,53.77317905066144,52.38994437395432,52.59363971012571,54584000
2018-04-18,53.29690170288086,53.6244945838344,53.055542151909854,53.476310588306234,31126000
2018-04-19,53.99373245239258,54.39319030081582,52.981210940041905,52.981210940041905,39884000
2018-04-20,53.39255905151367,54.256397339384904,53.13385147438286,53.737004633781005,42434000
2018-04-23,53.218597412109375,53.92186456234119,52.86523206167622,53.67306743548572,69590000
2018-04-24,50.682586669921875,52.75669389830559,50.19788619922888,52.494518994754245,128220000
2018-04-25,50.69993209838867,51.34818321298187,50.40355653776733,51.03495876488472,57860000
2018-04-26,51.70700454711914,52.13867791382005,50.57404912738998,51.206937397291455,50926000
2018-04-27,51.11921691894531,52.122818602319434,50.92791623072944,51.817527009281854,40746000
2018-04-30,50.48136901855469,51.46217013051558,50.467492129684615,51.26640768706322,34492000
2018-05-01,51.58012008666992,51.628689194326036,50.08636574267185,50.36836527937819,35326000
2018-05-02,50.851593017578125,51.740213124323994,50.7083623330023,51.24559839757205,34698000
2018-05-03,50.863983154296875,51.081555417011316,49.951575658601925,50.817894481694275,39282000
2018-05-04,52.08811950683594,52.13173528663893,50.45510084945613,50.532414403823864,36892000
2018-05-07,52.507408142089844,52.78197395120488,52.05194742463932,52.23135633353968,34400000
2018-05-08,52.46428680419922,52.79336947934582,52.11984124058492,52.76313525434269,26030000
2018-05-09,53.96894454956055,54.21922767879466,52.63874068783747,52.73736869640259,47160000
2018-05-10,54.78768539428711,54.98295629979746,54.21328046432782,54.268788023782,36414000
2018-05-11,54.684104919433594,54.9631325016699,54.37881333760094,54.53691157415763,30504000
2018-05-14,54.843692779541016,55.41611638442286,54.75448366052248,54.79264321755783,39338000
2018-05-15,53.76674270629883,54.47298191269587,53.46491844341866,54.36295745356396,35738000
2018-05-16,53.72808074951172,54.238062122596546,53.606164520940055,53.777644311342726,25628000
2018-05-17,53.587825775146484,54.07054491983229,53.347952202175854,53.59773999996606,25738000
2018-05-18,53.01192855834961,53.21463323157747,52.76611099952149,52.83152899932591,35482000
2018-05-21,53.7241096496582,54.184527388624986,53.426251898156394,53.47581167103748,25180000
2018-05-22,53.29294204711914,54.110196359601304,53.14178225268179,54.01107679456689,22226000
2018-05-23,53.82075881958008,53.921863490513566,52.879107900126776,53.0297723497328,23740000
2018-05-24,53.79548263549805,53.878248639472716,53.14376416142113,53.86734752980763,20604000
2018-05-25,53.72758102416992,53.999670134196904,53.654233916006895,53.84999635702785,22224000
2018-05-29,52.934120178222656,53.59179020131426,52.68681283654335,53.327134857439034,36076000
2018-05-30,53.399986267089844,53.475318486115796,52.85878384569728,53.202238719500656,28686000
2018-05-31,54.5165901184082,55.012195483121005,53.42625982850758,53.62449894945762,79368000
2018-06-01,56.25121307373047,56.4078253183441,55.11181447089963,55.15443959061594,63202000
2018-06-04,57.14527893066406,57.38416182537443,56.35032602400644,56.424667581739484,44754000
2018-06-05,57.045166015625,57.5447378144486,56.868732899731924,57.22556935872468,32964000
2018-06-06,56.84345626831055,57.228046509321615,56.31662980054046,57.13189894906885,34934000
2018-06-07,56.22246170043945,56.78992815157707,55.81110836035895,56.72599615163148,36108000
2018-06-08,56.13771438598633,56.438544165818186,55.667877709860555,56.06337282865508,27284000
2018-06-11,56.54361343383789,56.88261034187652,56.07278985658362,56.149112748911456,24796000
2018-06-12,56.904911041259766,56.93266481997874,56.54956058210027,56.54956058210027,26092000
2018-06-13,56.70864486694336,57.27413373412868,56.66651886918127,57.107607294182515,34302000
2018-06-14,57.49567413330078,57.78708881414241,57.02435144007503,57.104145445651795,35422000
2018-06-15,57.454044342041016,57.68400368958751,57.17749721277033,57.486256119697735,44438000
2018-06-18,58.65885925292969,58.68611769860797,57.0441754086609,57.12793207813234,33038000
2018-06-19,58.41651153564453,58.62069843929563,57.57001746502966,57.99128127723076,47282000
2018-06-20,58.68314743041992,59.54649421490993,58.58204653029512,58.64498787158757,51686000
2018-06-21,57.958072662353516,58.993390704556724,57.662691538508525,58.75451158577601,44966000
2018-06-22,57.95063781738281,58.23362804592787,57.47287202628179,58.05967159828559,34220000
2018-06-25,56.46333312988281,57.29148857976148,55.50284810302567,57.242424128783604,57682000
2018-06-26,56.13325881958008,56.83949423946889,55.95384990840319,56.70419644694378,34688000
2018-06-27,55.35614776611328,56.806785690036946,55.344252208444104,56.30077074881717,34538000
2018-06-28,55.84381866455078,56.20164577712251,54.81742043867429,55.130641104863024,29726000
2018-06-29,55.963260650634766,56.56641379159462,55.85571664765586,56.117891548666634,31562000
2018-07-02,56.60358428955078,56.64720007288589,54.84369215844048,55.277346857975495,23216000
2018-07-03,55.32343673706055,56.99015712164091,55.23175095141119,56.96587445439247,16448000
2018-07-05,56.56294250488281,56.704191846101395,55.6624269088357,55.73577780214064,28594000
2018-07-06,57.24638366699219,57.301891223514744,56.36222164626057,56.58673231901831,21820000
2018-07-09,57.851016998291016,57.883232554498356,57.35293500621075,57.490217893443116,21584000
2018-07-10,57.844085693359375,58.159291506507245,57.617098334981705,57.98533504385423,21334000
2018-07-11,58.058189392089844,58.50324054059404,57.26075976503344,57.273146874534554,33252000
2018-07-12,59.53507995605469,59.571258173736226,58.13945454133506,58.22668231137011,44148000
2018-07-13,59.69170379638672,59.990056934189376,59.23921508657484,59.611414454417236,32612000
2018-07-16,59.29967498779297,59.904314107248204,59.145539428186986,59.661464768340004,26784000
2018-07-17,60.12089157104492,60.40239579577614,58.58054933626401,58.617226672156946,40162000
2018-07-18,60.11247253417969,60.542656130041976,59.69864249419421,59.89539562252939,38948000
2018-07-19,59.428043365478516,60.28940500798041,59.36014491368286,59.80222406889483,38338000
2018-07-20,59.36758041381836,60.00641649782446,59.30364462528399,59.43498353442949,37938000
2018-07-23,60.01780319213867,60.221003187271585,59.07664766574211,59.257546329068276,65446000
2018-07-24,62.354591369628906,63.18968521524455,61.66024775633295,62.99144230931588,107600000
2018-07-25,63.23626708984375,63.35025419781453,61.90358288080689,62.08051510210579,51104000
2018-07-26,63.7100715637207,63.80423779360714,62.59495948581079,62.80212216662584,54686000
2018-07-27,62.093902587890625,64.00445919209274,61.67759210645797,63.88948140697358,48362000
2018-07-30,60.96144485473633,62.093904996104634,60.67052548639998,61.70534827962,43896000
2018-07-31,60.82168197631836,61.515034913991315,60.27503082888282,61.04420754612253,39382000
2018-08-01,61.10764694213867,61.74746986091492,60.70868447690941,61.41095717984236,36994000
2018-08-02,61.511070251464844,61.67363026870209,60.36770902862689,60.389515030194794,34704000
2018-08-03,61.36387252807617,61.77819787182049,60.93071318293383,61.71178542440933,21264000
2018-08-06,61.33958435058594,61.57698124085062,60.98572368583981,61.53485524132146,22114000
2018-08-07,62.2401123046875,62.74761329483148,62.039888043179396,62.05029382127828,42506000
2018-08-08,62.51218795776367,63.02711883440046,62.05573285275174,62.28371084813341,34344000
2018-08-09,62.66731262207031,63.03901662839848,62.45123017527633,62.58157462215687,27326000
2018-08-10,62.07505798339844,62.505740614413284,61.80991111912341,62.40562662149499,26602000
2018-08-13,61.883262634277344,62.74214751114905,61.80347241524946,62.01013974542704,27500000
2018-08-14,62.354095458984375,62.47551635459979,61.432269168947464,62.07457254828527,28080000
2018-08-15,61.069480895996094,62.04879601342514,60.77310911621707,61.667181567651326,37052000
2018-08-16,60.66507339477539,61.6384446336868,60.44551981049334,61.55369350929004,32176000
2018-08-17,60.258174896240234,60.8082971269196,59.670883777475254,60.56495623560335,33092000
2018-08-20,60.56049346923828,60.75675502616927,59.903817915973555,60.49656147030582,22218000
2018-08-21,60.33549118041992,61.096247227767634,60.21753761823671,60.613528088079974,23082000
2018-08-22,60.55058670043945,60.78748449084421,60.12783311785306,60.17739289788937,22296000
2018-08-23,60.521339416503906,61.215682970911885,60.4316349723723,60.45790275071416,24666000
2018-08-24,61.29399490356445,61.32620668102879,60.53422952112296,60.76121686857708,24454000
2018-08-27,62.26141357421875,62.34071224621682,61.48876576119388,61.66024554727935,28580000
2018-08-28,61.745487213134766,62.27578478470484,61.60225654145498,62.24307389397882,27330000
2018-08-29,62.676734924316406,62.801630721454984,62.08944373689959,62.19847752958792,36926000
2018-08-30,62.17072296142578,62.916607715721355,61.81240047448793,62.61478345703049,30104000
2018-08-31,61.048667907714844,62.07704750902124,60.74882500359902,62.06019862087965,42308000
2018-09-04,60.03316879272461,60.85389413951963,59.797757012510694,60.588743467717634,41458000
2018-09-05,59.428043365478516,60.20961099849978,58.25048146505982,59.92959274677737,53988000
2018-09-06,58.679176330566406,59.42258432348132,57.66913167263083,59.40176899042775,46854000
2018-09-07,58.36198806762695,58.90517182977539,57.94964407939257,58.08494185097863,32658000
2018-09-10,58.23659896850586,58.811502973127645,58.01605474527065,58.6895829715161,27670000
2018-09-11,58.976539611816406,59.023622723692185,57.78510471760497,58.0403411629823,29254000
2018-09-12,58.06512451171875,59.01123342912516,57.795512055893596,58.580550747320544,35716000
2018-09-13,58.58749008178711,58.870979431193106,57.94716805181461,58.46656452248184,40068000
2018-09-14,58.38131332397461,58.87791308757621,58.16027377640068,58.87791308757621,24176000
2018-09-17,57.4818000793457,58.57163507815702,57.41390162752247,58.37091550269428,34096000
2018-09-18,57.842594146728516,58.54734726984671,57.561089920191904,57.6220499215381,32314000
2018-09-19,58.197452545166016,58.29657210634794,57.4218289338848,57.93428697185783,25962000
2018-09-20,59.054847717285156,59.1752817274835,58.29558144257327,58.51463968083364,29244000
2018-09-21,58.09089279174805,59.30314304404361,58.08792079313823,59.22087237514745,91222000
2018-09-24,58.459625244140625,58.738649029218344,57.068956754362944,57.46098076733555,31150000
2018-09-25,59.169830322265625,59.31702366726043,58.18853001212674,58.69206828157182,33152000
2018-09-26,59.17824935913086,59.83145757954628,58.74905647285442,59.15991447255411,37650000
2018-09-27,59.83740997314453,60.308233562102814,59.37600149474461,59.47264439063263,36274000
2018-09-28,59.82353210449219,59.89143055329956,59.365095632347476,59.67534431659836,35612000
2018-10-01,59.895389556884766,60.67200377685793,59.6307380038181,60.11692822550655,33164000
2018-10-02,59.85128402709961,60.68786760635078,59.455792684854295,59.80321024799633,40180000
2018-10-03,60.04407501220703,60.17541012769135,59.57919543863832,60.067367011728635,26246000
2018-10-04,58.33621597290039,59.76504393761823,57.68102643325179,59.72192727285249,46576000
2018-10-05,57.87828063964844,58.58055335984854,57.20871881167546,58.28319089338021,31852000
2018-10-08,57.288021087646484,58.27625611218493,56.27103783408961,57.49022667007681,46190000
2018-10-09,56.7552375793457,57.56703939265589,56.705677800090115,57.059538480767145,33690000
2018-10-10,54.1280403137207,56.35132613770202,54.09582475319097,56.32059657661925,58980000
2018-10-11,54.05765914916992,55.31253458378576,53.321684868659204,53.477801770939934,67696000
2018-10-12,55.534568786621094,55.79674371459265,54.27027815115651,55.48996233371312,49370000
2018-10-15,54.63751983642578,55.59701034688683,54.42837204187934,55.40868166822224,30074000
2018-10-16,56.15605163574219,56.31910697940148,55.09892757760867,55.18466558093577,38378000
2018-10-17,55.88396072387695,56.845927791324584,55.21043252992528,56.49900558528583,35652000
2018-10-18,54.41300582885742,56.11987073339366,53.83959160244581,56.003403176506545,46152000
2018-10-19,54.7733154296875,55.55488685474241,54.369399607612905,54.700463645484554,41286000
2018-10-22,55.0800895690918,55.59155311548389,54.51658579981299,55.13658778971036,27116000
2018-10-23,55.25553512573242,55.40868002337412,53.47631372196218,54.084915522979806,37686000
2018-10-24,52.39143371582031,55.34028792705032,52.28933837467454,55.259998586881835,49286000
2018-10-25,54.69450759887695,55.39975223876085,53.304829870447776,53.54024163912338,72956000
2018-10-26,53.71123123168945,55.35911755170512,51.65347755213339,51.95579712615013,106438000
2018-10-29,51.281768798828125,54.95420601595527,49.91736817667203,54.34510514487388,81290000
2018-10-30,52.01427459716797,52.08316370963362,50.25289656485234,50.55224034697912,59768000
2018-10-31,54.04972839355469,54.913075103966314,52.940564118102536,52.940564118102536,70916000
2018-11-01,53.82175064086914,54.51163245458862,53.41733572962472,54.09036865507806,40132000
2018-11-02,53.10361862182617,54.41746888733465,52.91380016975293,53.97142331655281,43438000
2018-11-05,52.322547912597656,53.19580514140929,51.24559910289118,53.155165135627634,45358000
2018-11-06,53.00845718383789,53.51645337974702,52.21747078112237,52.28735055467183,28660000
2018-11-07,54.92496871948242,55.008725392439125,53.55462016307726,53.69834617525537,43388000
2018-11-08,54.250450134277344,54.92397841663363,53.7414632001446,54.8783850813804,33694000
2018-11-09,53.377685546875,53.93920419277922,52.745292678735495,53.72460775611995,34860000
2018-11-12,52.00684356689453,53.23297454810507,51.560306426195,53.18490076676925,34002000
2018-11-13,51.937950134277344,52.86473345935463,51.56277880648928,52.276947022249765,25750000
2018-11-14,52.26555252075195,52.82112724353577,51.59797200999613,52.53417054733082,34666000
2018-11-15,53.08181381225586,53.469376054780525,51.606889506378266,52.11092309230952,41584000
2018-11-16,52.94404220581055,53.15070957629257,52.28141497283488,52.7933777338449,35366000
2018-11-19,50.91947937011719,52.9306488422052,50.69398182681054,52.70217173815396,45684000
2018-11-20,51.06966018676758,51.411629140494796,49.67007170473233,49.92183708304915,54458000
2018-11-21,51.712955474853516,52.271997550112076,51.51619855780873,51.80612726347871,29698000
2018-11-23,51.052310943603516,51.69164233367512,50.97400293458793,51.22081495682277,14178000
2018-11-26,52.33294677734375,52.38547854929669,51.5315508315585,51.74119392982086,31558000
2018-11-27,52.15155792236328,52.86919727857594,51.81554058226542,52.10497392364605,33048000
2018-11-28,54.109703063964844,54.16273396165135,51.6891649292483,52.40829037006148,46042000
2018-11-29,54.24797439575195,54.52402620233028,53.62450121735956,53.70032878086884,31004000
2018-11-30,54.994850158691406,54.994850158691406,53.68298490261027,54.30001497294839,59668000
2018-12-03,55.327392578125,56.25120004614431,55.097924819663945,56.11044983867065,57532000
2018-12-04,52.656585693359375,55.222335716900645,52.57282901926797,55.16038504432092,45630000
2018-12-06,53.43021774291992,53.496630186858056,51.66586401138743,51.79075600770243,47436000
2018-12-07,51.86906051635742,53.7746635898791,51.51172874543162,53.14028938089352,42682000
2018-12-10,52.196170806884766,52.514348632167426,51.196040211734086,51.68866984009069,33652000
2018-12-11,52.615943908691406,53.04959860207512,52.04352031841192,52.87811881343425,33852000
2018-12-12,53.21463394165039,54.10672130549076,53.12740615957853,53.38066128063316,28960000
2018-12-13,53.2052116394043,53.94267562195796,52.78147120856661,53.31077808318347,24986000
2018-12-14,52.12330627441406,53.115012254042895,52.00733405403013,52.53515493329178,36358000
2018-12-17,50.83177185058594,52.65212886047272,50.384735543507425,51.890382048395765,49932000
2018-12-18,51.71195602416992,52.5188006627195,51.071134931743245,51.24559048360209,43640000
2018-12-19,51.317955017089844,53.31276748688265,50.523501142395304,51.90425553350229,58264000
2018-12-20,50.72917938232422,51.91169467656769,49.95008837386859,50.84911428827779,53674000
2018-12-21,49.12687301635742,51.42747186210645,48.628295741832616,51.14844811823798,104656000
2018-12-24,48.800777435302734,50.161211813035855,48.453356059911194,48.783429431664416,36360000
2018-12-26,51.932003021240234,51.96173812917805,49.19625965591018,49.46091497252919,46318000
2018-12-27,52.18228530883789,52.20409130797924,49.90745489277842,50.859019993855526,45996000
2018-12-28,51.874019622802734,52.74380563761929,51.64207517305085,52.50938452237577,34398000
2018-12-31,51.788780212402344,52.68235739680241,51.19801794154297,52.42662181757519,33110000
2019-01-02,52.2705078125,52.57332272092195,50.81342682866761,50.908583724282856,31868000
2019-01-03,50.82283401489258,52.84440916430246,50.66919758559149,52.07176145806565,41960000
2019-01-04,53.429725646972656,53.525377872894474,51.38733490786459,51.66982980650256,46022000
2019-01-07,53.32317352294922,53.65919087290687,52.6650081503317,53.57345286950523,47446000
2019-01-08,53.7915153503418,54.187006667540984,52.94799337990936,53.82273645848381,35414000
2019-01-09,53.607154846191406,54.10226487887618,53.246351931681716,53.92136997908412,26998000
2019-01-10,53.46739959716797,53.51596871519092,52.76611749422026,53.27460912456101,26598000
2019-01-11,52.75570297241211,53.196791439584736,52.357235840144156,53.024816319452164,30864000
2019-01-14,52.1134033203125,52.45735358508798,51.966705303267354,52.20409844201894,28490000
2019-01-15,53.8480224609375,53.93525025101272,52.25861559013519,52.43554783604918,37518000
2019-01-16,53.99669647216797,54.63355115915483,53.922358694920945,54.02098291892573,38280000
2019-01-17,54.47297286987305,54.55127708823581,53.68693978196592,53.92136466631834,24896000
2019-01-18,54.878379821777344,55.40867737331329,54.48090337937602,54.942311820332534,44892000
2019-01-22,53.45748519897461,54.465548678322584,53.073885587645876,54.31835154407501,39632000
2019-01-23,53.743934631347656,54.16717970726836,52.909336253873256,53.86535550844567,25194000
2019-01-24,53.72362518310547,53.921868095896,53.030767545217564,53.649778951310104,29114000
2019-01-25,54.591426849365234,54.68311263158913,54.11019370892404,54.23062393672968,23260000
2019-01-28,53.51844024658203,54.18800205710422,53.258246677265326,54.024455162568955,29334000
2019-01-29,53.032745361328125,53.759799844010175,52.83252112922512,53.57691983324791,19704000
2019-01-30,54.41697692871094,54.4928044913876,53.35885838319014,53.39454127483169,29452000
2019-01-31,55.79970932006836,55.8879277682799,54.776782174572446,55.12320907469218,40232000
2019-02-01,55.43941116333008,56.221477938622435,55.22283335740452,55.62129674240821,33116000
2019-02-04,56.56938552856445,56.6149826428997,55.38439370064637,55.45873526005803,78408000
2019-02-05,57.0872917175293,57.13189816525388,55.68621744950641,55.98506590270298,82296000
2019-02-06,55.65102767944336,57.19285589279355,55.42651701277045,56.95843478322537,48256000
2019-02-07,54.80949401855469,55.11081914301035,54.198907096289624,55.102394698878804,38298000
2019-02-08,54.63454818725586,54.769354430542876,54.231127686055984,54.26284413306292,21766000
2019-02-11,54.62165832519531,55.182190149293774,54.51659098443572,54.70244299915539,18498000
2019-02-12,55.88347625732422,56.14515585252506,55.06225546370973,55.06225546370973,35036000
2019-02-13,55.93550491333008,56.64025803524329,55.805160467057085,56.15406780576214,28042000
2019-02-14,55.9637565612793,56.30721147033604,55.363579193970516,55.755603216750615,21106000
2019-02-15,55.48945617675781,56.46431324542036,55.345234849730225,56.46431324542036,27826000
2019-02-19,55.830440521240234,55.98556297395831,55.341278267413735,55.341278267413735,21980000
2019-02-20,55.53704071044922,56.049498745540966,55.09892801757924,55.947898738140964,24090000
2019-02-21,54.72523880004883,55.465674848432876,54.41647611332852,55.44733617946482,33272000
2019-02-22,55.33730697631836,55.37150386454631,54.54136721859264,54.9973232075196,29436000
2019-02-25,55.3754768371582,55.775429986057915,55.21589260034126,55.60345485849227,26208000
2019-02-26,55.607418060302734,55.826971639267626,54.84864709251726,55.22877557612181,35026000
2019-02-27,55.65102767944336,55.7917778993341,54.940825906361525,55.210929903988735,22092000
2019-02-28,55.83242416381836,56.201156204526654,55.42900367850027,55.458243458549056,27422000
2019-03-01,56.921268463134766,56.99461936094752,56.05296837179371,56.05296837179371,34086000
2019-03-04,57.16411590576172,57.76379794864619,56.41227962663273,57.22061413135729,35490000
2019-03-05,57.945682525634766,58.30747610261752,57.144290260692664,57.291978933950915,40094000
2019-03-06,57.73505401611328,58.22074516470668,57.64138311830009,58.07305648761124,23602000
2019-03-07,57.0367431640625,57.66765009649561,56.583759132984696,57.51500430906147,30086000
2019-03-08,56.99312973022461,57.16560018173033,56.01331546458372,56.19669080684739,23694000
2019-03-11,58.44475555419922,58.476967329547385,57.07242200177658,57.0937326680358,30032000
2019-03-12,59.33634948730469,59.755631944132176,58.5954219125641,58.5954219125641,42220000
2019-03-13,59.42605209350586,59.825509870315194,59.36905853902243,59.76653498347926,25888000
2019-03-14,59.102420806884766,59.705573907102305,59.03799347607195,59.42406969020674,27302000
2019-03-15,58.99190902709961,59.5578895360771,58.82885367389795,59.37352729524492,51886000
2019-03-18,58.905174255371094,59.22236136997121,58.55478091755831,58.96167247755781,24442000
2019-03-19,59.59455490112305,59.64163800874752,58.95026651045778,59.06227227772826,29788000
2019-03-20,60.78253173828125,60.95896865152829,59.45232778710967,59.54203224319541,41508000
2019-03-21,61.26325607299805,61.27861895972552,60.29434682555302,60.46384525610499,28150000
2019-03-22,59.85177993774414,61.13936242847157,59.77000460105238,60.902464643554005,34422000
2019-03-25,59.34278869628906,59.94048934144617,58.97703248803913,59.45083180443985,27576000
2019-03-26,58.96910095214844,59.8517731046707,58.56865253956518,59.729853113212855,30752000
2019-03-27,58.382808685302734,59.072195171422834,57.69986152973623,59.072195171422834,29428000
2019-03-28,58.098331451416016,58.345143478843994,57.66021873912632,58.258414804745335,22402000
2019-03-29,58.327301025390625,58.678189713004706,57.80641854885906,58.49035258830934,30890000
2019-04-01,59.42209243774414,59.48255332690599,58.79663796251399,58.855117519223015,27706000
2019-04-02,59.74721145629883,59.760593013316004,59.038495611031834,59.47512231772895,18288000
2019-04-03,60.008384704589844,60.493580437892426,59.72440384163146,60.10205180537283,22180000
2019-04-04,60.43659591674805,60.49111280924098,59.920670551711964,60.0321810022952,21022000
2019-04-05,60.04010772705078,60.48318129422552,59.96973261519408,60.429159736999175,20012000
2019-04-08,59.88300323486328,60.164008345840536,59.70557567686853,60.023258123804965,21750000
2019-04-09,59.605960845947266,59.82700041744997,59.39235505250016,59.56631529004036,19668000
2019-04-10,59.79230499267578,59.915710995430445,59.50535210028214,59.72490566065685,15510000
2019-04-11,59.947933197021484,60.10405010747455,59.697653832077705,59.91373630353821,16998000
2019-04-12,60.59915542602539,60.61501364805489,60.13130384563559,60.24677696021811,24312000
2019-04-15,60.78748321533203,60.924766109664986,60.194244304362236,60.66655387590557,23796000
2019-04-16,61.05412292480469,61.255833163732206,60.71364000416009,60.95946136008473,22622000
2019-04-17,61.46200180053711,61.70782314293728,61.10318401138425,61.30638023853066,30366000
2019-04-18,61.52791976928711,61.749454667918044,61.425824430606916,61.70286688717368,24750000
2019-04-22,62.137020111083984,62.16576455775873,61.126480011043846,61.290030694609925,19084000
2019-04-23,62.971126556396484,63.16144036391629,62.04830952929535,62.279758676400476,31868000
2019-04-24,62.448753356933594,63.14012496632759,62.43686158073098,62.97112184100096,23396000
2019-04-25,62.81005096435547,63.080650314186634,62.34715649072058,62.95674897281491,31344000
2019-04-26,63.30961227416992,63.38345849426624,62.69407207879356,63.10938806051091,27228000
2019-04-29,64.24034881591797,64.27851592479452,63.02661282286968,63.46274407303298,72368000
2019-04-30,59.421104431152344,59.52121466086454,58.63011791265546,59.0082650592432,133178000
2019-05-01,58.150367736816406,59.43547356873407,58.06908773280634,59.34874111934893,74340000
2019-05-02,57.81285858154297,58.4507039199752,57.407453023118116,58.11468280615424,45098000
2019-05-03,58.95473861694336,59.046424401851816,58.161770768787754,58.35307144991088,41588000
2019-05-06,59.14851379394531,59.24614734780272,58.04331224905807,58.08494291510392,31774000
2019-05-07,58.4249267578125,59.21343269717888,57.738017030520034,58.769372287563286,36604000
2019-05-08,58.02448272705078,58.693053838408616,57.86836583691786,58.34711850220026,25520000
2019-05-09,57.88521194458008,58.187531486196946,57.22456997555092,57.619074403785326,29556000
2019-05-10,57.868858337402344,58.297060538395336,56.814706388416624,57.92833233577243,31650000
2019-05-13,56.33000564575195,57.09224765690935,55.78038253011659,56.75870698729838,45626000
2019-05-14,55.74866485595703,56.74037091442283,55.68274773950584,56.61399290816184,40392000
2019-05-15,58.025474548339844,58.39717855611781,55.57718294046831,55.63417649626703,59302000
2019-05-16,58.7044563293457,59.18321282512615,57.909011804030314,58.077020486795625,35308000
2019-05-17,57.925357818603516,58.7931624623442,57.80839493274456,58.274760476951634,25362000
2019-05-20,56.72996139526367,57.14329605896951,56.406826508372355,57.14329605896951,30602000
2019-05-21,57.214664459228516,57.39110135626331,56.66305621590145,57.21664579166275,20562000
2019-05-22,57.284542083740234,57.677556750658695,57.04417319422699,57.056564083812255,18826000
2019-05-23,56.763668060302734,56.99709854002608,56.16002330553748,56.799850068247544,25214000
2019-05-24,56.43012237548828,57.21069931124929,56.33595614636287,57.09373641510665,18554000
2019-05-28,56.477203369140625,57.316263612047834,56.43309225495322,56.57236026093217,20948000
2019-05-29,55.50483322143555,56.251213326023255,55.10884271912465,56.13722241944552,36230000
2019-05-30,55.57768630981445,55.84481835468119,55.30460648572431,55.51524029972253,18088000
2019-05-31,54.8387336730957,55.18069879925866,54.682616775197495,54.79611233825002,31582000
2019-06-03,51.48051452636719,52.881093573067986,50.900161794703344,52.87762624104899,96890000
2019-06-04,52.261085510253906,52.45685173420947,51.346197732951325,51.76548017733963,60512000
2019-06-05,51.772918701171875,52.37607186834259,51.19603709595773,52.28636741585876,46988000
2019-06-06,51.92755126953125,52.038566393848484,51.32043541783683,51.8507330384131,29020000
2019-06-07,52.9489860534668,53.19976450009471,52.09555360809189,52.250679832046735,43828000
2019-06-10,53.662166595458984,54.26085796278407,53.29145324063986,53.37669591083266,28510000
2019-06-11,53.576927185058594,54.71533517901255,53.50407539556066,54.36741844537092,33508000
2019-06-12,53.48077392578125,53.6502685922045,53.00994658521202,53.52289992583973,23670000
2019-06-13,54.071041107177734,54.34758824154439,53.65275307370434,53.75881108146844,20814000
2019-06-14,53.83761215209961,54.25689464476395,53.598733016073176,54.00810128348329,24582000
2019-06-17,54.213775634765625,54.580027215672686,53.92186561538128,53.976382508420016,19770000
2019-06-18,54.776283264160156,55.44733102036784,54.55573904861888,55.08653192137512,34526000
2019-06-19,54.740108489990234,54.98394851690062,54.31983533605366,54.87541006056048,26714000
2019-06-20,55.17079162597656,55.6426096794379,54.863514924278896,55.5920554494287,24018000
2019-06-21,55.7739372253418,55.83340744385582,54.99831368876088,55.005252132998756,50774000
2019-06-24,55.344242095947266,55.684724958539164,55.17623344453693,55.50779274992297,24236000
2019-06-25,53.90105438232422,55.29469503039628,53.75336191428878,55.26396924966775,31644000
2019-06-26,53.54123306274414,54.27473060392131,53.21264951679366,54.07053994053331,34698000
2019-06-27,53.358360290527344,53.94466075953343,53.31970162089973,53.859913423621485,24078000
2019-06-28,53.66415023803711,53.66415023803711,53.21810463733783,53.38809843309283,33672000
2019-07-01,54.5165901184082,54.94231570143417,54.28514099136783,54.568131231127936,29196000
2019-07-02,55.141056060791016,55.15542828417847,54.50023866252432,54.755970465829634,20630000
2019-07-03,55.65598678588867,55.903789460004994,55.25256255020916,55.43345744358683,20154000
2019-07-05,56.13572692871094,56.2338558140835,55.38389450531626,55.476570945686234,29794000
2019-07-08,55.34870910644531,55.865129779203734,55.09942043753115,55.79871733277184,29888000
2019-07-09,55.72041702270508,55.8973492604674,54.87094717312913,55.02805474218913,29472000
2019-07-10,56.54410934448242,56.614979787378196,56.036113125488434,56.11838379168522,30710000
2019-07-11,56.70121383666992,57.15518850576028,56.475716282568364,56.8042998372647,26004000
2019-07-12,56.763668060302734,56.870720522308524,56.42765067938276,56.64422848804225,21878000
2019-07-15,57.019893646240234,57.02831809039802,56.49901117144503,56.763662740337104,21164000
2019-07-16,57.16609573364258,57.41984619018782,56.83255127205369,56.83255127205369,25352000
2019-07-17,56.83304977416992,57.412907127041954,56.827101995722224,57.0402124477823,19538000
2019-07-18,56.85783386230469,56.903926314334115,56.145155318337636,56.59813560223208,25450000
2019-07-19,56.08022689819336,57.07292367051012,56.065359341587055,56.96091788165153,23184000
2019-07-22,56.459861755371094,56.500006428122475,55.76601721831929,56.27450506299607,28914000
2019-07-23,56.897972106933594,56.938116775342806,56.14465364197187,56.6699941006798,20648000
2019-07-24,56.48563003540039,56.76961094147567,55.92955999931511,56.1332553469821,27192000
2019-07-25,56.297794342041016,56.67693212783193,55.691669217875564,56.4469690096886,54762000
2019-07-26,61.71377182006836,62.86208631623326,60.86033933505423,60.86033933505423,121216000
2019-07-29,61.54625701904297,61.900616828766026,60.96937163592329,61.57896791155889,41382000
2019-07-30,60.8603401184082,61.301923922317876,60.72751521911687,60.81077655714907,28616000
2019-07-31,60.3746452331543,61.20280061587695,59.87804920339233,60.70521391987625,39960000
2019-08-01,60.05646896362305,61.27169128892185,59.81956738563338,60.346397654914995,35426000
2019-08-02,59.290260314941406,59.9434647695918,58.97703586246428,59.62132432132842,34910000
2019-08-05,57.23002624511719,58.32680338022532,56.63530134579319,58.13301848461888,47840000
2019-08-06,58.03935623168945,58.55081983916508,57.56605218187536,57.76379975882566,36014000
2019-08-07,58.27872848510742,58.474986261280904,57.036244038146585,57.38118492688738,30686000
2019-08-08,59.779422760009766,59.78388075791878,58.184068276743524,58.80010384530423,30116000
2019-08-09,58.922523498535156,59.69368535107968,58.723785256582595,59.472150441304976,20418000
2019-08-12,58.20884704589844,58.75946462189785,57.92238948180988,58.48143150180657,22064000
2019-08-13,59.31058120727539,59.74175925120991,58.13401753831253,58.2014168756371,28434000
2019-08-14,57.70085906982422,58.61970961809742,57.54325616248997,58.28666424783276,35430000
2019-08-15,57.952125549316406,58.30400490109744,57.638904867575555,57.90801821500315,28506000
2019-08-16,58.44227981567383,58.67174761330674,58.13451157225545,58.520587823797115,24916000
2019-08-19,59.49444580078125,59.938014690087954,58.99685913675256,59.06772957995668,24450000
2019-08-20,58.656375885009766,59.373519880954184,58.632588553448954,59.24218477136379,20206000
2019-08-21,59.05533981323242,59.50039471026344,58.87394958936071,59.265478262571,14152000
2019-08-22,59.0523681640625,59.41217661535316,58.42740903875277,59.16536460953603,17352000
2019-08-23,57.17205047607422,59.25805349235241,56.99462289000863,58.737666292628106,36254000
2019-08-26,58.04430389404297,58.07800545014868,57.23498255791972,57.46296055884889,21166000
2019-08-27,58.026466369628906,58.72923439799841,57.716217690538485,58.630114839752,23460000
2019-08-28,58.17168045043945,58.4070922455493,57.50261395548607,57.73158263877487,16810000
2019-08-29,59.18717575073242,59.43249798171872,58.74311150706316,58.79960973109826,19636000
2019-08-30,59.0033073425293,59.489992939484985,58.76491976593899,59.489992939484985,18064000
2019-09-03,57.96352767944336,58.931442649936706,57.6740943212462,58.573120174698886,25908000
2019-09-04,58.59393310546875,58.72328688982896,58.06165419350819,58.4541735445941,21312000
2019-09-05,60.07678985595703,60.16649430936751,59.110357089491124,59.158430872186315,26394000
2019-09-06,59.785858154296875,60.11444167277683,59.63419927808614,59.9256176941134,18972000
2019-09-09,59.73382568359375,60.491110590952744,59.13414366933151,59.823530130124,31854000
2019-09-10,59.75514221191406,59.96825268261143,59.27489970782787,59.27886615419613,27922000
2019-09-11,60.46385192871094,60.586267265331834,59.58563768674742,59.6654316897964,23522000
2019-09-12,61.20577621459961,61.5749997893835,60.59072751009033,60.6358292920011,31644000
2019-09-13,61.4565544128418,61.50710864311263,60.81474633971465,61.064035034368764,23676000
2019-09-16,61.04024124145508,61.40649279974879,60.721069014089025,60.981262572769054,28218000
2019-09-17,60.953514099121094,61.20726456849424,60.629883845747514,61.04024655328494,20806000
2019-09-18,61.090797424316406,61.26872033210829,60.288909787571,60.971357857610855,17440000
2019-09-19,61.39311599731445,61.670158464973035,61.07394752640504,61.07444285953724,16554000
2019-09-20,60.95153045654297,61.59383382640864,60.64128177196339,61.13985913301072,37692000
2019-09-23,61.191898345947266,61.439205689900824,60.65119121063101,60.78946477168961,20798000
2019-09-24,60.3810920715332,61.80744357905355,59.99997291493169,61.45506886982474,35804000
2019-09-25,61.749454498291016,61.852540502912774,59.92859863871399,60.266105764581944,26798000
2019-09-26,61.56855773925781,61.68651508439093,61.04966036820678,61.5611239611923,23166000
2019-09-27,60.75873947143555,61.702371740362565,60.22596144286288,61.595319289066644,34122000
2019-09-30,60.52035140991211,60.83109542237174,60.137746284839075,60.493588297306076,24470000
2019-10-01,59.77000045776367,61.10119863781525,59.74769912598516,60.58725465375296,24504000
2019-10-02,58.37834548950195,59.41118686082133,58.11617059122782,59.29918107982884,33030000
2019-10-03,58.94879150390625,59.026600399615326,57.64584604008084,58.64696725071422,28368000
2019-10-04,60.01582717895508,60.09016873940147,59.025111789237364,59.18965313222018,24282000
2019-10-07,59.88151550292969,60.409831749067685,59.68872505009201,59.81956483355725,17040000
2019-10-08,58.98347854614258,59.81311988849005,58.95126298908241,59.41168077323603,20086000
2019-10-09,59.591583251953125,59.89192147053786,59.37946347700178,59.53855614409171,15948000
2019-10-10,59.94198226928711,60.24677851453171,59.36658667048485,59.40326022781254,12842000
2019-10-11,60.25123977661133,60.89750960004905,60.14864910243124,60.66358380582727,22330000
2019-10-14,60.35333251953125,60.755266973504796,60.06142251302873,60.16103740300825,13296000
2019-10-15,61.56607437133789,61.8084245846959,60.50944574195248,60.53819018483243,27584000
2019-10-16,61.60374450683594,62.158324727681624,61.38220583718285,61.54476583864599,22986000
2019-10-17,62.08943557739258,62.63212402257517,61.94422357766576,62.02005113319439,20958000
2019-10-18,61.67362976074219,62.35260670842632,61.46200529642791,62.1831120286566,31624000
2019-10-21,61.66718673706055,62.12462877724251,61.45457160617475,61.886244979862205,18094000
2019-10-22,61.5145378112793,61.88772782557242,61.44763002985822,61.67709403795767,22862000
2019-10-23,62.32882308959961,62.34914309279807,61.465480073169445,61.465480073169445,21282000
2019-10-24,62.40216827392578,62.5900016171364,62.06713780900959,62.40216827392578,20224000
2019-10-25,62.65938949584961,62.84276485103948,61.90854763384837,62.04979320353552,27104000
2019-10-28,63.88252639770508,64.39101789496854,63.05635627437019,63.18967270216997,65428000
2019-10-29,62.478981018066406,63.477130099249145,62.228697912282804,63.23923788266141,52654000
2019-10-30,62.48096466064453,62.843748886416854,61.982882658369164,62.205903547467116,29204000
2019-10-31,62.38679504394531,62.76940391612324,61.92489128839739,62.44626904234914,31904000
2019-11-01,63.05339431762695,63.090566990184044,62.43190625413657,62.733730508182425,28812000
2019-11-04,63.91377639770508,64.05700710475948,63.2447097683187,63.2447097683187,30632000
2019-11-05,64.00447082519531,64.2919229025768,63.902379245267134,63.992575265548865,25148000
2019-11-06,63.98313522338867,64.08126409931377,63.549979724372186,63.93754189779123,24626000
2019-11-07,64.77265167236328,65.55124732510535,64.11894803478323,64.14521203530747,45140000
2019-11-08,64.87474060058594,65.27667885889721,64.50402723538035,64.50402723538035,30392000
2019-11-11,64.34345245361328,64.67154446385774,64.22401289593664,64.62693423524343,17234000
2019-11-12,64.29042053222656,64.8920876877892,64.14322718981167,64.35782364879786,28852000
2019-11-13,64.23937225341797,64.5535873756661,64.03964335826284,64.09068913624539,20538000
2019-11-14,64.88216400146484,65.20778309381366,64.12835028217157,64.18088583501998,28948000
2019-11-15,66.0909652709961,66.0909652709961,65.01797533171812,65.1745913589685,39286000
2019-11-18,65.41197967529297,66.10979443546886,65.22959876419937,66.03148642309691,27984000
2019-11-19,65.05267333984375,65.74849923759137,65.01203333229586,65.74849923759137,21864000
2019-11-20,64.5208740234375,65.08338331770538,63.89393362008337,64.99169754698218,28892000
2019-11-21,64.4356460571289,64.97981680887413,63.970267309920125,64.39153493682359,25546000
2019-11-22,64.1149673461914,64.77065213205672,63.90136160180185,64.57736638466407,27776000
2019-11-25,64.70822143554688,64.9446276928493,64.21113381502923,64.24334937614718,23590000
2019-11-26,65.07298278808594,65.12303789905084,64.62892233849249,64.91983789427263,21910000
2019-11-27,65.02986145019531,65.30294501074944,64.89803478719568,65.19292056605109,18808000
2019-11-29,64.63139343261719,64.92181742842484,64.5887721004546,64.75579387869145,12802000
2019-12-02,63.876590728759766,64.69830674310012,63.456313830417564,64.55556762557949,26538000
2019-12-03,64.16800689697266,64.29141668310302,63.29128242026133,63.37107264352633,25270000
2019-12-04,65.36737060546875,65.63153061632272,64.5798514663001,64.73101503038244,35506000
2019-12-05,65.76485443115234,65.8154086629345,65.13841301033878,65.7668357637966,24408000
2019-12-06,66.3808822631836,66.5335280445516,65.97647114352957,66.05179958683928,32968000
2019-12-09,66.55929565429688,67.28090140339582,66.21633611365712,66.3546134438284,30842000
2019-12-10,66.5543441772461,66.80759928466084,66.11374729265123,66.40814151393428,17606000
2019-12-11,66.62174987792969,66.90126899298782,66.46563298459978,66.82246943725745,20480000
2019-12-12,66.83189392089844,67.13371441128764,66.32192006432038,66.57021432306982,29114000
2019-12-13,66.75159454345703,66.97362476736325,66.49338609778081,66.80264032041094,33170000
2019-12-16,67.4370346069336,67.5772857409777,66.93696739622504,67.15453588142127,28128000
2019-12-17,67.1490707397461,67.61692229902084,66.94488007036423,67.52176540880079,32948000
2019-12-18,67.00138854980469,67.37408327591658,66.9295312097987,67.25365303600968,23330000
2019-12-19,67.22588348388672,67.27990881714081,66.84476440213892,67.00137283248031,28922000
2019-12-20,66.9671859741211,67.60056957774427,66.9429033073999,67.55596690931648,50090000
2019-12-23,66.93795013427734,67.49401639740252,66.8076056794049,67.33938927575151,19936000
2019-12-24,66.63066101074219,67.00633521845035,66.61778235108628,66.91712233062835,13468000
2019-12-26,67.52474975585938,67.56093554644748,66.6842033738161,66.73574827426512,23662000
2019-12-27,67.13668060302734,67.7517254677275,67.05540060541519,67.60056191429713,23212000
2019-12-30,66.39673614501953,67.25363966980721,66.30405970566383,67.24422456030106,19994000
2019-12-31,66.3808822631836,66.4438235977551,66.02107380979206,66.20246403579617,19514000
2020-01-02,67.83251190185547,67.83251190185547,66.73276652225083,66.82792341596551,27278000
2020-01-03,67.47766876220703,68.08379778892568,66.77390994004057,66.80761528460377,23408000
2020-01-06,69.27620697021484,69.30148029943362,66.95627869440405,66.98749602026135,46768000
2020-01-07,69.14239501953125,69.55821012407621,68.96645724727993,69.40754568235849,34330000
2020-01-08,69.63452911376953,69.97203621725023,69.0194842397815,69.12801890142514,35314000
2020-01-09,70.36556243896484,70.8061518370151,69.89076858429041,70.47161667281351,33200000
2020-01-10,70.82001495361328,71.11639050055818,70.35613364348731,70.84529584599768,26258000
2020-01-13,71.36865234375,71.44050966672661,70.64209328646724,71.13174702309243,30730000
2020-01-14,70.90080261230469,71.49750880179123,70.76103550256398,71.36716436377095,26076000
2020-01-15,71.32752227783203,71.40583028391339,70.95383692655207,71.02124004178174,21550000
2020-01-16,71.87071228027344,71.89747539401914,71.3671740127522,71.63727803469492,26080000
2020-01-17,73.32579803466797,73.37684381090587,72.18739403885324,72.48426114877846,52424000
2020-01-21,73.46110534667969,73.83925246721381,72.86439154992613,73.30002755955512,48930000
2020-01-22,73.5413818359375,74.36954091002987,73.48142006681404,73.83181338382326,28458000
2020-01-23,73.58201599121094,74.0186501633295,73.365438242496,73.72376442243804,26650000
2020-01-24,72.66416931152344,74.05334797496889,72.51597775102503,73.98495419699645,29786000
2020-01-27,70.9572982788086,71.19766714707632,70.35116943940237,70.94788316976366,34132000
2020-01-28,71.8875503540039,72.10065700330917,70.88939752782218,71.45339660181743,29724000
2020-01-29,72.19482421875,72.56355620090642,71.63429624956653,72.28204821190393,21566000
2020-01-30,72.07341766357422,72.1229736667599,71.11937574477422,71.27301221062503,27110000
2020-01-31,71.00934600830078,72.83763191582841,70.72585665176216,72.74792746502517,43822000
2020-02-03,73.47845458984375,73.66183373200143,72.19037662681714,72.4401606618482,71636000
2020-02-04,71.63529205322266,72.7221511823301,70.47656803193662,72.08530406404785,95880000
2020-02-05,71.66700744628906,72.58536256030895,70.85570477873623,72.53728878225081,36376000
2020-02-06,73.14986419677734,73.42691043576079,71.88656813376596,71.96090591264428,37822000
2020-02-07,73.30548858642578,73.60978951764092,72.62651160369214,72.72464050558949,28360000
2020-02-10,74.77000427246094,74.78090916442083,73.11171202305549,73.21232137301007,38302000
2020-02-11,74.83938598632812,75.82168077098233,74.61091262722508,74.99847489323436,34852000
2020-02-12,75.26412200927734,75.34688423463207,74.7704979689078,75.12683532807398,31042000
2020-02-13,75.00440979003906,75.62688838893217,74.53903116822619,74.83639736148454,22914000
2020-02-14,75.26908111572266,75.3345029054228,74.6158690097316,75.06092775062079,23198000
2020-02-18,75.30426025390625,75.85537316720415,74.8864637897621,75.05150424505347,25642000
2020-02-19,75.57337951660156,75.8643026659883,75.38059282964247,75.68885642045224,22746000
2020-02-20,75.18283081054688,75.6823987740962,74.55192018289029,75.2829410240114,25962000
2020-02-21,73.52108001708984,74.88350340399879,73.27476708165497,74.56779844819148,42520000
2020-02-24,70.36901092529297,71.1877548802108,69.72125896753626,70.52710913822696,49560000
2020-02-25,68.70675659179688,71.21104711521028,68.41435127649457,70.92112224638342,51580000
2020-02-26,68.91242218017578,70.06222999736163,68.22254051479868,69.1359421457947,49776000
2020-02-27,65.16963195800781,67.8682070863749,65.13444439685422,67.35971544400063,62290000
2020-02-28,66.37393951416016,66.53252927344232,62.85315762252513,63.1554771498163,80198000
2020-03-02,68.70675659179688,68.76374636203735,65.67761720638778,66.97560913503754,55430000
2020-03-03,66.2981185913086,69.7906479427087,65.87784169688798,69.26976927543198,56602000
2020-03-04,68.47283935546875,68.53131891334556,66.26243609006487,67.35078505307477,47598000
2020-03-05,65.16020202636719,67.08662414156048,64.50996962092215,66.68616815842502,54380000
2020-03-06,64.21757507324219,64.5649888842822,62.30800530544465,62.93940759811256,64640000
2020-03-09,60.25520324707031,62.08596950725931,59.37550300597867,59.71846256922305,69252000
2020-03-10,63.19810104370117,63.23180259779627,60.191758315709066,62.16823554563993,54872000
2020-03-11,60.012855529785156,62.2941293736132,59.03354029669556,61.86493643205561,54732000
2020-03-12,55.08900833129883,58.91508197832732,54.936362559355885,55.63764453569827,94326000
2020-03-13,60.17987060546875,60.1863137168854,55.12568453350552,58.233132133653775,79400000
2020-03-16,53.1784553527832,56.77010434529723,52.885055565048226,54.00165359735801,96520000
2020-03-17,55.41165542602539,55.80516546556795,51.99396263493645,54.05270706671724,83194000
2020-03-18,54.0799674987793,54.763901592375014,51.39427867918627,52.531200617401105,93044000
2020-03-19,55.09496307373047,57.12397237248402,52.313625928919365,53.9327678550478,74064000
2020-03-20,52.94105529785156,56.423674082292194,52.638240418033874,56.048003647697364,82878000
2020-03-23,52.243247985839844,52.8766315654061,50.00013767795823,52.35426310073486,83672000
2020-03-24,56.003902435302734,56.168443781993375,53.8440533745928,54.713843223428654,72468000
2020-03-25,54.59687805175781,56.80479702099747,53.67455646153341,55.73478676010555,90324000
2020-03-26,57.63493728637695,58.05917685755691,54.121592502034,55.246119650005106,76562000
2020-03-27,55.025081634521484,57.04665709426184,54.71483294886179,55.878018798817905,62794000
2020-03-30,56.811729431152344,57.04416919375739,54.441746039351614,56.13423859021797,58736000
2020-03-31,57.58686065673828,58.15432709083506,56.336447119529815,56.93167111203131,65228000
2020-04-01,54.620662689208984,55.97465756314441,54.19394647198858,55.70603956639152,51970000
2020-04-02,55.360599517822266,55.64507571589346,54.1761031695777,54.51658225154114,56410000
2020-04-03,54.154788970947266,55.447823761533954,53.28153570728026,55.24561822270651,51374000
2020-04-06,58.639530181884766,59.0142061972001,55.755602497061574,56.152088293952644,63320000
2020-04-07,58.608306884765625,60.50251369057454,58.34514131104988,60.315667229775336,61620000
2020-04-08,59.81956481933594,60.21109350341691,58.67719432513304,59.62627903343339,40334000
2020-04-09,59.79825973510742,60.56248317290745,59.09697763876301,60.3736591485406,54028000
2020-04-13,59.98856735229492,60.192262693866695,58.59690819494701,59.54698356017191,38702000
2020-04-14,62.705482482910156,63.22685654351929,60.88710314879472,61.45358277533107,63358000
2020-04-15,62.312469482421875,63.19514183500943,61.157707976694326,61.77771006857329,42236000
2020-04-16,62.318904876708984,63.10840538961774,61.36585746351938,62.80013802922198,57896000
2020-04-17,63.3879280090332,63.9330931634959,62.743639511197074,63.5217397961262,51050000
2020-04-20,62.503265380859375,63.27987960151955,62.26983493676543,62.93642471323275,35292000
2020-04-21,60.07530212402344,61.95067114702243,59.72044698572963,61.58937667810342,49648000
2020-04-22,62.36747360229492,63.43153606448749,61.31629358182884,61.51007469601736,46296000
2020-04-23,62.9998664855957,63.84140722065894,62.472544668602076,62.73075313152235,34202000
2020-04-24,63.268985748291016,63.323997976696404,61.65331112209811,62.198476293536736,37402000
2020-04-27,62.9845085144043,64.13629803011247,62.69705646864389,64.03221756640986,44186000
2020-04-28,61.08781814575195,63.673388769392936,60.97828903607546,63.5960789970159,80700000
2020-04-29,66.51915740966797,67.40975873675693,65.75344808139765,66.65891696341713,108358000
2020-04-30,66.7431869506836,66.90673766133646,65.49425906355033,65.98292986262913,55842000
2020-05-01,65.28707885742188,66.97759396680019,64.90744952945606,65.62260463477621,48872000
2020-05-04,65.56363677978516,65.64145324251461,64.23095612274317,64.83163266643618,30806000
2020-05-05,66.85814666748047,67.94798532924645,66.16480134457395,66.28721289666468,39666000
2020-05-06,66.68023681640625,67.83301697062188,66.66536925942738,67.30321467823855,31732000
2020-05-07,67.86225128173828,68.19530421185752,67.0326098611395,67.4672552406405,30652000
2020-05-08,68.60862731933594,69.21821972421975,67.99754513410797,68.48373532754027,33326000
2020-05-11,69.56266784667969,70.1544207533012,68.17051714278251,68.23444914371004,32718000
2020-05-12,68.1546630859375,70.09495481486462,68.12145686010034,69.79214367959435,33918000
2020-05-13,66.82394409179688,68.65768970686308,65.81687529627737,68.20321596744674,40368000
2020-05-14,67.24671936035156,67.27199269584207,65.58346617829078,66.08997649082319,36660000
2020-05-15,68.04959106445312,68.1249195115489,66.3615562640386,66.82049185975197,41544000
2020-05-18,68.6502685546875,69.02593525404038,67.11487952102308,67.48063955767863,47094000
2020-05-19,68.11599731445312,69.01254263159231,68.0842808724935,68.66512886344131,31586000
2020-05-20,69.83871459960938,69.98095458703384,68.76127070528746,68.84750402851577,38262000
2020-05-21,69.71928405761719,70.20051340358503,69.10671203417986,69.92941872936086,30894000
2020-05-22,70.04093170166016,70.22727525632826,69.18402813173392,69.57803347006285,28544000
2020-05-26,70.44384765625,71.6204186984946,70.34621788850302,71.46430181814073,44590000
2020-05-27,70.38983917236328,70.64111296949386,69.11712797478641,70.37596228255275,31684000
2020-05-28,70.28872680664062,71.58820090549902,69.33914689468233,69.38474022166471,35170000
2020-05-29,71.0460205078125,71.20510940143461,70.17672981418404,70.39727026219002,37044000
2020-06-01,71.1129379272461,71.44549178080105,70.48896934380507,70.65847160812754,25162000
2020-06-02,71.48165893554688,71.51585582679853,70.45575219799714,71.11937002152804,23442000
2020-06-03,71.32999420166016,71.81370394521399,70.95184711636607,71.50097863487548,27732000
2020-06-04,70.09346008300781,71.4325912261773,69.6826058547975,71.20758143939362,26982000
2020-06-05,71.3681640625,71.67940719980339,69.76239993864283,70.1598764140095,42642000
2020-06-08,71.76564025878906,71.81321492577551,70.59799261823765,70.6872055170517,33878000
2020-06-09,71.96586608886719,72.74496087236912,71.48413757383796,71.62687671013373,33624000
2020-06-10,72.59132385253906,72.99127323763385,72.07886956071756,72.43322560826746,31762000
2020-06-11,69.47892761230469,71.94208724589285,69.30596179831012,71.41822890962877,47144000
2020-06-12,70.02507019042969,71.09508037664003,68.68098578681742,70.66637905468488,36676000
2020-06-15,70.41263580322266,70.62376113767836,68.75037355248693,68.8638691116069,30468000
2020-06-16,71.68783569335938,72.21812953766074,70.82151691176658,71.81321926135442,30648000
2020-06-17,71.98866271972656,72.46741921038576,71.12581508481102,72.00849116981989,30610000
2020-06-18,71.07576751708984,72.00998103439683,70.68522565709645,71.85535389400442,34862000
2020-06-19,70.60592651367188,71.59019503933153,70.32639981826522,71.36717413263463,52784000
2020-06-22,71.8954849243164,71.90986092830514,70.33582083244812,70.62426351742366,29442000
2020-06-23,72.55562591552734,73.11169968828236,71.61496948877875,71.96189170393863,37752000
2020-06-24,71.00537872314453,73.14093740058806,70.87156316474966,72.5209391776435,31592000
2020-06-25,71.42168426513672,71.48214515083893,70.35315627186846,70.93202293315196,23958000
2020-06-26,67.52820587158203,71.21947330997806,67.15452055099803,71.00190487444962,97640000
2020-06-29,69.2444839477539,69.285623059931,66.9884876343953,67.41917027733605,45074000
2020-06-30,70.27931213378906,70.57419791827895,68.73698854618216,69.23012100555543,40286000
2020-07-01,71.46629333496094,71.78745069882932,70.08752033557674,70.33483147032733,42182000
2020-07-02,72.85051727294922,73.77185199898827,71.91580477152797,71.95397188987388,57218000
2020-07-06,74.32345581054688,74.83640917181805,73.19991930923392,73.75351267291511,44712000
2020-07-07,73.84123229980469,75.39743275025508,73.83032740946122,74.1490043020227,42364000
2020-07-08,74.51922607421875,74.89440122654209,73.95918956859587,74.380457171251,31766000
2020-07-09,75.2656021118164,75.7849985849552,74.12224472312172,74.83293808896195,41836000
2020-07-10,76.27416229248047,76.38963919030913,74.37649193816277,74.9974808669184,35918000
2020-07-13,74.94692993164062,78.12524419545197,74.66592103825721,76.8158557336052,42954000
2020-07-14,75.37464141845703,75.47078898613607,73.64349364825239,73.98348124835574,38108000
2020-07-15,75.1773910522461,76.14133958926885,74.2332634031044,75.49209774784732,31026000
2020-07-16,75.08023834228516,75.1293027817257,73.75944601706206,74.41513084401217,26484000
2020-07-17,75.17589569091797,75.50200636800437,74.24663566725596,75.1788676895288,34264000
2020-07-20,77.50474548339844,77.76097259277284,74.47461527343725,75.08420771365807,30166000
2020-07-21,77.11222076416016,78.65504339573445,76.94867010071032,78.55493317782401,27486000
2020-07-22,77.55480194091797,77.6603646078769,76.48330192524752,77.10181793412379,24482000
2020-07-23,75.17094421386719,77.827389236186,74.7665255226966,77.60833100238632,33910000
2020-07-24,74.74768829345703,75.10551538900812,73.72575189517956,74.30065587172042,29902000
2020-07-27,75.79937744140625,76.20230640806061,74.95189639606012,74.99798885025126,27124000
2020-07-28,74.5217056274414,75.62987550532888,74.3665793891612,75.57982039046628,30910000
2020-07-29,75.50597381591797,75.99265563453109,74.4899812798863,74.58860929092415,22676000
2020-07-30,76.2424545288086,76.36734655138768,74.10143546344366,74.24020437742044,36042000
2020-07-31,73.74359893798828,74.5895976539911,72.06101661639134,74.19460163241017,91468000
2020-08-03,73.48638153076172,74.22829979718547,72.93923127224508,73.89476289216728,45482000
2020-08-04,73.01753997802734,73.99933560623647,72.55811283263415,73.68214847232768,37212000
2020-08-05,73.30448913574219,73.84519626003934,72.91444645952018,73.19199180453877,29134000
2020-08-06,74.58612823486328,74.65155001959869,72.94815610602834,73.15878990214848,33306000
2020-08-07,74.26002502441406,75.33647844212679,73.6603391959197,74.78883662265774,27718000
2020-08-10,74.1832046508789,74.6951597832656,73.22519259615039,73.88484774464752,20546000
2020-08-11,73.37635040283203,74.85821303070131,73.25988285024638,74.0434317145087,31098000
2020-08-12,74.69963073730469,74.91918811247346,73.59740476873101,73.70247590056702,22512000
2020-08-13,75.16598510742188,76.17306163204127,74.74769707911409,74.74769707911409,22388000
2020-08-14,74.57026672363281,75.32160764285088,74.29123915630834,75.01531784878155,21942000
2020-08-17,75.14566040039062,75.51935329930157,74.58860350836233,75.13228262566284,19990000
2020-08-18,77.10528564453125,77.18408519615916,75.41477814265448,75.6353185768315,28378000
2020-08-19,76.55169677734375,77.75354125629191,76.32322343836007,76.94223100784141,30472000
2020-08-20,78.11978149414062,78.31405791501433,76.04864662583448,76.3217225914923,26382000
2020-08-21,78.08609008789062,78.89442072406565,77.42891544303244,77.89923986608471,34838000
2020-08-24,78.5608901977539,79.73200903262453,78.05983234855898,78.92367069100864,25638000
2020-08-25,79.58680725097656,79.73697262205323,78.2005926493142,78.31061712349431,25150000
2020-08-26,81.48397064208984,81.91317116457778,79.3454396201042,79.60910055247213,52188000
2020-08-27,80.7103271484375,81.67526631440305,80.22909022649999,81.60687253223567,31350000
2020-08-28,81.25102996826172,81.34618686734322,80.56610901540381,80.75741347984508,22418000
2020-08-31,80.76039123535156,81.50230958261653,80.55223786700407,81.4562171292077,26422000
2020-09-01,82.02664947509766,82.23183081944713,80.76038141438515,80.89072586563118,22652000
2020-09-02,85.1147689819336,85.54644234376782,82.27990568952355,82.66746793542667,49522000
2020-09-03,80.75939178466797,84.25291200419659,79.67896815713972,84.22912088973366,63726000
2020-09-04,78.36560821533203,81.03096897134081,76.2226083165763,79.74289125622084,55850000
2020-09-08,75.51043701171875,77.09389228963359,75.15855385977208,75.57982146335551,54032000
2020-09-09,76.68154907226562,77.2509930776457,75.58823926894804,76.76431129264915,39242000
2020-09-10,75.63185119628906,77.99142901908637,75.33201208144567,76.82775166747923,33024000
2020-09-11,75.12187957763672,76.25879385001623,73.99487196751262,75.735933828383,30706000
2020-09-14,74.7784194946289,77.16575111984385,74.59405726973172,75.9093897485379,42660000
2020-09-15,76.08137512207031,76.86790369780455,75.43610346676509,75.72305640030964,23042000
2020-09-16,74.94000244140625,77.03542065885986,74.91522065705556,76.44614809243492,22128000
2020-09-17,73.69850158691406,74.27439632270638,72.48030722418932,73.63754157922925,40008000
2020-09-18,71.91679382324219,74.10291435499147,70.9518546797174,73.76094545210748,63056000
2020-09-21,70.87850189208984,71.37013697756234,69.51756861538587,70.9518489978719,56908000
2020-09-22,72.34945678710938,72.555137240123,70.84678253105847,71.87863322198784,33950000
2020-09-23,69.8501205444336,72.01542196505994,69.51757431347869,71.9663575191047,37726000
2020-09-24,70.5177001953125,71.26755132764286,69.49130194472214,69.51757350502828,34552000
2020-09-25,71.32058715820312,71.6615578347478,69.76537731139764,70.62624357149211,30326000
2020-09-28,72.2919692993164,73.00217110673873,71.6784141659313,72.95261510869759,30784000
2020-09-29,72.65674591064453,72.95311394929331,72.06102270971172,72.5521738963951,31816000
2020-09-30,72.63592529296875,73.65687119404856,72.14825279198409,72.40497148553358,40924000
2020-10-01,73.74111938476562,74.09647363654604,73.19099712373635,73.5309847051695,32884000
2020-10-02,72.14031219482422,73.3015166577609,71.73143930114331,72.34004108666224,31222000
2020-10-05,73.4898452758789,73.582521715312,72.3628377612094,72.4897110883713,21602000
2020-10-06,71.91331481933594,73.57358785450597,71.61545709524182,73.12655549244805,26096000
2020-10-07,72.31576538085938,72.80294632471846,71.03165012534033,72.3241898254817,36108000
2020-10-08,73.51959228515625,73.747566532025,72.62849172768487,72.62849172768487,26076000
2020-10-09,74.85871124267578,74.92809569109109,73.69651605996611,73.98694007707145,32966000
2020-10-12,77.54193115234375,78.72295673481648,75.7929361107387,76.22411798479965,55344000
2020-10-13,77.6648178100586,78.56137061464591,77.24652985318345,78.15745109713406,39072000
2020-10-14,77.48493194580078,78.49646280342338,76.61564111614656,78.03803383349177,33174000
2020-10-15,77.08992767333984,77.87942818375831,76.37923428577766,76.5462485174522,31210000
2020-10-16,77.69605255126953,78.1921494513825,77.19846587067573,77.40512942894904,34194000
2020-10-19,75.82514190673828,78.50042480212294,75.4767374385808,78.10393898976746,29734000
2020-10-20,76.87236022949219,78.00035855985075,75.35679964093741,75.4861534317713,41670000
2020-10-21,78.60250854492188,80.04720230384581,77.66829522867764,77.80260233594682,60322000
2020-10-22,79.6269302368164,79.96195691622499,78.18075417230419,78.55344885519195,30512000
2020-10-23,80.9313735961914,80.98787182595748,79.88712810599611,80.04275346677193,30548000
2020-10-26,78.51825714111328,80.76284956365737,77.70001225842906,80.04026068394055,35826000
2020-10-27,79.24134826660156,79.39597538099545,78.15647045681439,78.74822336439603,25902000
2020-10-28,74.87606048583984,77.00765664920016,74.7610827015147,76.81933175028874,45174000
2020-10-29,77.1598129272461,78.73880642032361,75.16103405027546,75.18432605139941,55406000
2020-10-30,80.09528350830078,83.32713206750934,79.37467583151599,82.63923150489403,99878000
2020-11-02,80.50216674804688,82.18325914696204,80.00259120096713,80.46350808110766,44228000
2020-11-03,81.55978393554688,82.22092126461291,79.89703016999084,80.82133683336055,31432000
2020-11-04,86.5252685546875,87.72364199998071,84.40159768740916,84.52946169743666,71342000
2020-11-05,87.3504409790039,88.80355922055054,86.28637474344528,87.74444631593936,39758000
2020-11-06,87.21317291259766,87.64781830534946,86.0707985293966,86.79735774216776,28622000
2020-11-09,87.29691314697266,90.04603445916274,87.10511715128658,89.00972958301574,53440000
2020-11-10,86.1223373413086,87.19581874690427,85.05182793444769,85.72833198232598,43022000
2020-11-11,86.59366607666016,87.37027284342858,86.38699493395451,86.65164652421126,31838000
2020-11-12,86.3750991821289,87.47336244260462,86.13473026061088,86.33445917633253,26474000
2020-11-13,87.83414459228516,88.07550413337701,86.03609314698612,86.63180866553387,29744000
2020-11-16,87.92188262939453,88.92846007684724,87.2924616688754,87.4317296869086,25468000
2020-11-17,87.30880737304688,88.07600646877577,87.20126337757758,87.61608025286607,21314000
2020-11-18,86.26705169677734,87.47434868925225,86.16446102115808,87.06002332172838,20108000
2020-11-19,87.1556625366211,87.39950253324328,85.74071145834314,85.89980034337418,20106000
2020-11-20,86.05592346191406,87.64086843006233,85.9875296804616,87.32566263564391,27694000
2020-11-23,85.6187973022461,86.53219912341163,84.7574394883768,86.24623688977317,22530000
2020-11-24,87.41983795166016,87.54770196946366,85.28030873158976,85.61583456207863,27984000
2020-11-25,87.43123626708984,87.74098965491426,86.64966857588736,87.61362474871946,19600000
2020-11-27,88.56566619873047,89.06078000238365,87.45154481486274,87.45154481486274,14790000
2020-11-30,86.94900512695312,88.23460252032878,86.62388510850603,88.00216651160646,32418000
2020-12-01,88.97900390625,90.28542045446022,87.3767108902,87.55661890732226,37350000
2020-12-02,90.44649505615234,90.83158444204322,88.47398769607074,88.97900820349736,29424000
2020-12-03,90.2913818359375,91.38121314706835,90.05150445368142,90.22695071056481,24728000
2020-12-04,90.38652801513672,90.67100047469899,89.88249064101637,90.21108177907736,20544000
2020-12-07,90.05299377441406,90.66060499552637,89.35964075802661,89.97963908979871,22288000
2020-12-08,89.7704849243164,90.00044805346998,88.77680130408386,89.63122447433899,19936000
2020-12-09,88.11170196533203,90.61500993483831,87.32567250408466,89.7224195621186,31728000
2020-12-10,87.6056900024414,87.96946116697602,85.91468307292723,87.35540685042515,28688000
2020-12-11,87.96004486083984,88.08444532599398,86.86674248708519,87.22655098140548,18628000
2020-12-14,86.84294891357422,88.70345045595626,86.687822672267,87.75784057609782,33050000
2020-12-15,87.28007507324219,87.42478797554355,86.31810785244136,87.21960661761919,21352000
2020-12-16,87.0872802734375,87.67804256144234,86.6843589008534,87.67804256144234,24676000
2020-12-17,86.26060485839844,87.55909602721862,85.79672351081625,87.42131779941667,34880000
2020-12-18,85.55238342285156,86.64965590183743,84.99631718680045,86.54112123455688,85256000
2020-12-21,85.9657211303711,86.08665047301542,83.95554588894409,84.70539704892414,33974000
2020-12-22,85.25502014160156,85.86907434812254,84.53936593674798,85.70651435079037,20370000
2020-12-23,85.65200805664062,86.43902813362216,85.30359602075463,85.43890137207586,22974000
2020-12-24,85.94589233398438,86.35476521041882,85.45970212371107,85.69015678249487,9312000
2020-12-28,87.91839599609375,88.56466573176412,86.3255258833646,86.4786632023986,27650000
2020-12-29,87.11553955078125,88.63754338540355,86.9842044158277,88.57609182171191,19726000
2020-12-30,86.04947662353516,87.61112952417417,85.64060373303981,87.4743419671934,21026000
2020-12-31,86.86177825927734,87.10263870414872,86.04154446235164,86.10003157948303,21070000
2021-01-04,85.54792785644531,87.34994209759138,84.60677228691033,87.22653987680384,37324000
2021-01-05,86.23780822753906,86.57382555725187,85.09048067381308,85.49638156177933,20360000
2021-01-06,85.3868408203125,86.43207672548039,84.0596129484562,84.2657849291429,46588000
2021-01-07,87.93724060058594,88.10970726571644,85.57914501224703,85.57914501224703,41936000
2021-01-08,89.10140991210938,89.17723746242793,87.28699358690446,88.07699309264173,35484000
2021-01-11,87.04267120361328,88.43482947963955,86.83699831013621,88.07006012945878,34796000
2021-01-12,86.10795593261719,87.61806393795727,85.06470881881626,86.500970600687,29528000
2021-01-13,86.59465026855469,87.04763429733303,85.6069030910112,85.6069030910112,23432000
2021-01-14,85.78532409667969,87.60073138346526,85.54495518482686,86.67493484651867,29212000
2021-01-15,85.62176513671875,86.6129758011432,84.83326292154278,85.69114958073497,31444000
2021-01-19,88.43930053710938,89.39928644937088,85.8799935070657,86.38402335551918,41660000
2021-01-20,93.1772689819336,94.15113159683025,90.17588335880014,90.51586333657515,64152000
2021-01-21,93.37947845458984,95.75491452808738,93.14456200327876,93.85030958575864,58634000
2021-01-22,93.7962875366211,94.38258801925332,93.00034392716495,93.74177064385457,32744000
2021-01-25,93.88152313232422,95.24642668111035,92.14096048462264,94.79641468314033,50586000
2021-01-26,94.55902099609375,94.94559256063314,92.98200896097454,93.47067208076419,31462000
2021-01-27,90.14762878417969,93.1970881256996,89.07414752601007,92.92153170069953,82512000
2021-01-28,91.84559631347656,93.56980187286253,90.74535172102193,90.74535172102193,55278000
2021-01-29,90.56492614746094,91.56506030256809,89.28627113117517,90.89499945801929,44530000
2021-02-01,93.82157135009766,94.93519367796942,91.41887289099441,91.41887289099441,40252000
2021-02-02,95.11260986328125,96.61181293798191,94.48070854008223,94.81574275927689,66332000
2021-02-03,102.03919982910156,104.40522092105503,99.79261830171446,102.37274430388717,97882000
2021-02-04,101.77900695800781,102.55561366138531,100.86064423524446,102.1254300837505,48596000
2021-02-05,103.52352142333984,103.87589607151482,101.59908818939329,102.0728837181395,29866000
2021-02-08,103.3099365234375,104.82054386503,102.26074525835544,104.07713575251206,28828000
2021-02-09,102.85743713378906,104.00327492261671,102.59030513019513,102.82819357536142,21892000
2021-02-10,103.40705871582031,104.02161204925905,101.7101080573944,103.24152671661228,25102000
2021-02-11,103.51956939697266,103.7797591856027,102.5338111240634,103.63108362772132,20480000
2021-02-12,103.83080291748047,104.05233401562371,102.76722828875226,103.07450872538962,18990000
2021-02-16,104.60742950439453,106.3142945266649,103.66825520694219,103.66825520694219,31004000
2021-02-17,104.99994659423828,105.18926972453114,103.49975268099251,103.77877270157512,20294000
2021-02-18,104.36506652832031,105.16696166739435,103.74655051019732,104.32492564110814,22546000
2021-02-19,103.52254486083984,104.99796454492676,103.25591195162085,104.46320894592502,37938000
2021-02-22,101.81021118164062,103.10225909107349,101.4999663191888,101.77750407548331,29466000
2021-02-23,102.10063934326172,102.71420199290405,98.63685456772592,99.81441631035422,34658000
2021-02-24,103.27474212646484,103.49826214728957,100.48547967083988,100.60987256668675,22608000
2021-02-25,99.91155242919922,103.2345869187692,99.44271023245791,101.89298299027122,41548000
2021-02-26,100.20693969726562,101.92222910849493,99.17112631812763,100.60540682700322,40042000
2021-03-01,102.5734634399414,102.89907502090055,100.82694907500807,101.49998201929594,26060000
2021-03-02,102.31674194335938,103.81644435737358,101.92967878703757,102.33458149918383,25564000
2021-03-03,99.68655395507812,102.88716945584571,98.82369885225702,101.69573836758674,33892000
2021-03-04,100.80267333984375,102.8178020839043,99.39019490310947,99.8580465289273,49216000
2021-03-05,103.93190002441406,104.38438487608283,100.49785050979133,102.15168816314645,53100000
2021-03-08,99.4927749633789,104.75808274317625,99.37828873496463,103.28713246318019,36868000
2021-03-09,101.121337890625,102.28898556679057,100.88543075632072,101.58671660958481,33920000
2021-03-10,100.9146728515625,102.16409207051008,100.07907988733146,102.16409207051008,27100000
2021-03-11,104.1038818359375,104.63566538410922,101.91875964200801,102.00648275291233,27702000
2021-03-12,101.59909057617188,102.967457650854,100.72781860176927,102.9079874324158,33818000
2021-03-15,101.81914520263672,101.84639986684593,100.49836027807162,101.35030296707097,26168000
2021-03-16,103.27869415283203,104.75509667999005,102.05950181644135,102.39155645205241,31900000
2021-03-17,103.19593811035156,104.02756080916568,101.30768292105009,102.51448074840832,26382000
2021-03-18,100.17870330810547,102.52836717978956,100.0716508476845,101.50890348351723,31700000
2021-03-19,100.45722198486328,100.95679000162345,99.26628238475064,100.59450866025328,46072000
2021-03-22,100.64208984375,101.51683304401001,99.81492131192749,100.49043471724453,33536000
2021-03-23,101.16939544677734,102.2983842699434,100.50875726629116,101.10100167276073,28510000
2021-03-24,100.7332763671875,102.47135862894248,100.55832169065704,101.6863199422794,25218000
2021-03-25,100.72982025146484,101.38302480689724,98.92729904406828,100.56081710933275,35616000
2021-03-26,100.34671020507812,101.07326181314708,99.31187989492297,100.69660445230305,27978000
2021-03-29,101.39044952392578,101.55995176525356,99.39117913290644,100.21933831690066,26492000
2021-03-30,101.42415618896484,102.22703448790296,100.91269258418674,101.74679577665506,27312000
2021-03-31,102.21959686279297,103.39616804886353,101.45041637085228,101.81716706219301,42570000
2021-04-01,105.55303955078125,105.84891601894121,103.65239718036233,103.69303718393783,39880000
2021-04-05,109.97283935546875,110.46993447035067,106.31775001395617,106.41389756983538,48510000
2021-04-06,109.49211120605469,110.42087973789896,109.12189695310158,109.57438188030405,35240000
2021-04-07,110.967529296875,111.23862398278051,109.68242342069358,109.68242342069358,24134000
2021-04-08,111.53252410888672,112.59113801496007,111.16478272927793,112.20505796533502,28664000
2021-04-09,112.53562927246094,112.69917995793787,110.87980997763093,111.2852193593174,26146000
2021-04-12,111.24456787109375,111.85267053734381,110.4119469730089,111.7153914284989,25024000
2021-04-13,111.73075866699219,112.17878937240846,111.16675951077738,111.5602733226947,25682000
2021-04-14,111.1102523803711,112.3750381583166,110.81834616308481,112.3750381583166,21002000
2021-04-15,113.25821685791016,113.79099869324847,111.56919891951989,112.1034629731022,29174000
2021-04-16,113.1343002319336,113.70375176722182,112.54799980990255,113.45594910977604,26282000
2021-04-19,113.48173522949219,114.19193706583053,112.51134359641581,112.51134359641581,30290000
2021-04-20,112.94895935058594,113.93967097136371,111.86408150000248,113.8648340768763,22288000
2021-04-21,112.916259765625,112.99803132928973,111.25448886815174,112.6040259433195,23204000
2021-04-22,111.63609313964844,113.43811493653551,111.03145402181963,112.77003537095592,24146000
2021-04-23,113.98575592041016,114.29253725619483,112.06875636037209,112.35372791548767,29066000
2021-04-26,114.48136901855469,115.20495618404446,113.85640986234887,114.21324633268112,32038000
2021-04-27,113.54219818115234,114.90362311481388,113.3033115017685,114.86298311307249,44386000
2021-04-28,116.915283203125,120.50048895349634,116.62684053810642,118.57357518868605,81106000
2021-04-29,118.58645629882812,119.15144604811134,117.64926345388002,118.41150919786686,41234000
2021-04-30,116.64073181152344,118.04576886027662,116.29678154912857,117.36034878239039,44856000
2021-05-03,116.12430572509766,118.03089969909728,115.74863902173213,117.20621161359489,28242000
2021-05-04,114.32772827148438,115.22774474351102,111.84226774409919,114.66077361466583,44818000
2021-05-05,114.72123718261719,115.72384428239883,114.39958829572701,115.40814695486216,26636000
2021-05-06,115.84032440185547,115.84032440185547,113.6442970726025,114.30295402461856,25190000
2021-05-07,116.56291198730469,117.52042496312349,116.27694974187273,117.15566315675112,28898000
2021-05-10,113.58035278320312,115.52560521194692,113.22301722709163,115.38385676397111,30914000
2021-05-11,112.50538635253906,113.01189659277263,110.71426940565203,111.16775253542369,34186000
2021-05-12,109.04557037353516,111.41109992687674,108.71698679054806,110.33117538369368,46376000
2021-05-13,110.47242736816406,110.98785364664872,109.3662312366163,110.32770690377507,33204000
2021-05-14,112.917724609375,113.23193971595805,111.51119796945952,111.93444685237745,31996000
2021-05-17,113.44009399414062,113.48271532640354,111.7842748978031,112.18373267154185,21598000
2021-05-18,112.12922668457031,114.36986421874587,112.11534979452306,114.10570419354653,22204000
2021-05-19,112.5767593383789,112.74972513246455,110.29400712295823,110.44219113551104,23684000
2021-05-20,114.33368682861328,114.58396240325392,113.17248227319268,113.54319564211424,32352000
2021-05-21,113.69831085205078,114.92543627002019,113.45893261370185,114.85208159408714,40632000
2021-05-24,117.014404296875,117.23791673774083,114.58197094605173,114.727182946644,31832000
2021-05-25,117.1051025390625,118.15231234760691,116.7150598583625,117.55758744041395,22440000
2021-05-26,117.96945190429688,118.39963551615718,117.28303358520861,117.28600558414439,21572000
2021-05-27,117.09568786621094,118.40259591136595,116.77751007748608,118.40259591136595,35224000
2021-05-28,116.8067398071289,117.75929178976516,116.60850070207313,117.67752023857234,21482000
2021-06-01,118.01255798339844,118.23706866867205,116.67937832399878,117.67852195944192,23354000
2021-06-02,117.48771667480469,118.63008342686042,116.5842214876714,118.40755407398083,21158000
2021-06-03,116.3473129272461,116.81516447592351,115.45224982960987,116.25562715192257,18696000
2021-06-04,118.62660217285156,118.89720528416072,117.08229729733962,117.42228485227457,24458000
2021-06-07,119.05927276611328,119.16880566389568,118.00363849834592,118.42192651561601,24120000
2021-06-08,118.86796569824219,119.9127026145582,118.68657547258344,119.54050705313709,24240000
2021-06-09,119.33880615234375,119.5836292835186,118.79165587166284,119.5117719476187,17942000
2021-06-10,120.68634796142578,120.7294684105752,119.1326278842615,119.2882456679508,25904000
2021-06-11,120.44202423095703,121.01295807193074,119.88495971809364,120.92771539665284,21958000
2021-06-14,121.36929321289062,121.3697847648287,119.83737537905269,120.54410606860253,22098000
2021-06-15,120.35232543945312,121.69640254361228,119.99201782281658,121.3737629349192,21562000
2021-06-16,119.71097564697266,120.81469107857411,118.41992601868857,120.50344800038638,26472000
2021-06-17,120.67346954345703,121.44562207681038,119.44089917857585,119.6366654253896,25842000
2021-06-18,119.05531311035156,120.53419632623287,118.96015621393956,120.30027053137374,46116000
2021-06-21,120.74185943603516,120.92771145158575,118.84468060932583,119.44139444148058,27414000
2021-06-22,121.25531005859375,121.32420295984515,119.99994678817278,120.67991442988735,22390000
2021-06-23,121.0535888671875,122.01357468199771,120.76366397043704,121.0203826430331,19148000
2021-06-24,121.42330932617188,121.9739231126459,121.22507021343145,121.6215484389123,21362000
2021-06-25,121.4317398071289,121.55514959738011,120.49653574308054,120.92770999401274,34594000
2021-06-28,121.4590072631836,121.70581929197255,120.33844268954444,121.60024905200277,28526000
2021-06-29,121.19780731201172,121.93973310603045,120.6214210828712,121.59231176523241,23108000
2021-06-30,121.01642608642578,121.18245721557813,120.28788557536772,120.92225985457858,24474000
2021-07-01,121.36830139160156,121.5095431679097,120.46332403287062,120.65512003494412,18110000
2021-07-02,124.15657043457031,124.3017824350133,121.97789131366527,122.06759575847595,25982000
2021-07-06,125.08088684082031,125.31679397061296,123.48750981436791,124.54414234830024,26404000
2021-07-07,125.36236572265625,126.16524387120022,125.04418797397643,126.04432210950914,24060000
2021-07-08,123.94493103027344,124.49158207689626,122.9319182622359,122.93588092649219,23790000
2021-07-09,124.41527557373047,124.62937290029038,123.45677202918988,123.92611335864795,18632000
2021-07-12,125.85946655273438,125.95264210582927,124.50695772066592,125.06897547530485,17668000
2021-07-13,126.22225952148438,126.93196222420258,125.56112215124197,125.92192128117352,19240000
2021-07-14,127.10989379882812,128.18982590812473,126.79022621114098,126.83334666215922,23742000
2021-07-15,125.88871765136719,127.56881955771274,125.41789406106274,127.51827289172718,24218000
2021-07-16,125.8540267944336,126.68812995291671,125.04470541650979,126.54093661242045,20424000
2021-07-19,123.4830551147461,125.09575390814824,122.41948035880777,124.98126767561185,27968000
2021-07-20,125.10021209716797,125.92638235763302,123.25755022531956,124.42419961251387,26312000
2021-07-21,126.42794036865234,126.474524368803,124.91584338583961,125.02487717060785,20746000
2021-07-22,127.2927474975586,127.35371505716606,126.37836266317296,126.72033153509673,14302000
2021-07-23,131.8458709716797,132.22649848559698,128.65963179106353,129.28408415405738,41506000
2021-07-26,132.85693359375,133.05715404694908,131.13866459340358,132.1566459971667,30572000
2021-07-27,130.7406768798828,133.21772036685556,128.9604724988499,133.0705270393317,54710000
2021-07-28,134.8978271484375,137.08146728842348,134.08850576613955,135.11391338631623,95130000
2021-07-29,134.58413696289062,135.4598709630943,134.35170090625724,134.95336061037463,31716000
2021-07-30,133.54234313964844,134.11526579950234,133.07499070592388,133.84813380324206,25576000
2021-08-02,133.6692352294922,134.14699347911008,132.61805515773415,133.92942502207725,21634000
2021-08-03,134.4379119873047,134.53900531485272,132.14771857757245,133.94725240636728,20762000
2021-08-04,133.93785095214844,134.45724743917305,133.30495889893086,134.1598811909161,19676000
2021-08-05,135.05393981933594,135.15158472085915,133.66079088435984,134.48795935776522,17870000
2021-08-06,134.54547119140625,135.27302867961484,134.02162798493478,134.8463161522818,20488000
2021-08-09,135.70960998535156,135.97823930808275,134.1499385485314,134.7476505132301,17760000
2021-08-10,135.6045684814453,136.56158228756237,135.16595290851137,136.13485470912244,19414000
2021-08-11,135.08120727539062,136.47235972924676,135.07376593544024,135.97577128495558,15352000
2021-08-12,135.9881591796875,136.0932302954075,134.23520937229634,134.7803631501877,16506000
2021-08-13,136.51698303222656,136.6448621761121,135.82859848405317,136.04368651541876,15948000
2021-08-16,137.09384155273438,137.14638467025773,134.10980386854092,136.31623668767153,22384000
2021-08-17,135.46035766601562,137.05026370678758,134.88595268488515,136.5392916207769,21716000
2021-08-18,134.25851440429688,135.89946615420885,134.13213260953893,135.30027185515118,19258000
2021-08-19,134.48744201660156,135.15403172564515,133.07001817042072,133.2538888189548,21782000
2021-08-20,136.22157287597656,136.34497507893207,134.0612251542761,134.80463305716486,31194000
2021-08-23,138.81063842773438,139.63630956779562,136.39802587425726,136.75684366705852,28454000
2021-08-24,140.0198974609375,140.8312000481315,139.10500598800886,139.37560151358608,19268000
2021-08-25,140.83023071289062,140.9397636176069,140.13342175774235,140.38022622324365,15848000
2021-08-26,140.19735717773438,141.16575996618351,140.11457982312106,140.50413099166133,20610000
2021-08-27,142.73829650878906,143.2423262781944,140.25332765406952,140.40746320935864,28780000
2021-08-30,143.31964111328125,144.6875166286591,142.89589312218945,143.13080955855443,24434000
2021-08-31,143.4257049560547,143.89553786032653,143.01287695186656,143.8712627569478,22448000
2021-09-01,143.9391632080078,144.96853350536102,143.61008051608152,143.72555741436526,21936000
2021-09-02,142.02761840820312,144.2404946102544,141.9265099500036,143.9396648071746,32342000
2021-09-03,142.4761505126953,142.88799546511845,141.14891473928407,141.82294596604638,19850000
2021-09-07,143.0123748779297,143.29437443751178,142.35668998079893,142.57029576143597,20124000
2021-09-08,142.4280548095703,143.13082285164162,141.74313388446112,142.8334717334425,18344000
2021-09-09,142.27938842773438,143.04212585693128,141.91908838731538,142.5762555754694,15314000
2021-09-10,139.6378173828125,143.44654360921768,139.50102981067184,142.94497909491773,36840000
2021-09-13,141.0814971923828,141.6935625224341,140.00850740514775,140.7018527362788,22094000
2021-09-14,141.2916259765625,142.10294377890315,140.50411441226078,141.73866598781828,19674000
2021-09-15,143.16006469726562,143.18087624925593,140.10515271027106,141.51663270038054,27408000
2021-09-16,142.3477783203125,143.03171616692714,141.14990398479992,142.68528546421356,26190000
2021-09-17,139.56246948242188,142.18917178562248,139.23536813670114,141.7733642211635,53384000
2021-09-20,137.50025939941406,137.77829631791283,135.12384006043985,136.94716512358414,46518000
2021-09-21,137.81097412109375,138.78087395802407,137.06260535393932,138.5211682162939,25332000
2021-09-22,139.05052185058594,139.64871796788344,137.33374996410507,138.07963855657158,25056000
2021-09-23,139.97482299804688,140.45109904539308,139.16748291766282,139.74833097489636,20952000
2021-09-24,140.9650115966797,141.07950537458137,139.00836284376217,139.30324860172112,22984000
2021-09-27,139.83209228515625,140.69097726660868,138.83641973309338,139.5669415885207,21882000
2021-09-28,134.6361541748047,137.87393879510293,134.17028392552325,137.4363214393238,45772000
2021-09-29,133.172607421875,135.94551954942906,132.68840614852857,135.77601734194502,30848000
2021-09-30,132.50108337402344,134.3511790892162,132.3821429237052,133.081447432977,37996000
2021-10-01,135.34286499023438,135.7071427418452,132.89457365686306,133.2657785087536,35360000
2021-10-04,132.48472595214844,134.7654966784679,129.89816454860028,134.7654966784679,51202000
2021-10-05,134.8274383544922,136.0183854264284,132.8628642127643,132.8628642127643,32404000
2021-10-06,136.35589599609375,136.53926754708024,133.3673964801773,133.5656355859823,24364000
2021-10-07,138.00131225585938,138.81113270818318,137.4323522466048,137.67123135730094,25110000
2021-10-08,138.556884765625,139.097576749606,137.99386876227683,138.3502060903865,26526000
2021-10-11,137.69305419921875,139.47525527556462,137.63852974209917,138.0677377987258,17954000
2021-10-12,135.2497100830078,138.28083098740217,134.5667554031385,138.25406031342655,36332000
2021-10-13,136.37274169921875,136.78706701680704,135.31908129001275,136.19481503512776,19654000
2021-10-14,139.910400390625,140.095254191985,137.6048400144252,138.24813789801584,31894000
2021-10-15,140.12547302246094,140.47240282360914,139.51786944318084,140.3698121513104,30274000
2021-10-18,141.52310180664062,141.54094892572442,139.82962195106938,139.83656417789942,20396000
2021-10-19,141.97804260253906,142.39980927751645,141.346647938062,142.1272172677941,20164000
2021-10-20,140.52294921875,142.28433864697428,140.1338971977449,142.0781590742051,23288000
2021-10-21,140.63894653320312,140.90657770198413,139.2651266996973,140.52297050595178,26292000
2021-10-22,136.35736083984375,139.3473421928635,134.86013927416164,137.9269388380681,50588000
2021-10-25,136.23895263671875,136.787086020702,134.23372308873442,136.34104419991752,34412000
2021-10-26,138.08409118652344,138.85177438830706,137.08891772648917,138.03948851571823,49236000
2021-10-27,144.93234252929688,147.34345760422508,138.17971995180935,138.17971995180935,85782000
2021-10-28,144.56707763671875,145.8645780331488,143.35581813063857,145.84128603540435,36206000
2021-10-29,146.74478149414062,146.93905794038585,143.37813478343114,143.80286589775253,43320000
2021-11-01,142.2357635498047,146.74479239872048,141.96665019325252,146.74479239872048,46924000
2021-11-02,144.1542510986328,145.3204089612238,143.0668927959046,143.3087514833836,33482000
2021-11-03,145.30950927734375,145.3798843880956,143.3201457071093,144.61813015361963,27494000
2021-11-04,146.96434020996094,148.41745854274853,145.02205961897133,145.83138101023934,38412000
2021-11-05,147.54371643066406,149.00624241473633,146.89447456017774,147.85841557801552,38354000
2021-11-08,147.72116088867188,149.29123862787296,147.12592917055247,148.5081735288026,23052000
2021-11-09,147.609619140625,148.5175685400609,145.9508203469495,147.92135382889896,19530000
2021-11-10,144.61119079589844,146.76857441866247,143.2671214393326,146.20357706440018,29970000
2021-11-11,144.48532104492188,146.23878525750848,144.32077969235291,145.20197357813035,16518000
2021-11-12,147.37124633789062,147.54174683148514,144.13296205850196,145.326873879966,22360000
2021-11-15,147.14720153808594,148.2350588729297,146.27791087379003,147.59176109433906,23508000
2021-11-16,146.5762939453125,147.45499226873417,146.0177396467435,146.84738864467752,18904000
2021-11-17,146.7457733154297,147.25376579403348,145.9458745981903,146.72644398004232,19594000
2021-11-18,148.52154541015625,149.25702820435575,146.58472464481926,146.9385815884133,35608000
2021-11-19,147.6175537109375,149.63963221382073,147.59029904384553,148.65732984777023,33682000
2021-11-22,145.01609802246094,148.512589853607,144.86296070061218,148.0199641044775,30594000
2021-11-23,144.50067138671875,145.3709602825968,142.84833094604366,144.86841272271184,27218000
2021-11-24,144.83570861816406,144.96407174008007,143.1040693827115,144.19489123717437,18040000
2021-11-26,140.9333038330078,143.28693003446975,140.59579672453097,143.07976736967893,30470000
2021-11-29,144.25137329101562,145.01163011022243,142.62875298434784,142.73432320274722,32596000
2021-11-30,140.6503448486328,144.71678060777072,140.3569412412241,143.7339942267299,42068000
2021-12-01,139.81175231933594,144.66769552061407,139.67348254273247,142.73433859612626,34020000
2021-12-02,141.70944213867188,142.60004356233455,138.98211518195825,140.0085210717419,29194000
2021-12-03,140.75340270996094,143.13082014038355,139.06784841754663,142.4181454494306,41230000
2021-12-06,141.89675903320312,142.5881230149532,138.9181661975633,141.78326347810582,30618000
2021-12-07,145.97509765625,146.23430432331102,143.9510381265825,144.31679812363797,32240000
2021-12-08,146.884033203125,147.0887305485921,145.11919542765767,146.29922253666786,24270000
2021-12-09,146.3408660888672,147.78952259539568,145.82196873525865,146.29378297525568,23270000
2021-12-10,146.70066833496094,147.66808793780228,145.41457182465953,147.39303059375538,24458000
2021-12-13,144.54478454589844,146.66943824103194,144.23849477412142,146.48258801928816,27070000
2021-12-14,142.64215087890625,143.21011265403155,139.9738104375734,142.7026193273764,38446000
2021-12-15,145.15386962890625,145.43140739427682,140.432732932182,142.14852130912658,36370000
2021-12-16,143.17543029785156,146.37901781040114,142.3447831853687,145.87696937173112,33650000
2021-12-17,140.4793701171875,142.5703265958565,140.05810246195654,141.24755251079608,50416000
2021-12-20,140.3623504638672,140.5283891248186,138.096447568036,138.7694803949331,27192000
2021-12-21,142.21148681640625,142.60450151263055,139.26758970259098,140.80495248159482,28756000
2021-12-22,145.1280975341797,145.2123570924687,141.81003144963466,141.81003144963466,26322000
2021-12-23,145.6251983642578,146.94053073802044,145.16477304721343,145.21235527070144,26384000
2021-12-27,146.60647583007812,147.04013044104252,145.87595414656877,145.96169591517778,15976000
2021-12-28,145.39773559570312,146.99556692664365,144.77080262744354,146.93311713711037,18200000
2021-12-29,145.36599731445312,146.12130842393856,144.36736044495242,145.35559153853998,17788000
2021-12-30,144.9154815673828,146.00532013112664,144.71129848162374,145.40464374216947,15688000
2021-12-31,143.578857421875,145.40912459334086,143.578857421875,144.76632590571236,18136000
2022-01-03,143.71713256835938,144.56907529374837,142.44986625187568,143.78006634339744,28646000
2022-01-04,143.13034057617188,145.19750561007717,142.45334497286012,144.11807263912576,28400000
2022-01-05,136.5640411376953,143.22943968889484,136.4778153700128,143.1506401362504,54618000
2022-01-06,136.53680419921875,138.71003866950787,135.3582591822802,135.79439434447366,37348000
2022-01-07,135.81271362304688,137.23163499485634,134.57320114440378,136.93128920152486,29760000
2022-01-10,137.45068359375,137.59937427004354,131.99407910389132,133.89075867659383,44408000
2022-01-11,138.5078125,138.9836045313537,135.49107504085617,136.7940204323314,28730000
2022-01-12,140.18740844726562,141.35456438559447,139.45788494003665,139.90937157216942,26108000
2022-01-13,137.36892700195312,141.59445882785775,137.1924825382084,140.29596006685344,31436000
2022-01-14,138.25457763671875,139.50499514618633,135.79439774836212,135.87418041718718,29662000
2022-01-18,134.80267333984375,135.92620981691346,134.24809688423744,134.9781195690153,34872000
2022-01-19,133.92892456054688,136.74693894623502,133.82881433443535,135.3235557494751,28648000
2022-01-20,132.13583374023438,136.41638959519287,131.79584612438092,135.05247646638676,29908000
2022-01-21,129.205810546875,133.6801282847316,128.943140301046,131.42810942176132,55652000
2022-01-24,129.6543426513672,130.04983783070446,123.40574871292903,124.87075517822278,76622000
2022-01-25,125.8193130493164,128.2616604049865,125.3886379794772,127.60845601811324,46960000
2022-01-26,128.0971221923828,131.8310108586025,126.0244974232128,129.96654697196033,49130000
2022-01-27,127.87114715576172,131.48657988277384,127.79927469686845,130.14993666840274,31950000
2022-01-28,132.17893981933594,132.18439982716436,127.3557110756648,128.51938847818633,34362000
2022-01-31,134.11428833007812,134.28230836211273,131.0474879109952,132.9828264004286,39986000
2022-02-01,136.4342041015625,136.58189655421876,133.1874959638718,136.38513965543686,68644000
2022-02-02,146.6991729736328,150.21449505368315,144.24345529712326,149.92060751528354,123200000
2022-02-03,141.83233642578125,148.35946558582248,141.41156796467584,144.42485698358425,71518000
2022-02-04,142.03355407714844,143.6016501301799,139.27997087416557,142.18372697506842,57998000
2022-02-07,137.97752380371094,142.9821426046324,137.67915934204296,142.9821426046324,54974000
2022-02-08,138.17381286621094,138.76952857119244,135.80978027079303,137.80458921906825,54284000
2022-02-09,140.34751892089844,141.2718333033263,138.95486891672266,139.72454860201665,40144000
2022-02-10,137.401611328125,140.24093608556134,136.74444425283198,138.47559928783693,39330000
2022-02-11,133.10226440429688,137.93341878729322,132.22751362039665,137.38182183921865,39958000
2022-02-14,134.33482360839844,135.10202275464846,132.08527017678978,132.08527017678978,34302000
2022-02-15,135.40782165527344,136.8946378100411,134.62773623845976,136.36135685706915,26680000
2022-02-16,136.5273895263672,136.87232287322377,133.7381120163284,135.44547612196956,25022000
2022-02-17,131.37405395507812,135.90833999303229,131.31408462900592,135.0454925571955,38950000
2022-02-18,129.25686645507812,132.89164396954067,129.05218420049687,132.293931857016,45620000
2022-02-22,128.6725616455078,131.0187470489663,127.09652483860887,128.69683675347085,44990000
2022-02-23,126.46658325195312,130.89035389025435,126.40661391799688,130.49139522919555,32786000
2022-02-24,131.52471923828125,131.83100899869677,123.85523180480044,123.85523180480044,54456000
2022-02-25,133.27769470214844,134.0825542601225,130.59348845442182,132.3781698059547,36406000
2022-02-28,133.86996459960938,134.55834913060832,131.42711758243306,131.88060076108007,38864000
2022-03-01,132.88319396972656,135.0579106140199,132.04761612674722,133.69301448970344,26496000
2022-03-02,133.38870239257812,134.07362324299785,131.90188646501582,133.44470905944584,23520000
2022-03-03,132.7226104736328,135.2402787650286,131.8562842947509,134.8145494526599,24604000
2022-03-04,130.7471160888672,132.67502797880198,129.19190640491172,131.75915337109652,30430000
2022-03-07,125.26773071289062,130.57714987008313,125.18496092413871,130.33232674161766,45112000
2022-03-08,125.98734283447266,130.09640705754634,124.56991120175218,125.1403534553541,40428000
2022-03-09,132.24732971191406,132.56006261647792,128.75876292905036,130.0964043089668,37026000
2022-03-10,131.2655487060547,132.10064255507427,129.76188368845354,130.11227705245972,27102000
2022-03-11,128.72903442382812,132.61953964393146,128.49213662745805,132.31523116771578,31526000
2022-03-14,124.84397888183594,129.26279649048794,124.17392551133625,129.10519737260148,38812000
2022-03-15,128.06243896484375,128.71317811067638,124.61550282436785,125.85996865327388,30920000
2022-03-16,132.10906982421875,132.16109871004574,127.60302044405091,129.58395977320907,35576000
2022-03-17,132.66265869140625,132.90203693206857,131.02318923079633,131.97872086094247,28264000
2022-03-18,134.92904663085938,135.0465048489617,131.0960307543159,132.2517827162383,44566000
2022-03-21,134.90525817871094,135.84542305630865,132.9139133143383,134.96670973028958,26832000
2022-03-22,138.638671875,139.81028984562343,134.905281506743,134.905281506743,35496000
2022-03-23,137.06016540527344,138.36162868482575,136.62354624695533,137.48341434965386,25154000
2022-03-24,140.3276824951172,140.37426649245424,136.53976827528788,137.97652160094876,26396000
2022-03-25,140.42779541015625,140.78661319393285,138.50930604145182,140.6686558555551,24126000
2022-03-28,140.2122039794922,140.75439330324906,138.5826413227132,139.66207420173586,35050000
2022-03-29,141.25296020507812,142.52964906026023,140.79006955797232,141.39372554579415,34318000
2022-03-30,140.69097900390625,141.4661035387116,140.35545318525374,141.20789506521558,19884000
2022-03-31,137.84521484375,140.85898818058075,137.80259350469294,140.80446372092825,37524000
2022-04-01,138.91868591308594,139.23636461681514,137.09188211987873,138.27390583221185,25942000
2022-04-04,141.7148895263672,142.4488900673313,139.07728210128434,139.12486433293225,25942000
2022-04-05,139.35531616210938,141.73371683584432,139.14865258935774,141.6132941655978,21418000
2022-04-06,135.3478546142578,138.13563495181108,134.32591048530927,137.53049665262756,32468000
2022-04-07,134.6941375732422,135.9589233791473,133.04772597265375,134.81456023404073,26234000
2022-04-08,132.11599731445312,134.4775488545769,131.7968213100517,134.39180707525873,25142000
2022-04-11,127.69122314453125,130.9314878851211,127.5375867080851,130.66485501072566,36884000
2022-04-12,126.59197235107422,130.44332693880528,125.67460792755578,130.44332693880528,32710000
2022-04-13,128.7523193359375,129.18845446203287,126.61824282890016,126.87496906105243,27928000
2022-04-14,125.61613464355469,129.33268319605867,125.48826307957773,129.33268319605867,31598000
2022-04-18,126.55431365966797,127.0855981275949,125.07295002814799,125.88376118192888,20808000
2022-04-19,128.86631774902344,129.18745998099084,125.88326290264443,126.56918205499946,26490000
2022-04-20,126.91461181640625,130.24409728114765,126.37936469139383,129.74154970357304,31696000
2022-04-21,123.71746063232422,128.95501432098166,123.43198996855905,128.11397656104157,36446000
2022-04-22,118.58399200439453,124.2998111661898,117.87974172587664,123.9013440203295,56884000
2022-04-25,121.99226379394531,122.19397402288331,117.46937340165847,118.05418408752932,46128000
2022-04-26,117.60716247558594,121.43323675370941,117.46938423541988,121.21963094813664,73054000
2022-04-27,113.2899398803711,116.2115281359682,111.74563485499026,113.46339722510035,91820000
2022-04-28,117.48078155517578,118.59787504178948,113.11201872859588,115.39180660167489,48884000
2022-04-29,113.10655212402344,116.88356150708636,112.8141467885434,115.7084801576087,42676000
2022-05-02,115.55831909179688,115.71938932068893,111.61032511577044,112.4082500446914,35534000
2022-05-03,116.30272674560547,117.4009899974836,115.01464880494734,115.4071644067974,24968000
2022-05-04,121.18641662597656,121.7746984397327,114.10421172565688,116.0028802952593,49916000
2022-05-05,115.48149871826172,119.97515308141593,113.99468267182898,119.1474930563822,45840000
2022-05-06,114.72917175292969,116.5381358862753,113.01339074570949,114.17211482737774,39710000
2022-05-09,111.52210235595703,114.06555074428341,111.01609125808115,112.25460544901141,40802000
2022-05-10,113.3895492553711,115.22824850518352,111.90818559117898,114.49227422836657,39900000
2022-05-11,112.60400390625,115.34172863167639,112.24122348597561,112.24122348597561,37534000
2022-05-12,111.85218811035156,113.29043134538728,108.85922651182088,110.39857820468676,53836000
2022-05-13,115.0304946899414,116.83895961506994,112.60649331317624,113.52633065893913,35038000
2022-05-16,113.4391098022461,115.14894677053942,112.88849600182488,113.94512093552153,25990000
2022-05-17,115.44928741455078,115.87253633398905,113.86037975364924,115.81355766184248,23054000
2022-05-18,110.91598510742188,114.38572183997256,110.57500685562273,113.9892360282762,35126000
2022-05-19,109.4137954711914,112.01671400842774,109.03316793210402,110.45208919807725,34144000
2022-05-20,107.95077514648438,111.19749090818948,104.86662695851531,110.96702866649967,48962000
2022-05-23,110.50811767578125,111.16182137281787,107.78525975212696,108.62432393732982,37184000
2022-05-24,105.0385971069336,105.52280600519344,100.98900326705386,104.8423393279953,76780000
2022-05-25,104.87505340576172,105.56394457254443,102.94367769195411,104.0627524475445,40258000
2022-05-26,106.84508514404297,107.69454740943145,104.3001467738534,104.74817746889774,37948000
2022-05-27,111.32930755615234,111.33079733654694,108.17923875397253,108.5207160824911,37914000
2022-05-31,112.76211547851562,114.71777381462744,111.0934100457265,111.75553808376368,50012000
2022-06-01,112.8909683227539,116.07226223773644,112.25461274183665,113.84550925646737,36606000
2022-06-02,116.58868408203125,116.86324988341372,111.95378769453289,112.9980255582533,37992000
2022-06-03,113.53427124023438,115.29912428517936,112.5207591526129,115.04239803816901,26136000
2022-06-06,115.79373931884766,118.2980302082557,115.14300770312117,115.6787539707655,33542000
2022-06-07,116.11984252929688,116.65658702589174,114.0407818998257,114.46551304706918,31590000
2022-06-08,116.16394805908203,117.52835256429877,115.57516714354193,115.73524670504767,26108000
2022-06-09,113.82618713378906,117.25924660830835,113.76720845942926,115.30507039819871,25798000
2022-06-10,110.1844711303711,112.28336016383942,109.39596129686058,111.45669077399432,41452000
2022-06-13,105.45738983154297,107.83529887701552,105.18629514776413,105.84792407779678,47252000
2022-06-14,105.77754974365234,106.97592316690826,104.87009945591228,105.5986399557648,33706000
2022-06-15,108.79975128173828,110.44416645951732,106.7231636370719,107.59096455911155,39698000
2022-06-16,105.10155487060547,107.6935690899347,104.2139253852508,106.27861773864792,51684000
2022-06-17,106.20179748535156,107.74412127524249,104.12272916591733,105.1015528730424,51376000
2022-06-21,110.56360626220703,111.50079919576064,107.64548168742688,107.97208392269314,47416000
2022-06-22,110.50762176513672,112.35027630743032,109.41233045736983,109.5848047132903,30774000
2022-06-23,111.2554702758789,111.7515747494861,109.529283524712,111.24506449929154,28362000
2022-06-24,116.93807983398438,117.0411696178319,111.95972504269348,112.00185482451673,41164000
2022-06-27,114.81539916992188,117.53725815108606,114.16714052686946,117.23345639112544,36420000
2022-06-28,111.02303314208984,116.27843425509606,110.86493491306922,114.78467596630205,35792000
2022-06-29,110.7197265625,112.1659026711125,109.89801049848562,110.57154255312791,24716000
2022-06-30,108.00528717041016,109.9133707611735,105.81174046866552,109.03317519019397,43170000
2022-07-01,107.78178405761719,108.28977655197615,105.7924202926031,106.9843506377648,35476000
2022-07-05,112.26750946044922,112.38050591881981,104.80220355673937,106.15917441051404,39342000
2022-07-06,113.56499481201172,114.57355354870796,110.49620571439615,112.30616050739741,37432000
2022-07-07,117.73898315429688,118.14191207685637,113.82420284830546,114.06853442164258,40936000
2022-07-08,118.3044662475586,118.63304981056329,115.87401417090683,116.21945418412874,38238000
2022-07-11,114.6597900390625,116.9608884830124,114.31683045021927,116.9608884830124,31196000
2022-07-12,113.01834869384766,115.94588857717979,112.69075577017246,115.19355693473877,29960000
2022-07-13,110.3747787475586,113.19229389367698,110.22411430080437,110.71922052622219,43722000
2022-07-14,109.39745330810547,110.11657870733588,107.4204842436842,109.24183551851672,37004000
2022-07-15,110.7950439453125,112.14607058469424,109.9252617490399,111.01609105740265,46770000
2022-07-18,108.07169342041016,112.68082434708725,107.41749833919559,111.64996438782659,43164600
2022-07-19,112.80967712402344,113.01783044467969,108.59703203078138,109.87569462538704,36530900
2022-07-20,112.89891052246094,114.38572670784276,111.49139301526064,112.17532331814631,35600400
2022-07-21,113.33502197265625,113.54318286379541,110.13341581141034,113.27555175366626,32676200
2022-07-22,106.9516372680664,111.35260768410927,105.56394075969678,110.02438896081073,48901200
2022-07-25,106.56507873535156,108.90433690538596,105.36571453532912,107.45716999720172,34690900
2022-07-26,104.09693908691406,106.25777860539752,103.15529199478907,105.66305372814293,47991000
2022-07-27,112.06627655029297,112.90881167432437,107.06066717650027,108.29968052085549,59858500
2022-07-28,113.21607971191406,113.33502014797911,110.48033624736327,111.38234155332044,32816600
2022-07-29,115.29764556884766,115.68421719468779,112.06629608601654,112.08612453789166,37223400
2022-08-01,113.85045623779297,115.69410865783321,113.33502246319186,114.28659134517281,26034300
2022-08-02,114.11808776855469,115.32736606008014,112.72048458212805,112.9980223744773,20236000
2022-08-03,117.04216766357422,117.57742237828928,114.46502121528304,114.69299545382555,28499000
2022-08-04,117.15120697021484,117.73601771278302,115.86262990419868,116.44744820910513,21602900
2022-08-05,116.43753814697266,117.07191247720034,114.98045700767706,115.20843882744883,19159500
2022-08-08,116.26902770996094,119.0939769251346,115.85271343429999,117.34944383201373,19138300
2022-08-09,115.60490417480469,116.28884199524232,114.69299212244628,116.11042376218631,19086500
2022-08-10,118.64791870117188,119.85719697468683,117.36926354294056,117.73600666493809,30930400
2022-08-11,117.79547882080078,120.42218875210386,117.51794102802992,120.21403540752571,24293700
2022-08-12,120.61051940917969,120.61051940917969,118.41003042457679,119.20300201694565,19096300
2022-08-15,121.00701141357422,121.2250789907804,119.54993038618566,120.06535665403284,19494800
2022-08-16,120.6303482055664,121.3539353982233,119.57966720477233,120.45192996370155,19041200
2022-08-17,118.49923706054688,120.22394148614529,118.33072550149306,119.06422683250173,22847000
2022-08-18,119.1137924194336,119.75808091078403,117.6765398760915,118.38029859169842,17987700
2022-08-19,116.17980194091797,118.10275306426914,115.73376016351709,118.0135401713866,21809500
2022-08-22,113.23591613769531,114.61369850167412,112.84934454275668,114.18747756849332,21456600
2022-08-23,112.85924530029297,113.9991390611321,112.43302441797354,112.4825879754463,15870400
2022-08-24,112.69074249267578,113.77115848347056,111.87795005297879,112.50241004709838,17734600
2022-08-25,115.62472534179688,115.69410978570761,113.1070493505059,113.23590401424377,16956800
2022-08-26,109.37018585205078,114.10817938697578,109.2215102957735,113.71169359144874,37245700
2022-08-29,108.4582748413086,109.97482602837435,107.8437290366526,109.02326464751619,21191200
2022-08-30,107.98249816894531,109.52878447093995,106.85251855405113,109.2016831186449,27513300
2022-08-31,107.2688217163086,109.87570309968547,107.1796088220971,109.67746398729584,28627000
2022-09-01,108.77546691894531,109.47922565257869,106.41638802751207,107.32830011371269,28360900
2022-09-02,106.90208435058594,109.76668298662089,106.31727360258343,109.61799985264689,24160700
2022-09-06,105.8712158203125,107.08049412281643,104.8502699767572,106.3569145236708,25068300
2022-09-07,108.48799896240234,109.01334694156556,105.96041642746357,106.11900619370509,23167000
2022-09-08,107.42742156982422,108.63669993090151,106.21815077108502,107.09041353468496,24238300
2022-09-09,109.6774673461914,110.0144753600422,108.06178903761959,108.11135259840358,23197700
2022-09-12,109.88562774658203,110.63895005732203,108.9638014180946,110.01448242562333,22966800
2022-09-13,103.40311431884766,107.34813678156168,103.17513249867609,106.85253136255602,38172900
2022-09-14,104.0771255493164,104.35466334080722,102.74890681508529,103.65090463743046,26395100
2022-09-15,102.0054931640625,104.3447433760891,101.45041004927867,103.11564426895569,34188300
2022-09-16,101.8964614868164,102.22355526563086,100.05280900693545,101.17287435902635,42797200
2022-09-19,102.1640853881836,102.42180228471612,100.65744846869414,100.85568758151153,23036800
2022-09-20,100.25105285644531,101.4702453845617,99.6364994799985,101.18279336472388,26517100
2022-09-21,98.40740203857422,101.97575922569139,98.39748781362077,100.7763951258115,31487300
2022-09-22,99.25983428955078,100.35016449651606,97.92170141907806,97.95143652872501,34298600
2022-09-23,97.87214660644531,98.7840662370101,96.6133122907774,98.75432356236846,31625400
2022-09-26,97.3071517944336,99.00212116985077,96.94040867838093,97.23776734850438,27072700
2022-09-27,96.64302825927734,99.12105462489984,96.01856833758156,98.55606491603136,30072800
2022-09-28,99.17063903808594,99.81491997880579,96.25647699916067,96.79173171420844,32466300
2022-09-29,96.56373596191406,97.77301411797487,95.11656937653636,97.77301411797487,31047200
2022-09-30,94.8093032836914,98.03073800147999,94.72009038986029,96.19699975151396,32941500
2022-10-03,97.77302551269531,98.41731399775504,95.67165604887613,95.90955206825485,27982000
2022-10-04,100.74664306640625,100.94488215810166,99.49771561418267,99.55719339156057,28850800
2022-10-05,100.53849792480469,101.03410325667056,97.93161660163159,98.95256237530134,22176900
2022-10-06,100.52857971191406,102.02530987221579,99.70587307869936,99.79508596731075,22324000
2022-10-07,97.81268310546875,99.64642159285418,97.43602571983261,98.9723979390633,27502800
2022-10-10,96.99988555908203,98.22898478378026,96.15735792571904,98.12986522026777,18225100
2022-10-11,96.32584381103516,98.37764939517147,95.46348788986556,96.57364645434794,26507100
2022-10-12,96.7025146484375,97.88205781573463,95.88972216704339,96.44480530818547,21876400
2022-10-13,98.1893310546875,98.90300397980121,93.55046460378601,94.31370108960836,34574500
2022-10-14,95.7113037109375,99.80500878199092,95.52297881847961,99.11115674778205,25410700
2022-10-17,99.0913314819336,100.04289281373572,97.96135192777248,97.99108703777611,28419200
2022-10-18,99.88429260253906,102.56056586089902,99.09132863002786,102.22355031177057,24060700
2022-10-19,98.75432586669922,100.13210822606936,98.05056713051532,99.13099079757089,23811100
2022-10-20,99.0913314819336,101.42067503437667,98.51642748073942,99.12106659193721,25323200
2022-10-21,100.24114227294922,100.41956051373178,96.861117485556,96.98997216298973,32458700
2022-10-24,101.6189193725586,101.84690116488177,99.10125080640549,100.90525400873032,27176400
2022-10-25,103.56169128417969,103.89869927280016,101.81715843544772,101.99557665364006,40611400
2022-10-26,94.09563446044922,97.44592398970775,93.85774600381856,95.58245054848182,88114100
2022-10-27,91.40945434570312,94.59123986812598,90.993147655817,93.68923447770169,60710900
2022-10-28,95.44367980957031,95.70139671064247,91.32023964176592,91.45900853564996,43697300
2022-10-31,93.67932891845703,95.18596591202643,93.15398843755676,94.58132675716521,31675000
2022-11-01,89.6748275756836,95.18595629968785,89.57570802441086,94.61105231503412,47161400
2022-11-02,86.20559692382812,90.37859311828306,86.11638402723818,90.14070466460588,57038300
2022-11-03,82.69671630859375,85.75955401223071,82.60750340529754,85.56131487965403,61288000
2022-11-04,85.81902313232422,85.87849335362182,82.97424573696946,84.64939421866777,51124900
2022-11-07,87.71222686767578,88.11862685745632,86.08664203322763,86.51286290825593,34078900
2022-11-08,88.1186294555664,89.5261467821038,86.82013834461175,88.1186294555664,30429000
2022-11-09,86.55252838134766,88.65389803931104,86.51287904112137,87.67259388397157,31769100
2022-11-10,93.11434173583984,93.56038355540274,90.80481883714413,91.43919312210994,51620100
2022-11-11,95.56262969970703,96.07805594966968,93.09450954770053,93.85774604143894,33090500
2022-11-14,94.8588638305664,95.93928745861939,93.67932820432442,94.25422468031444,30179500
2022-11-15,97.57479095458984,99.25984624445441,95.85999298915897,97.39637271288223,41640800
2022-11-16,97.98118591308594,98.7642433513322,96.78182175445707,97.03953867950554,29105200
2022-11-17,97.4954833984375,98.40739541196346,95.93928292840438,96.11770115386271,26052600
2022-11-18,96.57366180419922,98.03074278844717,95.5229808495008,97.9018805535472,28342300
2022-11-21,94.7597427368164,97.53513576068444,94.52185428293382,96.43489126326328,21647400
2022-11-22,96.19700622558594,96.36551023797273,93.22337397827062,95.10666835170002,23438500
2022-11-23,97.5946044921875,97.89197072674976,96.23664311244816,96.23664311244816,18868100
2022-11-25,96.6033935546875,97.77302247882432,96.543923332857,97.37653668783366,9701400
2022-11-28,95.20579528808594,96.72234652124172,94.7696601393946,96.18709181030358,26237500
2022-11-29,94.35336303710938,95.27518942820424,93.28285350635302,94.88861780248754,20061700
2022-11-30,100.10237884521484,100.15194241127442,93.59012404398783,93.98660988544916,43647500
2022-12-01,100.10237884521484,101.35130659899957,99.36888495403137,100.13211395991522,28687100
2022-12-02,99.55720520019531,99.88429898405619,98.03073981360708,98.17942293118247,21480700
2022-12-05,98.60563659667969,100.48893073993014,98.12985216783164,98.52633793148219,24405100
2022-12-06,96.12760925292969,98.90299445146697,95.57252616335273,98.42721758878601,24910700
2022-12-07,94.10554504394531,96.02848863434032,93.88747748283083,95.56262596381266,31045400
2022-12-08,92.8863525390625,94.73991924555087,92.62863564307744,94.54167257081721,32213300
2022-12-09,92.01408386230469,93.43151535436729,91.93478519757772,92.94581670466732,28225400
2022-12-12,92.48986053466797,92.73766318967445,90.80480550555872,91.89513567511982,29420000
2022-12-13,94.78948211669922,98.6552055874712,94.19475717404306,96.90076587228482,40593700
2022-12-14,94.23441314697266,96.01859566290456,92.77733201935133,94.3632678322139,28733600
2022-12-15,90.06141662597656,92.81698152362237,89.218888932877,92.31146188282725,40107000
2022-12-16,89.46669006347656,90.52728533047387,88.73318861726283,89.9622954697807,58011800
2022-12-19,87.66268157958984,89.76404353999254,87.43469977854382,89.4666848509379,29493000
2022-12-20,88.23757934570312,88.39617669869548,86.6714720777627,87.33558147815765,23453800
2022-12-21,88.79264831542969,89.4270225012476,87.5437208285783,88.29704301011338,24745600
2022-12-22,86.98865509033203,87.76179824360828,85.56130923053732,87.38514089164586,27658300
2022-12-23,88.44573211669922,88.76291923113465,86.30471342250716,86.34436275710375,23003000
2022-12-27,86.62188720703125,88.15826654628803,86.24522992983195,88.01949767772324,20097300
2022-12-28,85.26395416259766,87.26620431857047,85.18466304181412,86.21552323538668,19523200
2022-12-29,87.67256164550781,88.06904733963889,85.84873803977472,85.85865226177029,23333500
2022-12-30,87.45452117919922,87.52390562395297,85.80910782884277,86.21550783549851,23986300
2023-01-03,88.3366928100586,90.24972960120895,87.74196039065848,88.80255544716131,28131200
2023-01-04,87.30583953857422,89.85325071371112,86.50295373591993,89.55588448127065,34854800
2023-01-05,85.44237518310547,86.80033681674256,85.1450164552836,86.70121724080192,27194400
2023-01-06,86.57234954833984,86.9192793858496,84.11415094512147,86.02718813373873,41381500
2023-01-09,87.24636840820312,89.2585326181373,87.08777861785474,87.58338400149272,29003900
2023-01-10,87.64286041259766,87.89066312190425,85.07562797410377,85.22431111215543,30467800
2023-01-11,90.71559143066406,90.79489009418965,88.22765825182702,88.39616224006632,26862000
2023-01-12,90.32903289794922,91.06253429761234,88.96116478580137,90.6759627102154,30258100
2023-01-13,91.3103256225586,91.3797100639102,89.3378110312232,90.051483892175,26329200
2023-01-17,90.48762512207031,91.43918648040213,89.25852597951722,91.2508540286788,32602400
2023-01-18,90.3191146850586,91.98434883409725,89.84333025861744,91.33014619303279,29116700
2023-01-19,92.23214721679688,92.78722271998129,89.83341187302877,89.92262475737571,37000400
2023-01-20,97.15848541259766,97.43603080645585,94.1848528251657,94.26415150912518,63191100
2023-01-23,98.91291809082031,99.1607207694037,96.64304464751609,97.08908644403112,40005100
2023-01-24,96.8412857055664,98.73450183779414,96.3456803384707,97.23777151171052,33078500
2023-01-25,94.38309478759766,95.31483537140821,92.93592790865387,94.7300170595468,42330000
2023-01-26,96.6628646850586,96.71242824527482,94.54167438000948,95.65183309275027,30114000
2023-01-27,98.49661254882812,99.43825971343786,96.45471331121503,96.45471331121503,33879800
2023-01-30,96.08795928955078,97.42609210526543,95.55270465079757,96.62321392830401,27226200
2023-01-31,97.97126007080078,98.0109094055175,95.96901782279963,96.01858138177985,29870700
2023-02-01,99.54728698730469,100.3006092071235,96.72233811590564,97.84240344040079,35531100
2023-02-02,106.79303741455078,106.9020711952248,104.68176137141613,104.87009382209624,69883800
2023-02-03,103.85906219482422,106.86242958684039,101.67840154834732,102.0253238017862,65309300
2023-02-06,101.99557495117188,103.4427415579821,100.98453587751219,101.49996963805863,31999600
2023-02-07,106.69392395019531,107.22917865979215,102.2136547117616,102.31277427376001,49010200
2023-02-08,98.49661254882812,102.23347365780366,97.17830046850436,101.15305759656383,94743500
2023-02-09,94.17494201660156,99.15081699981067,92.80706624668896,99.12108188521925,119455000
2023-02-10,93.7387924194336,95.89963197469012,93.42160530867747,94.61105508342865,54980700
2023-02-13,93.77845764160156,94.36326840393785,93.01522106425257,93.90731232762349,50076100
2023-02-14,93.84783172607422,94.01633573432831,91.44910358703162,93.6000290448755,54726100
2023-02-15,96.08795928955078,96.26637750246853,93.32248077049421,93.6594887491517,50169000
2023-02-16,94.67053985595703,96.8214653459122,93.90730335156145,94.53177095740106,42462600
2023-02-17,93.5207290649414,94.72009311770113,92.39074945945416,94.01633442041258,34284100
2023-02-21,90.98322296142578,92.28170644289067,90.91383852109568,92.1825868941815,33629300
2023-02-22,90.8444595336914,91.30041553499177,89.81359952809775,90.89401552985218,30884000
2023-02-23,90.09113311767578,91.13190729905016,88.97106783366301,91.11207885163788,41206400
2023-02-24,88.34661102294922,89.09993330697509,87.80144965033324,88.6538914964404,36585100
2023-02-27,89.08010864257812,89.36756065406263,88.55476061737971,89.08010864257812,27502300
2023-02-28,89.26844787597656,90.42817033272811,88.53495395502385,88.54486818110583,30142000
2023-03-01,89.56580352783203,90.22991291205538,88.88186569379845,89.18914616715412,31111200
2023-03-02,91.19139099121094,91.46892879729705,88.80256940162761,88.87196141548718,32204400
2023-03-03,92.82687377929688,92.90617244189619,91.63741652731721,91.66715919754449,35160100
2023-03-06,94.29388427734375,95.12650531351065,93.17381875307315,93.19363964240016,32639300
2023-03-07,93.0350341796875,94.82912307414622,92.70793284331539,94.14519285358496,27835500
2023-03-08,93.42162322998047,95.11659288720291,93.17382051584258,93.2927685410707,34103300
2023-03-09,91.50857543945312,94.69036101520102,91.09226874258992,93.22337335130082,28813500
2023-03-10,89.83341979980469,91.97443846501345,89.60544558188205,91.35988513059155,35941000
2023-03-13,90.30919647216797,91.75636301025979,88.63404817344147,89.29815744651725,37335600
2023-03-14,93.14407348632812,93.53064506595086,91.62752227975622,91.74646272743232,36050200
2023-03-15,95.2652587890625,96.07805124185921,91.82575652926289,92.40066053699009,50622100
2023-03-16,99.43826293945312,100.30061902134946,94.66062738841612,95.35447189407667,65492000
2023-03-17,100.7268295288086,101.93610017608884,99.2201850976227,99.3787824324158,61028500
2023-03-20,100.3303451538086,100.85568559854943,98.9922122627572,99.2400149300755,32960400
2023-03-21,103.99783325195312,104.17625149489693,100.3303563898546,100.36009150328888,42110300
2023-03-22,102.4614486694336,105.65314064298035,102.42179933554432,103.35353221376229,43427400
2023-03-23,104.67186737060547,105.36571952371098,103.54188757287758,104.13661258815455,40797800
2023-03-24,104.51325225830078,104.56280825287806,102.92730918508741,104.06720293308314,30393300
2023-03-27,101.55943298339844,103.83922029438631,101.03409259702086,103.70045142109171,31120900
2023-03-28,100.14201354980469,101.54953089706174,98.86335086819658,101.53962423516843,32057900
2023-03-29,100.49886322021484,101.58919359656976,99.76536933973438,101.38104023436605,28779600
2023-03-30,100.00325012207031,100.27088125455408,98.90300560483199,100.0230785716146,33086200
2023-03-31,102.81829071044922,102.9768804923042,100.1519314693277,100.40964837247186,36863400
2023-04-03,103.4427490234375,103.61125302709605,101.03410672538214,101.49006273887221,25035400
2023-04-04,103.79957580566406,104.65201753128024,103.12555229151026,103.4130042745517,24420100
2023-04-05,103.55178833007812,105.16745913119128,102.74891004200208,104.85027199347772,28290500
2023-04-06,107.46707153320312,108.2104796222192,103.41302305102441,104.33484938389788,48711500
2023-04-10,105.50447845458984,106.64436480832546,104.19608051990066,106.03973318637243,27067400
2023-04-11,104.4240493774414,105.79192503108294,103.75994000022175,105.61350679636178,26311800
2023-04-12,103.72028350830078,105.8117386190125,103.42291728349981,105.643234620716,24370300
2023-04-13,106.48575592041016,106.54522613694265,104.90972712126796,104.90972712126796,24843600
2023-04-14,107.91312408447266,107.98250853898602,105.90095977890807,105.95052334456264,26578000
2023-04-17,105.0385971069336,105.22692955632782,103.60133708165166,103.7401135343835,37571200
2023-04-18,103.58151245117188,105.60358307540247,103.15529157112812,105.55401951819435,26596400
2023-04-19,103.26434326171875,104.05731494059326,102.16409864939112,102.66961828373206,20905700
2023-04-20,104.36457061767578,105.31613193758433,102.95705330462381,102.99670263824548,27820800
2023-04-21,104.4835205078125,105.06833117404804,103.85905294490108,104.54299072815176,25800100
2023-04-24,105.0385971069336,105.69279222417367,103.77975530677848,104.56281265248298,23542800
2023-04-25,102.9372329711914,105.75227538154243,102.92731874642017,104.89983354732145,46664100
2023-04-26,102.7984619140625,105.41525758570141,101.72795253139088,103.99782596670221,53347600
2023-04-27,106.64437103271484,107.41752184308518,102.6299716535488,103.5319695888063,50089200
2023-04-28,106.39655303955078,106.40646726401752,104.16632896179492,106.09919436658583,36139800
2023-05-01,106.25778198242188,107.040839327923,105.88112464606859,105.90094553226093,26681700
2023-05-02,104.3943099975586,106.25778337997941,102.79846017510972,106.19831315828286,30997200
2023-05-03,104.4835205078125,106.545232957059,104.03747116825616,104.60246094849104,21795400
2023-05-04,103.76985168457031,104.67184949855658,103.05617876315749,104.5628157154331,23419500
2023-05-05,104.6421127319336,104.94938562732777,103.19494602522195,103.89870471094449,26639300
2023-05-08,106.82276916503906,107.01110160979505,104.2357163079201,104.25553719362945,26511400
2023-05-09,106.40647888183594,109.18187217322726,106.2478890847401,107.43733903114305,36360100
2023-05-10,110.76778411865234,111.94732714800676,106.98135994389075,107.02100927521677,63153400
2023-05-11,115.5454330444336,116.88356600068316,113.40442182690181,114.38571831983981,78900000
2023-05-12,116.47718811035156,116.99261442053901,115.08949141968577,115.65448129688716,41102300
2023-05-15,115.4859619140625,117.43864822230549,114.9903565591719,115.08947611768251,36266800
2023-05-16,118.45960235595703,119.6887016048796,115.40667134063953,115.46614156745153,45035600
2023-05-17,119.77788543701172,120.60059205109167,117.84502778931716,118.55870063226185,33323600
2023-05-18,121.75041961669922,122.2261965471798,119.76799809424153,119.8869385456927,35234200
2023-05-19,121.6810302734375,124.8628157815704,121.07639112841179,122.46408765080419,41353400
2023-05-22,123.9509048461914,125.31877293153339,121.66120291685972,121.85944960031794,35253000
2023-05-23,121.48279571533203,123.53460181084787,121.13587344069667,123.06873907767378,34046300
2023-05-24,119.8373794555664,120.83850441605266,118.80651938298395,120.05544702738894,34182600
2023-05-25,122.39469146728516,124.21851538982,120.88804708034714,123.42554386381715,42317000
2023-05-26,123.5147705078125,124.15905899914881,121.37375168657263,122.08742462698592,35635900
2023-05-30,122.58302307128906,124.55553777083063,120.92770304942592,124.53570932230704,35076700
2023-05-31,121.7900619506836,122.96959754632296,121.42331126767849,121.67111394373497,37325800
2023-06-01,122.6325912475586,123.32643572526102,121.54226097016722,121.74050008884288,30772700
2023-06-02,123.5742416381836,125.04123686671639,122.67224379356901,122.90021802977736,26980100
2023-06-05,124.90247344970703,126.30999095298885,122.75154029346575,122.9200518747169,32305500
2023-06-06,126.19102478027344,127.16240697735131,124.25816704768387,124.9024554793261,26638300
2023-06-07,121.42330932617188,127.90582057329998,121.04665198703012,125.85402231319067,52539000
2023-06-08,121.06647491455078,122.14689851551302,120.17438376750341,121.15568781042428,29389200
2023-06-09,121.15568542480469,122.67223656375475,120.83849830791537,121.17550631108766,23778300
2023-06-12,122.55329132080078,122.95969134096524,120.59069835405128,121.7107637315462,28306400
2023-06-13,122.74162292480469,124.05993497214953,122.09733445666087,123.88151674346875,22278300
2023-06-14,122.58302307128906,122.95968796986351,120.38253415008784,122.01803328576474,30592300
2023-06-15,123.99054718017578,124.35729787447553,121.32419544608322,122.05768927234496,35246300
2023-06-16,122.44425964355469,125.00158512889624,122.19645696231628,124.82316689591107,45535600
2023-06-20,122.01802825927734,123.47510910990492,121.06646695245337,121.84952426545516,26097500
2023-06-21,119.4904556274414,121.58191085699323,119.04440626489465,121.32419395167761,30306300
2023-06-22,122.06759643554688,122.1568017665919,117.78556661162784,118.94528128923695,26952200
2023-06-23,121.26470947265625,121.71075881058304,119.99596102780514,120.31314813901791,34913600
2023-06-26,117.29986572265625,120.92770036348257,117.23048127903954,119.69860126412782,33969900
2023-06-27,117.28997039794922,118.03337846384325,115.07956708792895,116.0509569547925,39535900
2023-06-28,119.12371063232422,119.33186398652833,115.82297695350607,116.06086542083392,27091400
2023-06-29,118.05319213867188,119.00475349739705,117.26022812090297,118.19196103083988,24090900
2023-06-30,118.64791870117188,120.01579431786013,118.63801203897671,119.1137889438215,29532200
2023-07-03,118.8461685180664,119.13362053840451,117.77565911039436,118.19196580370979,14467900
2023-07-05,120.67990112304688,121.53234291871821,118.18205351963279,118.1919601816183,27584800
2023-07-06,119.05432891845703,119.24266138902185,117.35935937038825,118.74705599266238,24745200
2023-07-07,118.42986297607422,119.98606354107629,118.35056430162291,119.04440879722722,21709500
2023-07-10,115.42648315429688,117.27013566390707,115.11921025680768,117.26022900177597,35315200
2023-07-11,116.11042785644531,116.67541768732227,114.33615968802944,115.2679002226587,23078800
2023-07-12,117.88469696044922,119.27239354834892,117.36927068843174,117.75584228302935,30404400
2023-07-13,123.44538116455078,123.73283317428397,119.3913254796749,119.86710994186647,44297900
2023-07-14,124.3176498413086,125.6656970596948,122.4046128006824,123.703104019214,33283100
2023-07-17,123.55441284179688,125.9828759841853,123.1083634981514,124.83307552717416,25716200
2023-07-18,122.6722412109375,123.58415326124799,121.87926960750545,123.50485458843724,26193600
2023-07-19,120.95744323730469,124.07975852514653,120.72946900607533,123.50485449122769,37224000
2023-07-20,118.1523208618164,122.9993409263446,117.18093854128094,120.35280998310415,37906800
2023-07-21,118.96509552001953,119.9265710332931,117.68644047254966,119.55982794306409,72937900
2023-07-24,120.46183776855469,121.9189187390688,119.91667640915657,120.59070000224004,29686100
2023-07-25,121.1358642578125,122.06760477820553,119.95632105113091,120.29333663689901,52509600
2023-07-26,128.13385009765625,129.82881243641694,127.19220267338036,128.9268219219284,61682100
2023-07-27,128.26266479492188,132.0689255635858,127.6580256334022,130.5127174287312,44952100
2023-07-28,131.4147186279297,132.56452668916148,129.4223905323537,129.63053631303129,36591200
2023-07-31,131.55349731445312,132.35637563474472,130.62175675151056,131.56340397747383,28055500
2023-08-01,130.39378356933594,131.4642930466913,129.5314198898495,129.63054701957142,23166800
2023-08-02,127.25164031982422,128.9466022244464,126.43884024884467,128.3122279524498,26273300
2023-08-03,127.3210220336914,128.2527625895299,126.30007613731763,126.84524509282699,20089500
2023-08-04,126.9840087890625,130.35411926269438,126.78576966555633,128.14372354248303,26147200
2023-08-07,130.37391662597656,130.45321528140613,127.88598370114637,128.02475256698008,22746300
2023-08-08,130.2450714111328,130.35410518598817,128.4014190247344,129.47192832567612,23535200
2023-08-09,128.5203857421875,130.87945697389134,127.86618303626592,130.50280718461022,24912900
2023-08-10,128.55010986328125,130.88936757032903,128.31221386564667,130.16578804061726,20857800
2023-08-11,128.42127990722656,128.7880230949698,127.04349738134943,127.52919616013523,19591100
2023-08-14,130.1757049560547,130.21534672977936,127.82654040248093,128.25275374989084,24695600
2023-08-15,128.63931274414062,130.26489755204278,128.14370743533297,129.94771801923622,19770700
2023-08-16,127.56881713867188,129.1349318973664,126.74611798522649,127.56881713867188,25216100
2023-08-17,128.77809143066406,130.82990482519432,128.15362385412445,128.6591509873898,33446300
2023-08-18,126.3396987915039,128.11396662555876,125.26918955715742,127.38046535628254,30504800
2023-08-21,127.2417221069336,127.59855859024782,125.44763302751461,126.06218642929755,25248700
2023-08-22,127.94548797607422,129.13493787485558,127.19217323593709,127.38049057746434,22054900
2023-08-23,131.20655822753906,132.23742584663677,128.72853142638633,129.03580432978123,27819700
2023-08-24,128.63931274414062,133.07002541485494,128.4311669842587,132.7726592046356,28500700
2023-08-25,128.73846435546875,129.61071958018746,126.13157509513833,128.40144118659,26762900
2023-08-28,129.85848999023438,131.37504093670455,128.99614164313212,130.15585618309913,20543300
2023-08-29,133.38722229003906,135.36964355822954,131.0776996976363,131.0776996976363,43075600
2023-08-30,134.6857147216797,135.08219295170898,132.89162577508347,133.59537690208668,28315800
2023-08-31,134.97317504882812,136.78709265772878,134.59651009871462,134.81457768828804,30053800
2023-09-01,134.4676513671875,136.25183370752197,133.66477309520587,136.25183370752197,21543700
2023-09-05,134.57667541503906,135.22095629355618,133.39713231081367,134.24957408258942,19403100
2023-09-06,133.2781982421875,135.32999653967815,132.4951333142853,134.824484524279,18684500
2023-09-07,134.07115173339844,134.38834641226532,131.78145747227418,132.41583170533318,18844300
2023-09-08,135.18130493164062,135.4588426865127,133.66475394084918,133.7242241562256,23558300
2023-09-11,135.71658325195312,136.27165888953823,134.59651018881954,135.33991830158746,20763400
2023-09-12,134.1504364013672,135.6669873803092,134.00176086408786,135.0623483209179,18405500
2023-09-13,135.5084228515625,135.69674018178068,132.9709107286248,133.90265121619703,20749500
2023-09-14,136.8861846923828,137.4809019549108,135.04253244166762,136.39057941127305,24751000
2023-09-15,136.19235229492188,137.30251863025583,135.28044021121335,136.76725635034862,38919600
2023-09-18,136.9952392578125,137.9368864099472,135.40929606761446,135.40929606761446,21861300
2023-09-19,136.8267364501953,137.1934947424291,135.4192188852002,136.21219057489975,20353700
2023-09-20,132.56451416015625,136.8663646339005,132.44555860062232,136.8663646339005,29927500
2023-09-21,129.2935028076172,131.06776298574152,128.92675975466167,130.28471332883512,31503900
2023-09-22,129.10519409179688,130.86954793351885,128.4609131845869,129.61070610554586,26397300
2023-09-25,129.9576416015625,130.0171118264149,127.82654454608127,128.6888930557924,20094600
2023-09-26,127.4399642944336,129.2142247554818,126.10182382754034,128.62941408463055,25718700
2023-09-27,129.3926544189453,129.74949092087255,127.43998300872549,127.43998300872549,22746500
2023-09-28,131.14710998535156,132.128414207964,128.649254316224,128.69881788548926,22513100
2023-09-29,129.70985412597656,132.87181919862218,129.2142486945193,132.10858259926832,30859800
2023-10-02,132.99075317382812,133.23855587746678,130.01712073016435,130.0567776325655,22288000
2023-10-03,131.2660369873047,133.0799545386721,130.68122625412332,132.76277495232893,22989400
2023-10-04,134.0513458251953,134.37844718411898,131.36515806688755,131.6228674142173,26752300
2023-10-05,133.8828582763672,134.29916502309197,132.27708639651163,133.8828582763672,19832600
2023-10-06,136.3707733154297,136.9456773507009,132.832143768504,132.832143768504,27597600
2023-10-09,137.203369140625,137.71880288642004,134.41806978059012,135.73638169070284,19278100
2023-10-10,136.8465576171875,138.4919711389079,136.12297798401696,137.28269277954,27786600
2023-10-11,139.31471252441406,139.86978827820917,137.36202559609052,137.36202559609052,25884300
2023-10-12,137.74855041503906,139.9787744613181,137.04478417224522,139.8102704594491,24765500
2023-10-13,136.15269470214844,138.76949019803877,135.41919338050468,138.15494443848604,23420500
2023-10-16,137.8773956298828,138.40273601931523,136.77715129783755,136.95556193967968,28501900
2023-10-17,138.49197387695312,138.67038456071032,135.97428998075208,137.41155773728624,23515800
2023-10-18,136.74742126464844,139.48315708044316,136.17251730070473,138.2243153813824,23375000
2023-10-19,136.53929138183594,138.43250769080962,136.17254821584305,137.28269950188223,26066000
2023-10-20,134.40817260742188,136.65820993362706,133.89273882524216,136.1229628278564,26335700
2023-10-23,135.30026245117188,136.4500705092504,132.77267210572043,133.8530881539799,26317900
2023-10-24,137.5899658203125,138.13513477372655,136.21218344241674,136.6185834917505,44814300
2023-10-25,124.50598907470703,127.18225520722929,123.97073433573493,127.03357963724113,84366200
2023-10-26,121.20524597167969,123.23723097831568,120.20412102421639,122.18654246977827,57061100
2023-10-27,121.09620666503906,122.22618623249376,119.15343464446192,121.79996533864069,44566500
2023-10-30,123.36608123779297,124.29782170383251,121.67111186993667,122.12706787862865,28940100
2023-10-31,122.98943328857422,124.26809608033074,121.61165093298484,123.96081560140948,26292300
2023-11-01,125.33859252929688,125.37824186558063,122.63259149838505,122.97951373794584,30082400
2023-11-02,126.36946105957031,127.8463630140724,125.81438543905156,127.29128739355363,27124600
2023-11-03,127.96527862548828,128.391491870739,126.7361721891753,126.89476949541019,26393100
2023-11-06,129.10519409179688,129.19439942516289,127.53907936577991,127.91574427289191,19052700
2023-11-07,129.81884765625,130.7505879983134,128.73843178073938,129.5611383567172,29757300
2023-11-08,130.68121337890625,131.04797161797262,129.63053247035484,129.81886492088287,26425800
2023-11-09,129.0952911376953,131.38498550790692,128.92678712827234,130.80017480614322,23747800
2023-11-10,131.42462158203125,131.63278248151076,128.27257885187583,128.95651664701234,26913300
2023-11-13,130.9290008544922,131.42460614060172,130.09638760374972,130.62172799705198,18324800
2023-11-14,132.44557189941406,134.50729201715737,132.1482207824069,133.01056927107837,32395200
2023-11-15,133.43678283691406,133.84318286371249,132.3960236763613,133.68458551793623,23861500
2023-11-16,135.7264862060547,136.0139458049548,133.13944056401175,134.0017891113594,28013200
2023-11-17,134.12074279785156,134.86415096364382,132.47532909430868,134.8046807303289,37240600
2023-11-20,135.05245971679688,135.45885973926121,132.44557070034907,132.5149627101394,27815500
2023-11-21,135.76612854003906,135.97427431377318,134.76501119450535,135.09209741037324,22635300
2023-11-22,137.27276611328125,138.19458474282766,136.26172703194487,136.26172703194487,17813900
2023-11-24,135.48858642578125,136.9159321844401,134.7947419943983,136.81680506938213,12514300
2023-11-27,135.2110595703125,137.2033876965765,134.80465954030564,134.83439465228903,23436500
2023-11-28,135.99411010742188,136.0436736692128,134.2297562053289,134.8839589217478,18730000
2023-11-29,133.8035430908203,137.07452642949448,133.65485240517793,136.36086861217828,23967200
2023-11-30,131.3651580810547,134.35861874891418,130.1261446568203,133.8630133792204,38988300
2023-12-01,130.70103454589844,130.94883720390865,129.52149147382195,130.70103454589844,31442300
2023-12-04,128.13385009765625,128.88716501214105,126.7758883063506,128.7384894121373,36669900
2023-12-05,129.83871459960938,130.97860102647664,127.12279142754068,127.8166359971415,27384800
2023-12-06,128.87718200683594,130.68117709189886,128.73841315413878,130.28469897695575,23576200
2023-12-07,135.7264862060547,137.34216463354636,133.5160903794074,133.8530984180632,56767100
2023-12-08,133.8035430908203,135.20113873793494,132.85197412660608,133.0204781372603,32260100
2023-12-11,132.1184539794922,132.16801753433697,130.20542478480553,131.21646382988015,31138000
2023-12-12,131.35523986816406,131.8310167463247,130.10630476656524,130.6514736502255,29032800
2023-12-13,131.40481567382812,132.32663440647838,130.41360492921032,132.20769395702044,30104800
2023-12-14,130.7803497314453,132.54470366937534,128.55012552763398,132.20769564183271,38722400
2023-12-15,131.43455505371094,132.33654536584615,130.0270224409382,130.4631576026789,50847100
2023-12-18,134.60641479492188,135.94454015229283,131.26602448315583,131.46427872099582,32258000
2023-12-19,135.44894409179688,136.26174417356714,134.883961824314,135.63727655584978,25476800
2023-12-20,137.1240692138672,140.45453739695972,136.85645324467703,137.74853672465744,49107200
2023-12-21,139.185791015625,139.45342211326152,137.9566844233994,138.2639724149609,27488300
2023-12-22,140.24639892578125,140.74200424587772,139.4732558364047,139.53272605486842,26532200
2023-12-26,140.27615356445312,141.42594657240042,139.94905219268907,140.34553045409487,16780300
2023-12-27,139.13624572753906,140.83122273553664,138.6604688106895,140.34552403156647,19628600
2023-12-28,138.9974822998047,139.8994877320987,138.5217053642322,139.5426512492503,16045700
2023-12-29,138.46221923828125,139.12632856419143,137.56021390956434,138.40274901874815,18733000
2024-01-02,136.95559692382812,138.22434556103968,135.28044822126745,137.33226187460795,23711200
2024-01-03,137.69898986816406,138.4027561263541,135.87516579367383,136.04366979922918,24212100
2024-01-04,135.19122314453125,137.93688094484938,135.15158137245075,137.20337960162615,27137700
2024-01-05,134.53701782226562,135.9544569222083,133.9621138280285,135.54805692417742,22513900
2024-01-08,137.6197052001953,137.78820922289705,135.06237949599685,135.09211461031617,21404000
2024-01-09,139.71115112304688,140.24641339378692,136.9357580192586,137.2826878289855,24759600
2024-01-10,141.02944946289062,141.74312233778207,139.67149571815168,139.76070104634456,21320200
2024-01-11,140.8312225341797,143.9436236258308,139.40387666099627,142.2288332953947,24008700
2024-01-12,141.39620971679688,141.9413786630196,140.57351809075055,141.4160381670257,18785500
2024-01-16,141.2376251220703,143.08127772087843,140.20675747291105,140.75192640999762,22670500
2024-01-17,140.2266082763672,140.59335147219906,137.679188984567,140.10766780737916,20968600
2024-01-18,142.2189178466797,142.9425126026269,140.74202347084398,140.80149369743117,25746400
2024-01-19,145.0934295654297,145.16280645077472,143.11100813182492,143.4678445948608,34271900
2024-01-22,144.70687866210938,147.0857786723887,144.55818795854353,145.80712331991597,32200400
2024-01-23,145.74761962890625,145.88638852663772,144.22116175386006,144.60773333501743,21636100
2024-01-24,147.39305114746094,148.53295270577948,146.7983337091306,147.2344537807019,25233500
2024-01-25,150.53517150878906,151.70480805664835,148.225648650222,148.7510042615379,29149100
2024-01-26,150.8523712158203,151.19928591444616,149.68273462913356,149.7719550941985,26115500
2024-01-29,152.1607666015625,152.42839775623318,150.0990462936262,150.72351394629885,27784300
2024-01-30,150.1287841796875,152.26978786685433,149.86115304703833,151.4570029311418,36331800
2024-01-31,138.8686065673828,142.73432173106326,138.6406172470756,142.35765687548871,71910000
2024-02-01,139.9193115234375,141.80260587734793,139.5525532652903,140.87086536289783,40466500
2024-02-02,141.12860107421875,141.3664819906908,135.3002766258251,138.0360130379911,62499600
2024-02-05,142.41712951660156,144.19140493261733,141.52504604044913,141.5647029336449,38505400
2024-02-06,142.83348083496094,144.08240098500607,141.93147538647906,143.3786346695141,29128200
2024-02-07,144.2607879638672,144.3400866289689,142.66493824979582,143.4876448849679,25208900
2024-02-08,144.62754821777344,145.0438548719161,143.8246700187359,144.54824955155473,22563800
2024-02-09,147.69039916992188,148.12653431225093,144.89517764390865,145.3907830102507,26829500
2024-02-12,146.23330688476562,148.0273957523625,146.07470954986746,147.1154837637095,21564100
2024-02-13,143.8643341064453,145.38088541203197,142.42708147937856,143.64626652168468,27837700
2024-02-14,144.65731811523438,145.23222224007145,142.8235719390355,144.79608703332073,22704200
2024-02-15,141.51515197753906,142.25855998207064,139.22545774352974,141.88189508654546,37590700
2024-02-16,139.28492736816406,141.9314580380152,138.90826247425002,141.7332189292563,31468900
2024-02-20,139.87965393066406,140.83122289008293,138.26399071915645,138.43249472896153,25144700
2024-02-21,141.29708862304688,141.43585751636738,139.44351432516038,140.20675080076072,23223300
2024-02-22,142.8235321044922,143.72553738281633,141.5448770819428,143.65614538078825,27191900
2024-02-23,142.6947021484375,143.40835995334845,142.16934655124388,142.40724256933106,19493800
2024-02-26,136.36087036132812,141.18806188186093,136.18244456120365,140.89069563143732,53641800
2024-02-27,137.6593780517578,138.0261212539718,135.88510202685993,136.80693605159354,33099200
2024-02-28,135.18130493164062,136.7969679065016,134.21982945059332,136.6879341367538,37328600
2024-02-29,137.24302673339844,137.63950492469195,135.2011201866837,136.07339035713764,42133000
2024-03-01,135.93463134765625,137.6494215802847,135.71656378920932,137.21328646339086,31151100
2024-03-04,132.17794799804688,134.46764221027212,130.75060222297805,134.46764221027212,55999400
2024-03-05,131.50393676757812,132.06893419092674,129.52151514124904,130.7208868800359,40194800
2024-03-06,130.2450714111328,132.40591846062833,129.69991766152992,131.94995491359472,35318600
2024-03-07,133.1988983154297,133.75397388585452,130.45324044956945,131.62286181229678,37738200
2024-03-08,134.2198486328125,136.87628613042892,132.82223787303235,133.03039878127268,39370400
2024-03-11,136.45994567871094,137.8773845373366,134.93348818640112,134.93348818640112,32437800
2024-03-12,137.28268432617188,138.15495459716567,135.82560336197784,135.82560336197784,27563400
2024-03-13,138.5613555908203,139.8499326977314,137.7683990247307,137.7783056881699,23347200
2024-03-14,141.84228515625,142.32796881511524,139.225488997849,139.9490687164518,42753400
2024-03-15,139.9391326904297,141.92155427918553,138.79924632676565,141.24753819885322,49475400
2024-03-18,146.38197326660156,150.8126858318924,145.87646130852835,147.3038069838802,69273700
2024-03-19,145.7377166748047,147.4822421656298,144.79606947876087,146.8577896722865,24070400
2024-03-20,147.43270874023438,147.5516492035206,145.4502870205174,146.6992072590552,21311500
2024-03-21,146.30270385742188,149.04834657827197,145.60884427485487,148.15626300736415,24755600
2024-03-22,149.44483947753906,150.24771771386577,147.67056387842288,147.8093327695821,29211800
2024-03-25,148.75099182128906,149.0582647076252,146.52076782406607,148.622129594887,19229300
2024-03-26,149.34571838378906,150.92173980939236,148.66178056238658,148.89967658168865,22149100
2024-03-27,149.54393005371094,150.3071664081134,147.59124407048597,149.85120290265056,22879200
2024-03-28,149.60342407226562,150.09902942352818,148.85010938322958,149.52414052577765,24485400
2024-04-01,154.12335205078125,154.3711547175217,149.28623915611158,149.36553782442945,31730800
2024-04-02,153.2015380859375,153.34030699227824,150.8127164395867,152.1508570629753,24586000
2024-04-03,153.558349609375,153.716946940742,151.3875959008957,152.2499594372824,24705000
2024-04-04,149.20693969726562,153.40967834779974,149.12764102936788,152.15083657251893,34724700
2024-04-05,151.15965270996094,152.07156486544667,148.2851473312489,148.71136073150413,23459200
2024-04-08,153.48898315429688,153.9052898339039,151.26866573838439,151.4371697426533,20702000
2024-04-09,155.22360229492188,157.16636680492698,153.825991572372,154.71807515609422,31079500
2024-04-10,154.76763916015625,155.23350940234246,153.3204648733208,154.8370311694787,22838600
2024-04-11,158.00892639160156,158.27654243330397,155.08485738751153,155.53089924835962,27166400
2024-04-12,156.3436737060547,158.8117940185791,155.75886296974886,156.57166307757163,25353700
2024-04-15,153.4989013671875,157.8404094057048,153.23127022277416,157.4637444709509,27136500
2024-04-16,153.0429229736328,154.28193632388786,152.08144740386092,152.8347772006078,20779500
2024-04-17,154.10354614257812,155.69939615479163,153.22136912493693,154.25222171449875,21763100
2024-04-18,154.63876342773438,155.56059716944145,153.26098127050776,153.97465412709587,19883000
2024-04-19,152.7356719970703,154.98572479887758,150.96141127979288,154.8271274373676,32615600
2024-04-22,154.90638732910156,156.25443431502745,152.70589864435968,152.95370128791464,26446200
2024-04-23,156.86900329589844,157.57276956282405,154.90641030278562,155.58044145804854,21151600
2024-04-24,157.7313690185547,158.16750416167633,155.7885893241061,156.10578401898567,22779100
2024-04-25,154.6288604736328,155.11455913410575,149.5439450297003,149.99990858082532,57109700
2024-04-26,170.43869018554688,173.17444161155032,168.15890237210272,172.83741845240817,64665300
2024-04-29,164.68963623046875,168.05976136758494,163.7579109650259,167.5740627254869,45610000
2024-04-30,161.34927368164062,166.62252177219705,161.17086301864083,164.15440172797688,33562900
2024-05-01,162.41978454589844,165.65112595593658,161.6565480783854,162.85591967019158,33493200
2024-05-02,165.15553283691406,165.26456662605938,162.44953168316837,163.34161532186556,24294500
2024-05-03,165.77008056640625,166.4837534702782,161.61690537224646,166.08726012108556,34662400
2024-05-06,166.62252807617188,166.6621698501134,164.5707146259979,165.98815382038057,21871300
2024-05-07,169.7448272705078,170.25033926742327,166.90996414876957,167.01899792747776,28039700
2024-05-08,167.89126586914062,168.65448718502228,167.25689165384944,167.51460097970468,19569100
2024-05-09,168.4661865234375,169.18976613945827,166.70181746537216,167.90118913341487,15346700
2024-05-10,167.16769409179688,168.35715914244224,164.72932401226194,166.5531482403928,29799900
2024-05-13,167.6533660888672,167.79213497268913,162.55854403329832,162.81625335334653,31327600
2024-05-14,168.8428192138672,169.74482453915033,167.31636146118933,168.2778370057792,25127100
2024-05-15,170.99374389648438,171.13251278258656,169.01132259521063,169.13027815806552,26948400
2024-05-16,172.64907836914062,173.58081887894542,171.17218405543662,171.7669014209654,27867900
2024-05-17,174.5125274658203,174.72068833671636,172.16336329612074,172.6490467870903,24479300
2024-05-20,175.364990234375,177.1987360270171,174.53237690001112,174.64141067889267,22554400
2024-05-21,176.2868194580078,176.58417055209722,174.26474127015484,175.34515724447746,16989400
2024-05-22,174.82972717285156,175.5929484307021,173.6700126076697,175.08743647911203,17880000
2024-05-23,172.02462768554688,176.68331515847908,171.42989518914035,175.5136937401354,21024900
2024-05-24,173.45196533203125,174.22510846580246,172.12373150315187,173.44204354526818,16579400
2024-05-28,174.84957885742188,175.71194253715282,172.83742214584382,172.91672082470853,20572200
2024-05-29,174.3539581298828,175.2856986187846,173.1843367499764,173.88808788543193,23388700
2024-05-30,170.59727478027344,173.67994067307137,170.28008009531703,173.66011222409284,22931500
2024-05-31,170.98387145996094,171.53894711547682,167.95076868183696,170.34949712156035,37638900
2024-06-03,171.64796447753906,172.9960117081414,169.65563630662328,171.0234968625416,27459100
2024-06-04,172.26248168945312,172.321967029547,170.37918761932596,171.7569697337049,26879600
2024-06-05,173.86830139160156,175.09739318392747,172.40129842220728,173.66014045517485,22068500
2024-06-06,175.17665100097656,175.59295765203206,174.20526881518043,174.3539443603167,23251000
2024-06-07,172.92662048339844,176.3066373799981,172.7680231459644,175.4938524938292,19661400
2024-06-10,173.67086791992188,175.70518493273318,171.43808427850212,173.63118065101344,23726700
2024-06-11,175.2685546875,175.48687252833415,172.440371072749,174.8716214180017,21540600
2024-06-12,176.4296112060547,179.0295742492246,174.76247320161096,176.88609812176736,27864700
2024-06-13,173.8197479248047,175.38766020073976,173.54189158649058,174.76247586851568,20913300
2024-06-14,175.437255859375,175.7051941501706,172.81745685502335,172.886928506799,18063600
2024-06-17,175.88381958007812,176.99524483970762,173.47240531751984,174.1174408030097,19618500
2024-06-18,173.75025939941406,176.03266350713454,172.7678442779151,175.78457643329608,21869900
2024-06-20,174.9510040283203,175.9334191303285,173.65103020992316,174.02811225809378,20160100
2024-06-21,178.2555389404297,179.466205138687,175.2586426839211,175.645657934706,57759000
2024-06-24,177.84866333007812,179.5058831721026,177.30286873730756,178.78147315371626,18298000
2024-06-25,182.62185668945312,182.87986179667686,178.04713041446374,178.24559704633074,23130200
2024-06-26,182.4730224609375,183.09819163519248,181.08372566274275,181.2325870029249,19839000
2024-06-27,183.99131774902344,184.62642010992184,182.61195409916436,182.77071833286294,18848900
2024-06-28,180.7562255859375,183.71343423893046,180.5676921399298,182.90963458847077,29156600
2024-07-01,181.58981323242188,182.4730025766031,179.91274225321607,181.62950050025836,16006100
2024-07-02,183.82260131835938,184.1500780686585,180.17075176456586,180.65700787416756,17372500
2024-07-03,184.3981475830078,184.66607069153503,182.59206661247012,183.43556862917737,10242100
2024-07-05,189.14161682128906,189.39962196196515,184.37834132871893,184.4378798117953,20967500
2024-07-08,187.58360290527344,188.71487939155085,186.34316749742393,188.4469411036859,21035900
2024-07-09,187.53399658203125,189.89579062187278,187.2759914489027,188.8538217724112,15121400
2024-07-10,189.71714782714844,190.28279364749721,187.5836049591009,187.7026819141074,15952500
2024-07-11,184.15008544921875,189.39960141202818,183.66382932012837,188.39733505757295,25625800
2024-07-12,183.65391540527344,185.67829936578423,183.07835154835516,183.66383343758727,22898400
2024-07-15,185.1027374267578,186.79965977611926,183.50505596969933,183.50505596969933,16474000
2024-07-16,182.5126953125,187.23626771226316,181.9669007256916,185.92637584595624,18290700
2024-07-17,179.63487243652344,182.14551212968965,178.52343217430078,181.56994836615308,20734100
2024-07-18,176.33038330078125,181.10357651103143,175.11971708479683,180.53793067512186,25315700
2024-07-19,176.30059814453125,178.91046381081307,175.77465477022162,177.51126425121495,18881900
2024-07-22,180.27992248535156,181.30204007198228,178.85093844213043,179.2081844529357,24100300
2024-07-23,180.39898681640625,182.20506795075516,180.15089974687697,180.65700705961783,36352700
2024-07-24,171.30909729003906,174.84185492699467,170.5052975643539,172.2716763828317,49585200
2024-07-25,166.00003051757812,172.09304877138803,165.9107228003057,171.19994131459546,44852000
2024-07-26,165.72219848632812,166.8038547106232,162.80469149144778,165.8710447036031,41336900
2024-07-29,168.23280334472656,169.12591074335177,166.70459365013758,167.53816257445885,20293800
2024-07-30,168.9869842529297,169.91979407162952,167.15114899500833,168.9373789518768,18959700
2024-07-31,170.2274169921875,172.91668748879763,168.70912533779483,171.9144211788754,25729100
2024-08-01,169.4534149169922,172.71824977865398,167.58781013807817,168.9473226614739,24531400
2024-08-02,165.384765625,167.22060083165107,163.40998712477472,165.16644779514462,29130100
2024-08-05,158.031494140625,163.17185195658232,153.74454147409605,154.31018737122253,53630700
2024-08-06,157.07882690429688,159.3413952637539,155.2132221455675,158.11087775486118,49004600
2024-08-07,157.72384643554688,161.7329270375027,157.2574415077753,160.01616866155442,25138600
2024-08-08,160.79019165039062,162.4374934400702,158.9841256428161,159.28181801513983,25578800
2024-08-09,162.41763305664062,162.5367099988413,157.84290710869936,158.7856348991968,28602300
2024-08-12,161.04818725585938,163.63821673656008,160.60163358167628,163.09243732479868,15895300
2024-08-13,162.90391540527344,163.46954611395418,161.72301839794923,162.15965411245918,18551700
2024-08-14,159.14288330078125,161.9710818575429,156.5032484754406,161.15734902797854,40591100
2024-08-15,160.06578063964844,160.40317542086007,158.38870962322818,159.27189898700752,31524300
2024-08-16,161.7130889892578,163.79701137732062,159.8970897454957,160.23448454041534,24208600
2024-08-19,165.39468383789062,165.41453504299912,163.00312088041883,164.0153203524916,22416200
2024-08-20,165.90077209472656,167.34960719285812,165.5435412633864,165.62291579788476,18341500
2024-08-21,164.5809783935547,165.5733267344455,163.40999947744584,163.88632244130392,22902000
2024-08-22,162.54664611816406,166.30763931714822,162.06039002531082,165.9801625781286,22493300
2024-08-23,164.35272216796875,164.9084347985432,162.57642535652303,163.4596147462646,13955700
2024-08-26,164.8886260986328,166.26798987201803,163.20163672098727,165.10694397430842,14190400
2024-08-27,163.41993713378906,165.16648011438994,163.20163440324978,164.57106498154224,11821900
2024-08-28,161.6039276123047,164.33288545251102,160.2940205808296,163.77715768210635,16407400
2024-08-29,160.54209899902344,164.70004059767595,159.02380738480878,163.05273886524938,19699800
2024-08-30,162.12986755371094,162.4077238619854,160.45279653031872,161.37567316665184,22123800
2024-09-03,156.1559295654297,160.61157889702227,155.28265821334085,160.48256877218185,38945300
2024-09-04,155.25291442871094,157.78340604462628,154.76667337142607,155.46131426900152,19353800
2024-09-05,156.036865234375,158.22994668183233,154.78649658056972,155.1040553313884,18688700
2024-09-06,149.76519775390625,156.62232787245784,149.39803374273566,156.09638450541732,37912100
2024-09-09,147.7679443359375,152.4282209390493,146.2873778721235,151.54385960268255,39260500
2024-09-10,147.71826171875,150.31172831197244,147.40028159964342,149.4969156283568,31118800
2024-09-11,150.20242309570312,150.54026559740743,146.5854826673726,148.97027288921362,29607700
2024-09-12,153.71006774902344,153.83924907315188,151.682982309114,152.82570635319718,29621500
2024-09-13,156.4625244140625,157.37669455144265,154.22677778049754,154.44537016884462,29591200
2024-09-16,157.05873107910156,157.2475299074587,155.607988267114,156.31348212219416,18379800
2024-09-17,158.31072998046875,159.53293380012653,157.3766823666018,158.0126274199818,20715600
2024-09-18,158.79762268066406,159.48325404924594,157.59529635899653,158.84730896980255,23677300
2024-09-19,161.11285400390625,162.7523953061902,160.31791891468873,162.67291544318158,26587700
2024-09-20,162.5536651611328,162.6927776644467,161.03335881701463,162.46423894374368,40896400
2024-09-23,160.82472229003906,164.44166309263446,160.64585466572302,163.30888534572622,24150900
2024-09-24,161.26190185546875,162.18601827960998,159.67204679818846,161.9972194853163,23332100
2024-09-25,160.46697998046875,161.77861000791742,160.27818118844277,160.44710243338025,18869200
2024-09-26,161.69911193847656,163.0405658423745,161.25196569121914,162.60335078741144,20319300
2024-09-27,162.911376953125,164.6502907376612,161.5997470113798,161.77859943711212,21101300
2024-09-30,164.7993621826172,165.09744958161895,162.22575806160205,162.2853907035285,20413900
2024-10-01,165.93212890625,168.08838020304094,163.53739254376728,166.62769139519463,28338100
2024-10-02,164.80929565429688,166.4587833748385,163.68644922877587,165.36574568962988,17760200
2024-10-03,164.80929565429688,165.5843532266716,162.88158291608877,163.3684842780683,15073100
2024-10-04,166.00169372558594,167.16428010496523,164.4317010051406,166.99535885279488,19047400
2024-10-07,161.9475555419922,167.41271432730716,161.71901678363855,166.65753420806615,22463100
2024-10-08,163.33868408203125,163.68645779124333,161.8382399845631,162.901468985077,23072700
2024-10-09,160.83462524414062,163.7957428412033,158.72806019467495,162.4145490312399,31181800
2024-10-10,161.05323791503906,162.03697180217182,159.38387269706766,159.85089649743236,14144100
2024-10-11,162.2058868408203,162.86169424502742,160.21855675772235,161.10291803821593,15344300
2024-10-14,163.91500854492188,165.17695235890986,162.36487818674945,162.60336327926677,19016100
2024-10-15,164.41183471679688,166.61775729768382,163.58709086133464,164.7397308583214,20247200
2024-10-16,164.11373901367188,164.74968410008972,162.70273632699872,163.48772512033995,16406000
2024-10-17,161.8978729248047,165.31608383228354,161.7289516506957,164.68013867476157,21453400
2024-10-18,162.384765625,163.66660222742627,162.04692309495266,162.1562268737477,19757700
2024-10-21,163.03062438964844,163.45789306330104,161.58979800498344,161.91770927556843,20946500
2024-10-22,164.0938720703125,164.719886004102,161.94755157914383,161.94755157914383,16568100
2024-10-23,161.74879455566406,164.7695447784646,160.90417320390316,163.71624709624942,18280500
2024-10-24,161.68919372558594,162.29533007096418,159.9900196550578,161.79849749810091,22412500
2024-10-25,164.2230224609375,164.54098738372983,162.38473610505613,162.63315236060092,19828900
2024-10-28,165.66384887695312,167.68098784367282,162.91139226813863,167.68098784367282,32138600
2024-10-29,168.60508728027344,169.30066498158368,166.03149830422933,166.66744336321563,42169000
2024-10-30,173.3548126220703,180.86691803166593,172.95733750175077,179.5353953312524,68890800
2024-10-31,170.02601623535156,175.6998499725552,169.91671248048732,172.03322375098372,44769000
2024-11-01,170.20489501953125,171.22838406204764,167.8101735573136,168.9926374988831,31796500
2024-11-04,168.1678924560547,169.64844379948434,166.9456734265419,168.8535086611848,21492700
2024-11-05,168.66473388671875,169.4497227111904,167.77042612333224,168.35668494331603,18242100
2024-11-06,175.39183044433594,175.81911434381482,172.4009037964916,172.69900637438644,33695500
2024-11-07,179.60498046875,179.93289179611503,176.067534869967,176.28614242154367,25352900
2024-11-08,177.22019958496094,179.75403378817845,176.95190572784412,179.50561748102942,22006200
2024-11-11,179.20751953125,179.40624953288767,177.33942415917616,177.44872793439595,17450400
2024-11-12,180.46945190429688,181.33395085774214,178.25358296080182,178.68086684117154,25134900
2024-11-13,177.74681091308594,179.81363605883408,177.40895326922643,179.31680352847516,23184000
2024-11-14,174.4677276611328,177.68720818344102,173.21571503907634,177.15062051532624,31007500
2024-11-15,171.39730834960938,173.03684979342893,170.135349355116,172.62944344024277,32504600
2024-11-18,174.1894989013672,174.32861141194803,171.80469351153303,172.32140362031606,20135300
2024-11-19,176.99163818359375,177.7368870735365,172.4605273586821,172.61951742744716,23434900
2024-11-20,174.86517333984375,176.5544009125721,172.67911323618793,176.21655843045156,18997100
2024-11-21,166.56809997558594,173.02692368437366,162.662987910428,172.79836977486937,59734400
2024-11-22,163.7162628173828,165.40550568311707,162.8617101914929,164.79936934193785,38604600
2024-11-25,166.58795166015625,167.56175439657423,164.56088148234778,165.0378364955745,33135300
2024-11-26,168.04864501953125,168.74422275300518,166.5184073625678,166.5680936524055,20486700
2024-11-27,168.15794372558594,168.40636000516253,166.95561742322607,167.9294049937709,19266500
2024-11-29,167.87969970703125,168.35665466444746,166.101046017883,167.43255348682078,14257200
2024-12-02,170.40362548828125,170.98988423095403,167.50212535142776,167.70085532970873,23789100
2024-12-03,170.2545623779297,171.58606987747282,169.7676762176285,170.40362122950918,22248700
2024-12-04,173.265380859375,173.80196851105399,169.976351762093,170.06577798333072,31615100
2024-12-05,171.54635620117188,174.94468929994056,171.23832242107443,174.24912670582898,21356200
2024-12-06,173.60324096679688,173.97089221181594,170.77128929069295,170.9402105427862,21462400
2024-12-09,174.458740234375,175.3441150228254,172.74767645767284,173.05607839120185,25389600
2024-12-10,184.2078399658203,185.39165905883286,180.10925267461994,181.89990276575224,54813000
2024-12-11,194.38467407226562,194.59358956818772,183.88950517431252,184.3471064632806,67894100
2024-12-12,190.9625701904297,194.16582489848338,190.71386920648584,193.98676747620544,34817500
2024-12-13,188.8336944580078,191.72856243728444,188.65462185235455,190.01749841639386,25143500
2024-12-16,195.63815307617188,197.96599073113543,191.61913652261555,191.86783751599637,44934900
2024-12-17,194.40457153320312,200.37339478634232,193.96685539925252,196.22506444695088,43504000
2024-12-18,187.42108154296875,195.97640265451105,186.76452239029663,194.20565261646016,34166100
2024-12-19,187.5304718017578,192.0269895380088,187.40115762090377,190.63427019379503,32265200
2024-12-20,190.41542053222656,191.88772607244653,184.25758188521124,184.8146696474835,63462900
2024-12-23,193.6186981201172,194.08625719212253,189.16196548395996,191.6191324608379,25675000
2024-12-24,195.09100341796875,195.09100341796875,192.7731083908338,193.82759815006608,10403300
2024-12-26,194.58364868164062,195.72766709348628,193.36998671071595,194.13597478356786,12046600
2024-12-27,191.75840759277344,194.30511850410315,189.6593706110804,193.93703071352402,18891400
2024-12-30,190.24630737304688,191.5494980812226,188.13731273783964,188.8137872976618,14264700
2024-12-31,188.31637573242188,190.96255767118524,187.53047217416017,190.0871254076539,17466900
