Price,Close,High,Low,Open,Volume
Ticker,MSFT,MSFT,MSFT,MSFT,MSFT
Date,,,,,
2015-01-02,39.68174362182617,40.24183655757359,39.495048134744195,39.59688233108443,27913900
2015-01-05,39.316829681396484,39.65627801426781,39.248938072472164,39.35077224860855,39673900
2015-01-06,38.73977279663086,39.673259971651746,38.646423431678606,39.35926930183575,36447900
2015-01-07,39.23197555541992,39.427159126869654,38.60399419288615,39.01981907724617,29114100
2015-01-08,40.38610076904297,40.52188076357751,39.64779725108958,39.67325498842405,29645200
2015-01-09,40.04664993286133,40.58128508790158,39.800550913652756,40.40307444863832,23944200
2015-01-12,39.545963287353516,40.343673657634284,39.34229489635681,40.24183622488522,23651900
2015-01-13,39.342288970947266,40.657658191964224,39.08770190191982,39.85995117907819,35270600
2015-01-14,39.00284194946289,39.24045938063213,38.71430904088285,39.00284194946289,29719600
2015-01-15,38.595497131347656,39.35926156977975,38.536093590275186,39.22348158486406,32750800
2015-01-16,39.240447998046875,39.274390560724726,38.33241565485909,38.45122595460538,35695300
2015-01-20,39.36774826049805,39.58839276968071,38.67187540030723,39.291371813050255,36161900
2015-01-21,38.9688835144043,39.15558217042482,38.595489439612805,38.98585641379249,39081100
2015-01-22,39.99574279785156,40.004227633145206,39.10468617846555,39.35927332153996,35898000
2015-01-23,40.03816223144531,40.216372857943526,39.71568354736503,40.19091512194385,26211600
2015-01-26,39.89389419555664,39.995731614111214,39.24045523137454,39.88540936263555,42525500
2015-01-27,36.20235824584961,36.660616723743004,35.73561493862435,36.4484603807089,169164000
2015-01-28,34.954891204833984,36.31269425891968,34.92943346990898,36.27026362162797,84507100
2015-01-29,35.650760650634766,35.744109986215605,34.615439601987724,34.73424667009068,63585300
2015-01-30,34.284481048583984,35.28585967660725,34.242047171959896,35.260398703182744,78004900
2015-02-02,35.031272888183594,35.107649341636055,34.14021642273863,34.44572223654847,50352500
2015-02-03,35.302833557128906,35.58288163747965,34.836089993795,35.32829453359303,52082400
2015-02-04,35.506507873535156,35.82049855088351,35.099167828995185,35.591369168845226,41614800
2015-02-05,36.02416229248047,36.18540001311411,35.52347299053892,35.82897876626599,36548200
2015-02-06,35.99022674560547,36.31270551604277,35.76958542093855,36.219356142712144,34616600
2015-02-09,35.94779586791992,36.27027463631871,35.82050068013719,35.845961660044395,31381100
2015-02-10,36.15145492553711,36.29572298349584,35.795033671610106,36.270265247429705,29670700
2015-02-11,35.96477127075195,36.19390068230769,35.82050316543849,36.19390068230769,38262500
2015-02-12,36.56728744506836,36.56728744506836,36.075082905738164,36.20237807618581,33268800
2015-02-13,37.229217529296875,37.229217529296875,36.618209079300314,36.81339264889306,40264900
2015-02-17,37.24630355834961,37.60526130587638,36.91298145813258,37.57962239827828,33695700
2015-02-18,37.20356750488281,37.34886225452151,37.083914922997025,37.28903596357861,27111700
2015-02-19,37.177940368652344,37.20357928423468,36.79334033347048,36.904447734809544,27603400
2015-02-20,37.48561477661133,37.50270847119983,36.99845589185008,37.18648001174585,29721100
2015-02-23,37.73347473144531,37.767658866017044,37.306142076549165,37.348874689980896,32518800
2015-02-24,37.68218994140625,37.86166885638093,37.536895157648814,37.733471028665775,25271700
2015-02-25,37.596702575683594,37.68216774381504,37.43431419183179,37.56251520431614,29759800
2015-02-26,37.656551361083984,37.80184288583777,37.51125657604107,37.59672505556312,28957300
2015-02-27,37.47705078125,37.77618542225439,37.31466564033049,37.71635914611102,33807700
2015-03-02,37.50270080566406,37.76764486690921,37.22065979303615,37.32321867931529,31924000
2015-03-03,36.98990249633789,37.459970884300546,36.827517309770705,37.22921092847027,31748600
2015-03-04,36.801902770996094,36.93010065782205,36.64806269857247,36.759166881763505,25748700
2015-03-05,36.84461212158203,36.955719494866244,36.59675846590514,36.810424735911724,23193500
2015-03-06,36.20362091064453,36.84461985520895,36.02414198863591,36.75060615502655,36248800
2015-03-09,36.62239074707031,36.86169914316372,36.058312026751786,36.058312026751786,32108000
2015-03-10,35.92157745361328,36.5027500527161,35.92157745361328,36.195070057862964,39159700
2015-03-11,35.87882614135742,36.21214487525483,35.7591735969109,36.160867076370494,32215300
2015-03-12,35.05836486816406,35.59680482591244,34.92161857448228,35.32331223854888,59992500
2015-03-13,35.36604690551758,35.44296690396532,34.707954309973324,34.78487430842107,58007700
2015-03-16,35.51987838745117,35.58824989174278,35.280569971710015,35.44295840744298,35273500
2015-03-17,35.6395378112793,35.75064519492034,35.169472625505605,35.357496743641775,31673400
2015-03-18,36.32326126098633,36.60530226630405,35.323304810033946,35.40877000300337,44194800
2015-03-19,36.143802642822266,36.40020162562136,36.08397632217881,36.11816046233939,33879100
2015-03-20,36.648040771484375,36.7335059782332,36.314721900759864,36.37454819754177,71904500
2015-03-23,36.63093948364258,36.86169940636895,36.562564724188256,36.64803317350616,26246100
2015-03-24,36.66513442993164,36.89589113999116,36.536933359642,36.562572269584464,25513300
2015-03-25,35.43441390991211,36.690772637666605,35.41732021684806,36.68222416099029,43469900
2015-03-26,35.22074890136719,35.56261625434301,34.972895233474155,35.229297378350374,37495600
2015-03-27,35.01564407348633,35.40878939289346,34.895991433691975,35.14384193314174,34401400
2015-03-30,35.007083892822266,35.50279124662001,34.96435128721976,35.12673649262481,35049700
2015-03-31,34.75068283081055,35.06690800488625,34.64812393170546,34.85324172991563,34887200
2015-04-01,34.80195617675781,34.83614029533731,34.451543694086794,34.69939404015564,36865300
2015-04-02,34.4344596862793,34.81905965595221,34.28916491538561,34.75068487899311,37487500
2015-04-06,35.51133728027344,35.70790987879656,34.34044690633619,34.477193203582225,39223700
2015-04-07,35.494239807128906,35.819013451123595,35.306215706111814,35.562614578617705,28809400
2015-04-08,35.40022659301758,35.63098655940065,35.07545620503127,35.434413979212536,24753400
2015-04-09,35.45151138305664,35.571163986974554,35.254938782293074,35.254938782293074,25723900
2015-04-10,35.6566162109375,35.85318872211332,35.39166895137663,35.57969624914805,28022000
2015-04-13,35.69081115722656,35.94721328120267,35.374586000688055,35.383134476974426,30276700
2015-04-14,35.596797943115234,35.921568290133195,35.37458322116802,35.724995734741846,24244400
2015-04-15,36.11814498901367,36.28907865774692,35.62244093600467,35.69081244732484,27343600
2015-04-16,36.03268051147461,36.18652049040821,35.7420942468543,35.853201622814936,22509700
2015-04-17,35.57115173339844,35.67371386738792,35.1780066673022,35.61388432575015,42387600
2015-04-20,36.673683166503906,36.8958946813405,35.62244537421012,35.665177981645364,46057700
2015-04-21,36.442909240722656,36.8787901466622,36.34889558413617,36.750589113082874,26013800
2015-04-22,36.74205780029297,36.861710404750646,36.36600303166717,36.46856194116105,25064300
2015-04-23,37.04118728637695,37.27194726533912,36.57966732845261,36.65658732144,46309500
2015-04-24,40.912803649902344,41.143563540446465,39.01544998368546,39.02399519728152,130933700
2015-04-27,41.04957580566406,41.13504429702198,40.35729895725762,40.36584417624862,59248200
2015-04-28,42.015350341796875,42.058082959137025,40.76753965784199,40.83591119352829,60730800
2015-04-29,41.92987823486328,42.14354454683413,41.451264522344474,41.63929192017136,47804600
2015-04-30,41.57090759277344,42.34010744341384,41.53672020823643,41.62218866957894,64725500
2015-05-01,41.5880126953125,41.77604010156561,41.36580115543191,41.519641167768214,38937300
2015-05-04,41.22904586791992,41.767482533634784,41.177764788204335,41.34014998353743,34039500
2015-05-05,40.682071685791016,41.160685482906,40.43422119791642,40.87009911685222,50369200
2015-05-06,39.553897857666016,40.82735022915119,39.33168637701902,40.65641656542125,52433000
2015-05-07,39.91285705566406,40.246175891564114,39.45133716274631,39.54535083652085,32971700
2015-05-08,40.81025314331055,41.00682569915369,40.61368058746741,40.63931949379402,35364900
2015-05-11,40.485477447509766,40.94699729931836,40.485477447509766,40.63931739811263,24609400
2015-05-12,40.4683837890625,40.750424785484356,39.67354513042203,40.04105131711764,29928300
2015-05-13,40.70771026611328,41.297428165550585,40.65642917300546,41.18632076062838,34184600
2015-05-14,41.63929748535156,41.724762717446836,41.04957629890946,41.04957629890946,32980900
2015-05-15,41.280330657958984,41.80167697875867,41.066664346830535,41.76748958650872,28642700
2015-05-18,41.03245544433594,41.211937529414584,40.6905914819176,41.00681654373361,24136500
2015-05-19,40.92924118041992,41.12709125131741,40.58515210317764,40.912036398410144,28574800
2015-05-20,40.92924118041992,41.230316661899444,40.66257198148332,40.76579739206535,25047900
2015-05-21,40.79161071777344,40.94645050396768,40.4389208228815,40.67118050217287,22410700
2015-05-22,40.344295501708984,40.73139164806481,40.27547636721563,40.688381329744935,25720600
2015-05-26,40.077632904052734,40.327097385621286,39.733543737649384,40.28408706019024,29581900
2015-05-27,40.955055236816406,41.09269024006445,40.10343639820347,40.275480972632856,27335600
2015-05-28,40.81743240356445,41.30775745392171,40.76581803140326,40.86044273962629,19283700
2015-05-29,40.30989456176758,40.920649744466445,40.077634855358646,40.80021951480499,36519600
2015-06-01,40.6281623840332,41.092681653485066,40.10342801833498,40.48192665928538,28837300
2015-06-02,40.36150360107422,40.73139830574414,40.10343836749642,40.37010763503072,21498300
2015-06-03,40.30126953125,41.06686740083852,40.275464004474586,40.74858392372075,28002200
2015-06-04,39.87978744506836,40.56796257686651,39.74215241870873,40.24968219368697,27745500
2015-06-05,39.690521240234375,40.01740551992345,39.43245608531205,39.83676023962546,25438100
2015-06-08,39.33784103393555,39.93999539675624,39.286226677758705,39.82816593244505,22121600
2015-06-09,39.2690315246582,39.518492749497376,39.1055876777371,39.36365293740254,24406100
2015-06-10,40.09482955932617,40.28407889061617,39.30342594968539,39.3894498645794,28417400
2015-06-11,39.9485969543457,40.36150196765553,39.68193097908078,40.137846316000044,27347800
2015-06-12,39.54429244995117,39.97440221066336,39.48407734596963,39.759347330307264,23931000
2015-06-15,39.12277603149414,39.26901502880947,38.72707591413149,39.096970500811146,33254500
2015-06-16,39.42385482788086,39.77654463407841,38.967936335862234,39.01094664754946,27070300
2015-06-17,39.54429244995117,39.630313089502785,39.01955801684597,39.33783832095941,28704100
2015-06-18,40.18946075439453,40.258276616013156,39.71633734930303,39.7593509544767,32658300
2015-06-19,39.65612030029297,40.284083465160045,39.561498905379864,40.24967389529499,63837000
2015-06-22,39.7679557800293,40.18946487097369,39.707740664391196,39.853979717710644,20318100
2015-06-23,39.49267578125,39.81095606669761,39.243211347112506,39.68192511493732,25896500
2015-06-24,39.26041793823242,39.78515236472786,39.18299805102036,39.28622347347744,34890900
2015-06-25,39.2690315246582,39.6217214785458,39.13999725408657,39.59591265554479,20616000
2015-06-26,38.93352508544922,39.81094918801747,38.73567503508721,39.26901337760355,49835300
2015-06-29,38.16793441772461,38.90772363758672,38.15933366744845,38.744283130526554,34081700
2015-06-30,37.97869110107422,38.46901593888303,37.79804251755765,38.46041190651341,35945400
2015-07-01,38.23676300048828,38.90773325814261,37.935684162749894,38.24536375289111,28343900
2015-07-02,38.19375228881836,38.494827842030986,37.90127748792148,38.262568151776634,21752000
2015-07-06,38.18514633178711,38.262566224639215,37.80665090088638,37.81525165276895,23034000
2015-07-07,38.10771179199219,38.27115554823557,37.26469732799681,38.142121349251425,36435800
2015-07-08,38.05611038208008,38.623855094836195,37.87546180142559,38.22815164902443,39785900
2015-07-09,38.29697799682617,38.899132389018654,38.279773210594676,38.494828116272174,32424700
2015-07-10,38.374393463134766,38.83030876045489,38.339983894644966,38.71847930360157,25465800
2015-07-13,39.17439651489258,39.243212367992875,38.66686688255468,38.69267241728267,28178300
2015-07-14,39.24320983886719,39.53568457901734,38.97654391325866,39.09697410953048,22880300
2015-07-15,39.363643646240234,39.475473102241565,39.07977291205476,39.29482779126199,26629600
2015-07-16,40.137840270996094,40.163645804979815,39.544290019032516,39.578696303851856,26271700
2015-07-17,40.10343551635742,40.24107051657897,39.79375594548962,40.04322040885282,29467100
2015-07-20,40.36150360107422,40.542152217908416,39.94859857105425,40.12924718788844,30631900
2015-07-21,40.671173095703125,40.7141866918508,39.98299821653694,40.24106338603968,42781900
2015-07-22,39.17439651489258,40.37010108561823,38.88192175589316,39.088372596671014,59152400
2015-07-23,39.66473388671875,39.76795933969849,38.795910086495134,38.94214915290459,33934000
2015-07-24,39.51849365234375,39.84537807217621,39.39806341384702,39.492688110230986,32333200
2015-07-27,39.01095962524414,39.578704460224756,38.924938973253376,39.51848934753572,39701400
2015-07-28,39.002357482910156,39.26042271116464,38.52923735086404,39.20881163440019,34328900
2015-07-29,39.81956481933594,40.24107057245339,38.93353642779455,39.05396992444822,40945900
2015-07-30,40.327083587646484,40.7743980383305,39.509874558156,39.793745234056104,39777900
2015-07-31,40.1722526550293,40.74859816427044,40.00020809295771,40.67978230832806,31201500
2015-08-03,40.26688766479492,40.43032823590589,39.95720802986641,40.41312344713454,24125900
2015-08-04,40.894832611083984,41.041068339509025,40.15504337405285,40.21525847181337,33403900
2015-08-05,40.92924118041992,41.6432215857042,40.89483161640037,41.273326976185565,26959700
2015-08-06,40.10343551635742,41.09268933646541,39.853974334471474,41.04107498082836,27368000
2015-08-07,40.2066650390625,40.24107132870432,39.7937567485875,39.905586213986034,19163000
2015-08-10,40.71419906616211,40.85183408382691,40.292689978732476,40.38731466865409,23079900
2015-08-11,39.92279815673828,40.37871357063084,39.484087531489685,40.27548812024492,29237400
2015-08-12,40.2066650390625,40.34430004206173,39.32063663086998,39.73354163986767,30181400
2015-08-13,40.19806671142578,40.516347085762554,39.99161581836109,40.48194079123696,22627200
2015-08-14,40.43031692504883,40.516337563362384,40.01741195448515,40.0260127057257,21473400
2015-08-17,40.70560073852539,40.81743023151795,40.06043588749448,40.266890083674745,21099700
2015-08-18,40.93072509765625,41.069267718910154,40.43716680299441,40.558391183702,23574100
2015-08-19,40.35923385620117,40.766204225878546,40.09080609914131,40.50643393699384,31485500
2015-08-20,39.53663635253906,40.238010199404705,39.53663635253906,39.891652010136525,36238200
2015-08-21,37.29396438598633,39.38076376180384,37.29396438598633,39.22490295339295,70053100
2015-08-24,36.09038543701172,36.964935063882564,34.39323759879483,35.0253384782394,88753700
2015-08-25,35.04266357421875,37.44118571936234,34.97339060247649,36.86103614193076,70616600
2015-08-26,36.98225021362305,37.09481710971609,35.55353025307851,36.37612509258165,63408000
2015-08-27,38.01266098022461,38.055954920579765,37.172744664247816,37.43251160949464,50943200
2015-08-28,38.03863525390625,38.22913254804704,37.571052788169276,37.57971355778429,28246700
2015-08-31,37.68362045288086,38.03863604279593,37.31994409317116,37.71825692582766,34441700
2015-09-01,36.21160888671875,36.878346228244446,36.07306627699369,36.51466981326845,49688900
2015-09-02,37.545082092285156,37.56240033070882,36.263562176980045,36.679189989799305,37671500
2015-09-03,37.66630172729492,38.081929487911864,37.475804431677055,37.588371315734506,28285200
2015-09-04,36.89566421508789,37.26799809551259,36.54064857364996,37.06884330183925,37138800
2015-09-08,38.00400161743164,38.09925027160923,37.40653729093045,37.49312517484678,32469800
2015-09-09,37.29396438598633,38.44560221445399,37.15542181218948,38.28108063717832,33469500
2015-09-10,37.48446273803711,37.91740870645117,37.01688029940218,37.337259391156216,31366600
2015-09-11,37.64897918701172,37.74422782393182,37.181396771103294,37.354575810674795,27132500
2015-09-14,37.268001556396484,37.614356458947015,37.112140694157915,37.60569899020783,23656000
2015-09-15,38.081932067871094,38.35035979323471,37.302631202587,37.39787655373276,28882200
2015-09-16,38.359004974365234,38.428277901864924,37.960695550587,38.07326240621649,23372200
2015-09-17,38.31572341918945,38.965142460192666,38.168523355391095,38.350359894124146,32768200
2015-09-18,37.64897918701172,38.09058590307483,37.51909738466968,37.66629742128041,63143700
2015-09-21,38.194496154785156,38.50621779925429,37.75288939074863,37.77020762689867,26177200
2015-09-22,38.01266098022461,38.14254280129006,37.50178455655562,37.56239673367602,28085900
2015-09-23,37.986690521240234,38.24645752493953,37.674968795554406,38.03864524322676,17145200
2015-09-24,38.02131271362305,38.211809986198766,37.46714243316505,37.62300323743329,27905600
2015-09-25,38.047298431396484,38.73135399656609,37.891437586089076,38.514880967318724,29384600
2015-09-28,37.48446273803711,38.17717562687648,37.41518979759537,37.95204517667204,27613800
2015-09-29,37.61436080932617,37.7269277346547,37.27666333645761,37.55374861179166,32763600
2015-09-30,38.324378967285156,38.359015440485436,37.80484508174449,37.995342381230145,34958900
2015-10-01,38.627437591552734,38.748661927184,37.88277004054302,38.748661927184,28657900
2015-10-02,39.458709716796875,39.458709716796875,38.02998617767158,38.333050448182576,41839000
2015-10-05,40.376564025878906,40.60169459923385,39.57128381987666,39.61457777977753,34369300
2015-10-06,40.48045349121094,40.852787338374036,40.02153175996547,40.11678041432571,27017200
2015-10-07,40.52375411987305,40.99999416714017,39.7877470743799,40.78352111809906,27711500
2015-10-08,41.08659744262695,41.14720964992107,40.26399895391275,40.31595369007238,33772700
2015-10-09,40.79217529296875,41.16450914135563,40.627653688309024,41.086578724178935,28600600
2015-10-12,40.69692611694336,40.75753829584697,40.263980094422685,40.67960787966861,19769100
2015-10-13,40.601680755615234,40.80949631664661,40.31593807520291,40.31593807520291,19987800
2015-10-14,40.41984176635742,40.783514847333116,40.289956635656914,40.393866061463754,24697800
2015-10-15,40.70558166503906,40.72289990149738,40.28995389938708,40.70558166503906,27189400
2015-10-16,41.13854217529297,41.16452119070028,40.61035064106081,40.714256793338954,26450300
2015-10-19,41.23377227783203,41.45890602662551,40.7142384474272,41.06059323332524,29387600
2015-10-20,41.36366653442383,41.398303011608036,40.714247451243224,41.07792055232856,30802200
2015-10-21,40.87009811401367,41.55415350396855,40.79216771132115,41.493538032438416,25144300
2015-10-22,41.588802337646484,42.38542489897053,40.7748648386368,41.15585622693814,56637100
2015-10-23,45.779727935791016,46.818799423590484,45.24287559995622,45.28616955713178,135227100
2015-10-26,46.974647521972656,47.0352597061388,45.45933631158644,45.48531201819585,64633300
2015-10-27,46.489742279052734,47.07854912848284,46.39449692959679,46.74951253265471,50999900
2015-10-28,46.74085998535156,46.74085998535156,45.77106165813949,46.35986861115453,47000800
2015-10-29,46.204002380371094,46.610972719047055,46.082778016454725,46.359863220582476,30202100
2015-10-30,45.58055114746094,46.74950724715981,45.56323291230441,46.16935793032061,46619800
2015-11-02,46.10009765625,46.20400378517807,45.56324216670303,45.76239695678028,30285000
2015-11-03,46.88805389404297,47.0958661277232,45.80568887620371,45.83166457963476,36596900
2015-11-04,47.104530334472656,47.520158135274244,46.81012689601534,46.914033020436705,37087800
2015-11-05,47.08721160888672,47.36429680655145,46.75817169799131,47.18246026491824,31468500
2015-11-06,47.55478286743164,47.606737571978876,46.72352741336929,46.83609428833051,32851200
2015-11-09,46.896724700927734,47.511507413192014,46.377190665826035,47.23442215405552,32513100
2015-11-10,46.33388900756836,46.870744536359496,46.126076734521135,46.81878981653942,55283700
2015-11-11,46.455116271972656,46.93135630515922,46.290594645571055,46.49841021987753,36516300
2015-11-12,46.16936492919922,46.74085356353512,46.05679803517539,46.307907528337736,35361100
2015-11-13,45.75373458862305,46.143386659265616,45.48530687259907,45.952889357370154,36848200
2015-11-16,46.55901336669922,46.66291948211763,45.76239100684912,45.961549074148536,32165200
2015-11-17,46.17546463012695,46.663630513908295,46.07085480470466,46.34980768840276,31551300
2015-11-18,46.94257354736328,47.0558991717673,46.18417076178559,46.20160572903082,29710000
2015-11-19,47.021026611328125,47.64867209558489,46.881550206535486,47.06461568969691,28149200
2015-11-20,47.23896408081055,47.334854743533384,46.43697549327442,47.29126898558123,37147600
2015-11-23,47.23896408081055,47.474331164208365,46.855404755299375,47.29126898558123,28235900
2015-11-24,47.29127502441406,47.456902255933976,46.70721847743808,47.003602999511436,24600000
2015-11-25,46.803104400634766,47.27383861319427,46.803104400634766,47.15179714891155,21005100
2015-11-27,47.012325286865234,47.14308591153129,46.890283810713356,46.898999633846714,9009100
2015-11-30,47.37845230102539,47.91020732646295,47.073348593994496,47.54408287802588,56241400
2015-12-01,48.13685607910156,48.14557190224602,47.3348640091976,47.43075469069077,39952800
2015-12-02,48.128135681152344,48.78193213758112,47.99737838509503,48.22402636015615,47274900
2015-12-03,47.24769592285156,48.61630970764594,47.01232877621175,48.372226737225866,38627800
2015-12-04,48.738338470458984,49.01729131394586,47.16050874761494,47.177943716005394,43963700
2015-12-07,48.651161193847656,48.79063759907783,48.19786204550465,48.63372622752141,30709800
2015-12-08,48.63374710083008,48.90398088142009,47.93636477536697,48.35479417064484,32878000
2015-12-09,47.92763137817383,48.70346919245212,47.51791792890677,48.267604952935756,36373200
2015-12-10,48.18043899536133,48.520412609357294,47.9537877024436,48.28504549381071,31775800
2015-12-11,47.12565231323242,48.03224758765841,47.082063220152904,47.69227394407605,39549500
2015-12-14,48.06711196899414,48.12813270178622,46.79438907735859,47.36101396800564,46768900
2015-12-15,48.11941146850586,48.7296220531906,48.02352080622081,48.520405760443204,39843000
2015-12-16,48.93013000488281,49.03473651166772,47.73585936134661,48.415809968900746,37503300
2015-12-17,48.55527877807617,49.50546298906571,48.40708320185486,49.13061946291697,41280900
2015-12-18,47.1866569519043,48.81678805033596,47.09948212087225,48.61629092703194,84684200
2015-12-21,47.7968635559082,48.2501593386579,47.27382458866088,47.84044930516727,37246300
2015-12-22,48.25017166137695,48.36349729869662,47.509203758596854,47.936352191336915,28322200
2015-12-23,48.65987777709961,48.712182676898266,48.32862006246782,48.55527130288215,27279800
2015-12-24,48.52912521362305,48.78192728304259,48.3199122305989,48.6947557610126,9558500
2015-12-28,48.77321243286133,48.77321243286133,47.92763468572346,48.250173314117916,22458300
2015-12-29,49.29624557495117,49.55776345756757,48.86910047593313,49.06959763011837,27731400
2015-12-30,49.087032318115234,49.496742445896956,49.0695973493232,49.22650874307119,21704500
2015-12-31,48.36350631713867,48.982432876085646,48.311201399688414,48.85167557053147,27334100
2016-01-04,47.77070999145508,47.77070999145508,46.541573226190906,47.35228080810765,53778000
2016-01-05,47.98866271972656,48.28505060116747,47.544082560255696,47.884056210212414,34079700
2016-01-06,47.11692810058594,47.422035092446684,46.75951952326034,47.352295211319465,39518900
2016-01-07,45.47807693481445,46.62876168212536,45.39090540981812,45.940095328360506,56564900
2016-01-08,45.617549896240234,46.445689236415,45.46063851432964,45.652416505813676,48754000
2016-01-11,45.59139633178711,46.07084630434541,44.859144315839494,45.77445850442899,36943800
2016-01-12,46.00982666015625,46.28877949893389,45.382184435596635,45.99239169206013,36095500
2016-01-13,45.016056060791016,47.134356433727504,44.719668258496775,46.898989356136774,66883600
2016-01-14,46.29751968383789,46.56775349867498,44.95505645882601,45.32990012977584,52381900
2016-01-15,44.44944381713867,45.303737466080655,43.88281888372922,44.7283967096348,71820700
2016-01-19,44.07460021972656,45.05093534291781,43.63873590977216,44.876588953859894,43564500
2016-01-20,44.27510070800781,44.789420765158724,42.801877102155004,43.568999276040316,63273000
2016-01-21,44.00486373901367,44.96376729034105,43.847952309257934,44.4581630554879,40191200
2016-01-22,45.58267593383789,45.61754586571044,44.684793477708396,44.815554059540574,37555800
2016-01-25,45.14681625366211,45.89650323661674,45.024774805344855,45.27757352312485,34707700
2016-01-26,45.47807693481445,45.713444042761196,44.93760616400001,45.14682247952395,28900800
2016-01-27,44.649932861328125,45.50422635453675,44.475586503955306,45.33859581861149,36775200
2016-01-28,45.38218688964844,45.51294416936985,44.67608560778363,45.20784052463956,62513800
2016-01-29,48.023521423339844,48.023521423339844,47.07333726043802,47.70969864287609,83611700
2016-02-01,47.692256927490234,48.023514629492574,47.5091947732441,47.84045247524644,44208500
2016-02-02,46.20160675048828,47.29998310818172,45.89650313040123,47.22152741653362,56313800
2016-02-03,45.469364166259766,46.541589957553576,44.68480708707857,46.41954848421,57559800
2016-02-04,45.329898834228516,46.03600037859136,44.78070874416853,45.41707038644941,46987100
2016-02-05,43.725914001464844,45.32989503574491,43.202878081204915,45.27759011356641,62009000
2016-02-08,43.07209396362305,43.211570354701415,42.00858440328833,43.19413539014419,59290500
2016-02-09,42.95878219604492,43.79564413749322,42.427027244570446,42.73213423454427,46740500
2016-02-10,43.3336296081543,43.926405345443,43.16800236479277,43.490541028341354,38237000
2016-02-11,43.31619644165039,43.68232421247238,42.28755634439091,42.43575194757963,48878600
2016-02-12,44.02229309082031,44.17920450054081,43.368496658778426,43.80436094680635,34243300
2016-02-16,44.856380462646484,44.856380462646484,44.01351328612884,44.689564047270004,37291200
2016-02-17,46.02409362792969,46.331391198956865,45.1724482064823,45.20756850304355,40789000
2016-02-18,45.822166442871094,46.48943881879846,45.74314743386013,45.94508750630988,27176000
2016-02-19,45.49729919433594,45.901172526999495,45.24268208707847,45.62899862202237,33559100
2016-02-22,46.22602844238281,46.53332262947908,45.90117075973196,45.90117075973196,25008300
2016-02-23,44.93540573120117,45.98020977168361,44.75980754097753,45.95387121538999,28895300
2016-02-24,45.093421936035156,45.21633960490551,44.074956944924,44.50516878597024,33014500
2016-02-25,45.74314498901367,45.74314498901367,44.43494555884315,45.418290569000746,26939500
2016-02-26,45.04075241088867,46.25237594617397,44.865154263139836,46.182135347372,35975900
2016-02-29,44.67198944091797,45.34803998330438,44.47883118616318,45.084641145273174,31654000
2016-03-01,46.164581298828125,46.17335969957361,44.70711893011174,44.75102098160805,33024500
2016-03-02,46.48943328857422,46.49821168886163,45.795822441904946,46.01531929090742,29289900
2016-03-03,45.96263885498047,46.50699345213167,45.462186307047624,46.50699345213167,24427800
2016-03-04,45.68168258666992,46.05043903011936,45.400726891306576,46.00654033070435,33034200
2016-03-07,44.80369186401367,45.47974250226667,44.408600249452064,45.26902742106792,38407800
2016-03-08,45.34805679321289,45.769490401325044,44.42616721688243,44.601765390909975,33835100
2016-03-09,46.39285659790039,46.401634998653044,45.53242930611979,45.55876785763404,28251600
2016-03-10,45.69925308227539,46.48066149623854,44.91784466831224,46.471883094070606,38387800
2016-03-11,46.594791412353516,46.594791412353516,45.9889813073753,46.53333256181614,32275700
2016-03-14,46.68257522583008,47.051331570979706,46.20846470957368,46.27870194006326,24083600
2016-03-15,47.051361083984375,47.051361083984375,46.305072876989925,46.313851280336685,21104800
2016-03-16,47.7186164855957,47.93811334771759,46.884531088937585,46.9284297915107,31691700
2016-03-17,47.99079895019531,48.28931484868472,47.41132730598136,47.59570388612747,28223900
2016-03-18,46.96354675292969,48.262967682357534,46.928426453666646,48.219065633650686,67625500
2016-03-21,47.28841018676758,47.349869047597224,46.47188149373746,46.75283724303205,23925700
2016-03-22,47.47278594970703,47.630823974614025,46.9372130152174,47.06891248572545,23124100
2016-03-23,47.38499450683594,47.62205157406956,47.18305774939776,47.507912241862904,20129000
2016-03-24,47.595703125,47.70106403990433,47.17426951315255,47.27084867718654,19950000
2016-03-28,47.00742721557617,47.66591749964073,46.82305073985925,47.59567692836488,17025100
2016-03-29,48.0346794128418,48.16637883392761,46.92841700289152,47.11279351300733,23924300
2016-03-30,48.333213806152344,48.85122659299895,48.20151768361916,48.227856238274455,23008300
2016-03-31,48.49125289916992,48.80732895901242,48.166398437334806,48.24541745229543,26360500
2016-04-01,48.78975296020508,48.82487325528298,47.911765678791625,48.3331991719594,24399200
2016-04-04,48.666847229003906,48.868783951412894,48.28931233733513,48.666847229003906,18928800
2016-04-05,47.90299606323242,48.55270489502701,47.81519530943836,48.45612574048169,19272300
2016-04-06,48.394676208496094,48.464916825060016,47.595707615994634,47.72740709742352,21188700
2016-04-07,47.8151969909668,48.21029202379374,47.61326027402333,48.17517172104103,19225100
2016-04-08,47.780086517333984,48.535156435565,47.692289091647304,47.99958343080778,22167200
2016-04-11,47.683502197265625,48.42101182917158,47.67472044670655,47.841540214763796,21414200
2016-04-12,47.98200225830078,48.09613818388022,47.20059082978347,47.736163562559945,24944300
2016-04-13,48.59660339355469,48.67562239700991,48.19272997556412,48.394666684559404,20818000
2016-04-14,48.60539245605469,48.798550793395584,48.35077525669747,48.48247473202204,20877100
2016-04-15,48.86001205444336,49.09706576285609,48.38589793910399,48.5527143800166,28793800
2016-04-18,49.571170806884766,49.68531011359953,48.47368649031759,48.719525254722946,23786000
2016-04-19,49.509700775146484,49.84333686984867,48.88633062789796,49.72041919002565,29596800
2016-04-20,48.807308197021484,49.606276408749714,48.7195108174161,49.4218999020252,36195700
2016-04-21,48.97413635253906,49.36923135442571,48.65806035102975,48.991696502540265,38909100
2016-04-22,45.462181091308594,46.032874173112006,44.57541539648554,45.576320377520425,126834100
2016-04-25,45.751930236816406,45.769490389140145,45.33049662881645,45.4621927473596,33226900
2016-04-26,45.163665771484375,45.96263408520596,44.85637155438214,45.8836150937717,33532600
2016-04-27,44.724674224853516,45.216348344624286,44.38225969560042,45.19878819578362,43369300
2016-04-28,43.81157302856445,44.57542113624988,43.5130571756721,44.44372168525825,43134800
2016-04-29,43.785240173339844,44.11887639531524,43.32868622465163,43.32868622465163,48411700
2016-05-02,44.43494415283203,44.55786185655533,43.70621298182075,43.89937128724662,33114500
2016-05-03,43.70622253417969,44.259355671082595,43.54818449506457,44.1978968057886,26460200
2016-05-04,43.785240173339844,43.95205995895597,43.42526539542794,43.758901617403346,24257600
2016-05-05,43.846702575683594,44.1627786694604,43.66232597073283,43.78524370736667,25390700
2016-05-06,44.24178695678711,44.24178695678711,43.60085652183246,43.8291317845775,24787300
2016-05-09,43.960838317871094,44.4173922661095,43.89937945457524,44.32959484690309,17951600
2016-05-10,44.794925689697266,44.865162952847044,44.066194407634924,44.18911547934634,22891000
2016-05-11,44.82124328613281,45.46217350298553,44.777344598534306,44.89148386569457,24039100
2016-05-12,45.225128173828125,45.48852706550728,44.70711548905172,44.95295423133519,24102800
2016-05-13,44.84759521484375,45.567544570198194,44.81247491720306,45.16366784584215,22592300
2016-05-16,45.5060920715332,45.620228030902204,44.557863998503265,44.60176270204953,20032000
2016-05-17,44.65732955932617,45.73596742086206,44.52471230642622,45.72712761974177,27803500
2016-05-18,44.92257308959961,45.21433375892783,44.47166563788857,44.630809047588606,24907500
2016-05-19,44.48933792114258,44.75457574933447,44.04727374992878,44.62195852157951,23842400
2016-05-20,44.75458526611328,45.285064407982055,44.56007928284249,44.63080781148204,23905800
2016-05-23,44.23295211791992,44.80763704840755,44.18874636311693,44.73690514257644,26118700
2016-05-24,45.612178802490234,45.7182732533731,44.56006734725417,44.82530516080223,34757900
2016-05-25,46.08075714111328,46.4078869771878,45.78899661232492,45.90393084076944,24040200
2016-05-26,45.87743377685547,45.95700548795249,45.40884668521913,45.9127997312726,24335200
2016-05-27,46.257591247558594,46.257591247558594,45.771321369064445,45.903938587191,17721400
2016-05-31,46.85881423950195,46.85881423950195,46.04541757347761,46.20455761330959,37653100
2016-06-01,46.72618103027344,46.814595887145316,46.36368854880357,46.36368854880357,25324800
2016-06-02,46.39906692504883,46.62894224183316,45.83322518016868,46.540527361268865,22840800
2016-06-03,45.78900909423828,46.34600753903753,45.6210225454126,46.31064496747398,23368300
2016-06-06,46.08961868286133,46.28412465535843,45.87742636333063,45.96584123508613,18243300
2016-06-07,46.06309509277344,46.62009701137341,46.06309509277344,46.18687592010441,20866800
2016-06-08,46.01004409790039,46.36369344468653,45.859740511687505,45.992361124658736,21149400
2016-06-09,45.63870620727539,45.974675937322196,45.523771945763215,45.974675937322196,20305700
2016-06-10,45.51492691040039,46.01887979850385,45.125911651787085,45.13475145127926,25833200
2016-06-13,44.330196380615234,44.84299245929007,43.375339485150576,43.83508664692323,83217800
2016-06-14,44.05612564086914,44.294837372606096,43.82625033764318,44.118014367272444,42577100
2016-06-15,43.932334899902344,44.312510346393275,43.932334899902344,44.011906583416305,33757600
2016-06-16,44.55122756958008,44.62195945734495,43.77319366757671,43.78203683988834,31188600
2016-06-17,44.32135772705078,44.58659557305713,44.04727670832431,44.56891260029908,45710500
2016-06-20,44.26830291748047,44.9402423021348,44.23293697667093,44.77225576963034,35607900
2016-06-21,45.2585334777832,45.47072578665242,44.34788226689294,44.3832482138182,34097800
2016-06-22,45.08171081542969,45.497248890426576,45.04634486824797,45.16128251024737,28816800
2016-06-23,45.89511489868164,46.02773553604296,45.223178655335445,45.33811294352016,29028800
2016-06-24,44.05612564086914,45.03750546212838,43.782044586309766,44.03844266579925,133503000
2016-06-27,42.81833267211914,43.45490611003224,42.47352318414345,43.41069699809139,50216300
2016-06-28,43.71131896972656,43.73784512248597,43.03053950874251,43.25157166986656,38140700
2016-06-29,44.68385314941406,44.842996541927405,44.02959660545007,44.126851275617376,31304000
2016-06-30,45.240848541259766,45.3557861774384,44.64848413303565,44.842993460002226,28527800
2016-07-01,45.23200607299805,45.72711916121413,45.15243438690407,45.20548330186072,21400400
2016-07-05,45.240848541259766,45.33810320474305,44.860676432697566,44.94024812348551,24806400
2016-07-06,45.426517486572266,45.56797789364153,44.55122889911219,44.896038430550895,28167500
2016-07-07,45.426517486572266,45.629866610941704,45.15243647232712,45.46188005882797,19585200
2016-07-08,46.23991775512695,46.29296667686011,45.576821410533306,45.73596480305037,28391000
2016-07-11,46.49632263183594,46.708514977182894,46.39022814550392,46.41675092391619,22269200
2016-07-12,47.04446792602539,47.212454468299384,46.67313564397499,46.80575287070073,27317600
2016-07-13,47.309715270996094,47.61916227431492,47.01795461535091,47.353924394814946,25356800
2016-07-14,47.5130500793457,47.734082125286186,47.371589704851054,47.601461548649354,24545500
2016-07-15,47.47769546508789,47.742933308934425,47.04447106774889,47.69872756374036,32024400
2016-07-18,47.70757293701172,48.04354271056322,47.345080387781756,47.477701011539146,31433900
2016-07-19,46.938392639160156,47.65453809759899,46.79693218260619,47.48655148672137,53336500
2016-07-20,49.43162536621094,50.25386515875923,49.09565558461378,49.64381769476773,89893300
2016-07-21,49.334354400634766,49.714529808125334,49.29898846210505,49.49349775133693,32776700
2016-07-22,50.01515197753906,50.06820090488925,49.31668961116733,49.58193087523552,32157200
2016-07-25,50.15659713745117,50.165440308991336,49.74105576478879,49.92672526763306,25610600
2016-07-26,50.18312454223633,50.651714869379205,49.96209245085941,49.970935623216434,28079000
2016-07-27,49.679176330566406,50.218495224035884,49.60844780844776,50.05051203290702,32327500
2016-07-28,49.69686508178711,49.8383255151523,49.263643980154946,49.511198895373326,37550400
2016-07-29,50.11240768432617,50.183136216225535,49.555405740131256,49.74107193063528,30558700
2016-08-01,50.02398681640625,50.174287026496835,49.6349681593582,50.041666416560965,26003400
2016-08-02,50.02398681640625,50.30690763643271,49.785271742131,50.262698517999276,35122000
2016-08-03,50.368812561035156,50.49259003803649,49.94443119445203,50.11241443142765,22075600
2016-08-04,50.74013137817383,50.8550690214152,50.10355781275379,50.21849545599517,26587700
2016-08-05,51.244075775146484,51.46510785151204,50.79317182334076,50.96999815896957,29335200
2016-08-08,51.33249282836914,51.35901559941105,51.08493459881076,51.33249282836914,19473500
2016-08-09,51.45627975463867,51.72151763206144,51.29713635364849,51.42975360601858,16920700
2016-08-10,51.2971305847168,51.56236843231063,51.120304228760176,51.420908022081775,15756900
2016-08-11,51.544681549072266,51.67730214914919,51.30596649254298,51.30596649254298,18162300
2016-08-12,51.22639846801758,51.44743056882092,50.94347764880387,51.30597015921407,21655200
2016-08-15,51.38554382324219,51.72151357371309,51.24408340820428,51.28828915552569,19283900
2016-08-16,51.100852966308594,51.26098822655565,50.949615994799046,51.25209333152094,20523500
2016-08-17,51.20761489868164,51.314370613511414,50.914032440771045,51.18982171392618,18856400
2016-08-18,51.24319839477539,51.332164319455984,50.949619327586994,51.083063124053346,14214300
2016-08-19,51.26099395751953,51.358854782356076,50.88734723763802,51.091963783340255,17271000
2016-08-22,51.30547332763672,51.37664606805045,50.94072151727401,51.24319887662624,15221900
2016-08-23,51.501197814941406,51.759193922638005,51.46561144276879,51.51009610483618,18732400
2016-08-24,51.554569244384766,51.634636872296944,51.34995272720979,51.421122066630225,18151500
2016-08-25,51.750282287597656,51.85704137658491,51.40332373264497,51.49228964013435,18552600
2016-08-26,51.625736236572266,52.22179597141845,51.323258921956864,51.84814592691587,20971200
2016-08-29,51.688026428222656,52.13284594445075,51.688026428222656,51.75919917979687,16417200
2016-08-30,51.501197814941406,51.76808881882954,51.25209999713958,51.581265455478174,16930200
2016-08-31,51.118656158447266,51.421133554390295,50.976314054103696,51.28768974052639,20860300
2016-09-01,51.23430252075195,51.43891905305528,50.71831034856734,50.71831034856734,26075400
2016-09-02,51.30547332763672,51.76808595921678,51.083063604398404,51.30547332763672,18900500
2016-09-06,51.25210952758789,51.42113973628451,50.89625252709578,51.403346546889516,16278400
2016-09-07,51.296573638916016,51.45670889618121,51.074163936459094,51.12754348678174,17493400
2016-09-08,51.09196090698242,51.412231445252196,50.86955118803986,51.26988936087707,20146100
2016-09-09,50.0066032409668,51.172031456342474,50.0066032409668,50.522595447282235,35113900
2016-09-12,50.75389862060547,50.89624070900976,49.47281982496683,49.81977845334585,29303000
2016-09-13,50.291282653808594,50.3980417583179,49.86425641687991,50.264594574532694,30130200
2016-09-14,50.05109405517578,50.380262964211504,49.8464774703098,50.16674808791006,24062500
2016-09-15,50.87844467163086,51.02078675205582,49.80198247631066,49.95322284572006,26847000
2016-09-16,50.93183517456055,51.269898960890714,50.48701565338535,51.269898960890714,44607000
2016-09-19,50.64714431762695,51.37664796529155,50.575971574584955,50.949621688149094,20937100
2016-09-20,50.540374755859375,51.02077706501793,50.486995213196316,51.02077706501793,17384000
2016-09-21,51.38554000854492,51.465607643170465,50.78058869478896,51.163130289440986,33707300
2016-09-22,51.43891906738281,51.5990543350914,51.269888904225056,51.52788159668627,19822200
2016-09-23,51.09196090698242,51.51898716010779,51.04747964193451,51.48340079058826,19955300
2016-09-26,50.620452880859375,50.833964308428094,50.55817843167659,50.78058814838739,21688700
2016-09-27,51.554569244384766,51.65243005557773,50.4247275588252,50.64713725928095,28065100
2016-09-28,51.625736236572266,51.65242770713123,51.30546573948507,51.492292458587634,20536400
2016-09-29,51.065277099609375,51.75029610481319,50.89624352709914,51.43002893344787,25463500
2016-09-30,51.24319839477539,51.394438769880885,51.011893778011896,51.216510314222724,29910800
2016-10-03,51.08306884765625,51.19872286584796,50.762801664030846,51.07417395104307,19189500
2016-10-04,50.92292785644531,51.243194982862114,50.68272496635562,50.94961593522101,20085900
2016-10-05,51.27879333496094,51.56347755411255,50.94072955207955,50.96742103079623,16726400
2016-10-06,51.367759704589844,51.474515439239624,50.9585231666424,51.367759704589844,16212600
2016-10-07,51.42112731933594,51.58126259151823,51.08306358987297,51.46560858523034,20089000
2016-10-10,51.63463592529297,51.94600814273923,51.48339556703147,51.51898193294037,18196500
2016-10-11,50.87844467163086,51.61684654700608,50.611553695046915,51.50119254612864,26497400
2016-10-12,50.80727767944336,50.949619766455385,50.175634880433925,50.80727767944336,22177500
2016-10-13,50.638248443603516,50.97631220177406,50.10446642013705,50.44253017830759,25313700
2016-10-14,51.08306884765625,51.36775644482895,50.81617783111671,50.81617783111671,27402500
2016-10-17,50.90514373779297,51.118655193425916,50.59376805724844,51.02969265252942,23830000
2016-10-18,51.296573638916016,51.5545697082547,51.074163936459094,51.18091964340165,19149500
2016-10-19,51.18092727661133,51.45671657052257,51.06527665755137,51.12755111203081,22878400
2016-10-20,50.93183517456055,51.17203812323959,50.40694800382567,51.15424493514815,49455600
2016-10-21,53.07585906982422,53.77867464751115,52.92462207887306,53.62743426285676,80032200
2016-10-24,54.26798629760742,54.26798629760742,53.316072711096524,53.32496760906313,54067000
2016-10-25,54.259071350097656,54.59713164717298,54.090037807857335,54.1345190686617,35137200
2016-10-26,53.93881607055664,54.44591005303664,53.796473959574605,54.098951369624395,29911600
2016-10-27,53.4672966003418,54.11673598462431,53.45840170455987,53.92101434039106,28479900
2016-10-28,53.26268005371094,53.84094669685387,53.00468735163006,53.387228956860966,33574700
2016-10-31,53.30715560913086,53.75197501198557,53.30715560913086,53.520670415730315,26434700
2016-11-01,53.200408935546875,53.396130592019276,52.71110818806917,53.3516493229219,24533000
2016-11-02,52.871238708496094,53.316058146801666,52.75558470429981,53.21819732738196,22147000
2016-11-03,52.675514221191406,53.05805918894404,52.586551695822195,52.96019837481624,21600400
2016-11-04,52.230709075927734,52.73780307521218,52.061678874067496,52.17733290360541,28697000
2016-11-07,53.751983642578125,53.84094957365535,53.1826152584969,53.1826152584969,31664800
2016-11-08,53.79646301269531,54.0722488876459,53.51177884866075,53.86763235685249,22935400
2016-11-09,53.529571533203125,53.903221639762144,52.6666240990679,53.378334547629,49632500
2016-11-10,52.221797943115234,53.81425220058907,51.26988470400019,53.80535391216593,57822400
2016-11-11,52.50649642944336,52.59545897576096,51.60795910059894,51.803680774942,38767800
2016-11-14,51.70580291748047,52.55985869203174,50.958506235812166,52.50647914559026,41328400
2016-11-15,52.72686004638672,53.28216493241586,52.234253738857056,52.243212142912725,35904100
2016-11-16,53.42545700073242,53.43441198620581,52.67311180568288,52.78954369998353,27332500
2016-11-17,54.31214904785156,54.58980143836419,53.71206592153548,54.106150209714876,32132700
2016-11-18,54.05241012573242,54.75997358166356,54.007628363745646,54.43753942875168,27686300
2016-11-21,54.509193420410156,54.60771534755251,54.11510571184075,54.186759264900445,19652600
2016-11-22,54.74204635620117,54.86743662472057,54.464397452087795,54.61665608768177,23206700
2016-11-23,54.097190856933594,54.724142306464664,53.96284216538885,54.64353377486365,21848900
2016-11-25,54.213623046875,54.213623046875,53.855365561810736,54.00762422422149,8409600
2016-11-28,54.28528594970703,54.65250189974781,53.92702498626881,54.04346031188069,20732600
2016-11-29,54.715187072753906,55.001794424559414,54.204667513811025,54.321102818178616,22366700
2016-11-30,53.9718017578125,54.79580053081293,53.9359783980877,54.50919315323785,34655400
2016-12-01,53.02241516113281,53.87328229300458,52.78954453558674,53.83745551728528,34542100
2016-12-02,53.06719207763672,53.264235909474145,52.6641494291643,52.9149334196744,25515700
2016-12-05,53.93597412109375,54.26736323451855,53.34484602464152,53.47023631530879,23552700
2016-12-06,53.694156646728516,54.15093611991413,53.55980793404645,54.12406774402959,19907000
2016-12-07,54.96596908569336,54.97492748752493,53.55980066150881,53.74788610042106,30809000
2016-12-08,54.643531799316406,55.154054758751826,54.491273143257565,54.903270771376924,21220800
2016-12-09,55.50337219238281,55.521285583207536,54.75102686089413,54.795808629640966,27349400
2016-12-12,55.68247985839844,55.798915149858885,55.27944066353237,55.369004169807326,20198100
2016-12-13,56.40796661376953,56.80205089490485,55.745188349286074,55.978055557086634,35718900
2016-12-14,56.1392822265625,56.82893239890635,56.00493350360891,56.425889646675536,30352700
2016-12-15,56.049713134765625,56.56023276479139,55.79892910454571,56.1571900525001,27669900
2016-12-16,55.79893112182617,56.38110432914178,55.63771403108123,56.38110432914178,42453100
2016-12-19,56.98117446899414,57.11552315274486,55.9063952488752,56.031788948136054,34338200
2016-12-20,56.90953826904297,57.14240550568106,56.452755365818156,57.043883569039245,26028400
2016-12-21,56.90953826904297,57.05284197235021,56.53336391246784,56.81101633240115,17096300
2016-12-22,56.91847610473633,57.41108222288082,56.79308582920451,57.178215056411545,22176600
2016-12-23,56.64084243774414,56.909536445757986,56.246754703802786,56.82892790169087,12403800
2016-12-27,56.67665481567383,57.38421818572968,56.613959673175614,56.613959673175614,11763200
2016-12-28,56.41691970825195,56.784135581493494,56.27361603617303,56.784135581493494,14653300
2016-12-29,56.33631134033203,56.60500529917004,56.18404926645876,56.300484568052546,10250600
2016-12-30,55.65562438964844,56.416928035954825,55.55710245993341,56.390056244541015,25579900
2017-01-03,56.049713134765625,56.28258035929525,55.64667042247434,56.237798594958356,20694100
2017-01-04,55.79893112182617,56.20197384868853,55.63771403108123,55.96014821257112,21340000
2017-01-05,55.79893112182617,56.12136530331606,55.55710548570876,55.700409186745404,24876000
2017-01-06,56.28257751464844,56.5602299061114,55.5660590715837,55.7989262843437,19922900
2017-01-09,56.10342788696289,56.497515458515494,56.01386439340726,56.210904762555295,20382700
2017-01-10,56.085533142089844,56.48857583027736,55.78101237952921,56.18405506771673,18593000
2017-01-11,56.59605407714844,56.631880853972646,55.91536240063597,56.076579479715406,21517300
2017-01-12,56.07656478881836,56.78412807089682,55.48543679260019,56.47960738092815,20968200
2017-01-13,56.157188415527344,56.309447093160394,55.84370924104771,56.08553486137331,19422300
2017-01-17,56.00492477416992,56.15718686422636,55.55710032296657,56.139273476182694,20664000
2017-01-18,55.97806167602539,56.15719215671462,55.63771410437883,56.13032036380191,19670100
2017-01-19,55.79893112182617,56.407972705389355,55.70936758991442,55.74519436933102,18451700
2017-01-20,56.193016052246094,56.26466619086672,55.86162348415831,56.130317483087396,30213500
2017-01-23,56.39004135131836,56.533345006702284,56.04073890485933,56.157174192555225,23097600
2017-01-24,56.89161682128906,57.08866066666467,56.372138834982216,56.605009455267805,24672900
2017-01-25,57.0349235534668,57.411094460244335,56.82892471166536,57.27674917209357,23672700
2017-01-26,57.56333923339844,57.80516821024517,56.91847448944557,57.42899739432506,43554600
2017-01-27,58.915771484375,59.032210190817246,58.118644673264996,58.56646903156308,44818000
2017-01-30,58.333621978759766,58.92475365008906,58.0380629763553,58.835190108958614,31651400
2017-01-31,57.90370559692383,58.35153006892903,57.55440305542051,58.091791055174916,25270500
2017-02-01,56.94535827636719,57.876833945396314,56.846836351442846,57.64396331982434,39671500
2017-02-02,56.57813262939453,56.79308984309043,56.201961776212954,56.649786172836166,45827000
2017-02-03,57.0349235534668,57.05283694187946,56.48857716508367,56.87370647438228,30301800
2017-02-06,56.99909973144531,57.00805813443079,56.55127524780211,56.87370942268596,19796400
2017-02-07,56.811012268066406,57.124488028927715,56.63188179759014,57.0886646681361,20277200
2017-02-08,56.73040771484375,57.151363837558144,56.6229307916551,56.936406574551064,18096400
2017-02-09,57.37527847290039,57.71562950011494,56.71250006014298,56.89163056132584,22644400
2017-02-10,57.321533203125,57.59023062331835,57.30361981400347,57.54544544219971,18170700
2017-02-13,57.966392517089844,58.09178280478221,57.437956161879285,57.53647807838874,22920100
2017-02-14,58.182647705078125,58.317810876468634,57.68705170154109,58.0384786970302,23108400
2017-02-15,58.14661407470703,58.18265805179989,57.81321931729802,58.11958281055881,17005200
2017-02-16,58.137603759765625,58.78638162482592,58.06552267729246,58.335842204610266,20546300
2017-02-17,58.22770690917969,58.290782141936035,57.93936200590998,58.09254373193472,21248800
2017-02-21,58.110572814941406,58.525068258863136,58.07452883616308,58.21870475127639,20655900
2017-02-22,57.99342346191406,58.02045472192969,57.71409127550642,57.966392201898444,19292700
2017-02-23,58.22770690917969,58.32682611418035,57.840242800909316,58.047487047958136,20273100
2017-02-24,58.22770690917969,58.389901346936696,57.79518611693274,58.1466062529588,21796800
2017-02-27,57.87629699707031,58.15562923795213,57.71410253066146,58.15562923795213,15871500
2017-02-28,57.651023864746094,57.849258872476184,57.45278541967302,57.74113381129886,23239800
2017-03-01,58.51605987548828,58.56110969098759,57.68706214900952,57.78618136766801,26937500
2017-03-02,57.67805480957031,58.34485118390297,57.56091360535515,58.290788656836554,24539600
2017-03-03,57.89431381225586,57.92134507673209,57.32663319685477,57.66003483299511,18135900
2017-03-06,57.912322998046875,58.173636636866874,57.497831072852726,57.64200352231508,18750300
2017-03-07,58.029476165771484,58.37188363530261,57.840250442502786,57.840250442502786,18521000
2017-03-08,58.56110763549805,58.64220830004733,57.89431126721559,57.9033239798734,21510900
2017-03-09,58.32684326171875,58.75034459205403,58.10157352497822,58.7413387523589,19846800
2017-03-10,58.507049560546875,58.804407228710154,58.34485509379291,58.66924402730085,19538200
2017-03-13,58.308799743652344,58.7413205288742,58.182649280188606,58.57912609375158,20100000
2017-03-14,58.038490295410156,58.16464078066861,57.80420787649337,58.14661535438263,14280200
2017-03-15,58.3448600769043,58.498041843397644,57.89432061685098,58.1646470427576,24833800
2017-03-16,58.2457275390625,58.353859459658956,57.939364076066745,58.34484674760466,20674300
2017-03-17,58.4529914855957,58.78638628317512,58.28178429244745,58.48903546703147,49219700
2017-03-20,58.507049560546875,58.73231927133372,58.31782382844825,58.48903100854577,14598100
2017-03-21,57.85826110839844,59.02065342836193,57.78617316421045,58.74132123798942,26640500
2017-03-22,58.59715270996094,58.69627192699853,57.777174584551126,57.777174584551126,20680000
2017-03-23,58.4529914855957,58.78638628317512,58.36287809466303,58.51606673443666,19269200
2017-03-24,58.552101135253906,58.97560237978386,58.353862707137324,58.89450859083729,22617100
2017-03-27,58.660221099853516,58.768353017089886,57.98441208516699,58.23671301736705,18614700
2017-03-28,58.83143615722656,58.993630617538045,58.25474627049367,58.53407850087455,20080400
2017-03-29,58.993614196777344,59.0206454535242,58.52504949755238,58.67823807692428,13618400
2017-03-30,59.20988464355469,59.45317975919039,58.89450845169857,58.94857097753522,15122800
2017-03-31,59.34505081176758,59.642408468166366,58.97560520084441,59.15582508715537,21040300
2017-04-03,59.065711975097656,59.41713212074204,58.74132309070516,59.29998748907061,20400900
2017-04-04,59.22792053222656,59.30000162118131,58.82243089275899,58.921550124094175,12997400
2017-04-05,59.07472610473633,59.78657920792716,58.96660104455123,59.741529391078686,21448600
2017-04-06,59.22792053222656,59.52527135154554,59.00265080186233,59.110775872637745,18103500
2017-04-07,59.182861328125,59.435162315490636,58.96660432105249,59.33604308835609,14108500
2017-04-10,59.04768753051758,59.30900118476158,58.89450579775957,59.11977547817491,17952700
2017-04-11,59.00263595581055,59.11977371123895,58.43495197833205,59.110760999379885,18791500
2017-04-12,58.777366638183594,59.029667574286904,58.669234719274364,58.948566916433755,17108500
2017-04-13,58.52505111694336,59.34503592593415,58.52505111694336,58.831421409480626,17896500
2017-04-17,59.00263595581055,59.01164179298475,58.57912786933766,58.60615913023,16689300
2017-04-18,58.92156219482422,59.20990723377363,58.71431785025734,58.86749964836121,15155600
2017-04-19,58.60616683959961,59.24593197205418,58.47100364267298,59.15582546566501,26992800
2017-04-20,59.02065658569336,59.24592626731814,58.69626769417886,58.98461261167118,22299500
2017-04-21,59.831626892089844,60.101946376543154,58.975598004608806,59.17383641801883,32522600
2017-04-24,60.849849700927734,60.96699434364247,60.46238554552602,60.80479988615604,29770000
2017-04-25,61.201255798339844,61.3093877033467,60.91291092633892,61.18323725151405,30242700
2017-04-26,61.120174407958984,61.55268836624154,60.93094869187468,61.34544409968106,26190800
2017-04-27,61.51665115356445,61.61577037879388,60.89491141084535,61.40852608944957,34971000
2017-04-28,61.6878662109375,62.30060019297161,60.99403842046759,62.09335587717764,39548800
2017-05-01,62.54386520385742,62.67001565037547,61.7238804268064,61.88607484014156,31954400
2017-05-02,62.44475555419922,62.81419423982162,62.29156695315111,62.81419423982162,23906100
2017-05-03,62.24653244018555,62.516851987016366,61.91313077027241,62.516851987016366,28928000
2017-05-04,62.00322723388672,62.246522348746446,61.85004549471451,62.201465660902684,21749400
2017-05-05,62.174442291259766,62.201473557523556,61.71489014071657,62.08433577881838,19128800
2017-05-08,62.12038040161133,62.21949962872851,61.65181553256898,62.14741166815487,18566100
2017-05-09,62.210479736328125,62.426736718408186,61.88609082586528,62.0482852810967,22858400
2017-05-10,62.453758239746094,62.67902789938989,62.10233812067653,62.165413350389414,17977800
2017-05-11,61.6878662109375,61.93116138561899,61.38150265726397,61.59775968777981,28789400
2017-05-12,61.615745544433594,61.82299662493108,61.30938215334029,61.82299662493108,18714100
2017-05-15,61.66083526611328,61.705891965272876,60.8859067884404,61.39952153529921,31530300
2017-05-16,62.902366638183594,62.929552837786986,61.7695622274463,61.83299899788401,34956000
2017-05-17,61.15332794189453,62.6214383114453,61.108012991240685,62.431127964062455,30548800
2017-05-18,61.361751556396484,61.74237219803631,60.84519299585965,61.08081826100849,25201300
2017-05-19,61.34364318847656,61.71519953996763,61.10801787162168,61.171454659149006,26961100
2017-05-22,62.032386779785156,62.07770173647033,61.171457915499964,61.52489245255107,16237600
2017-05-23,62.240806579589844,62.30424335080163,61.968930752059634,62.277057150866504,15425800
2017-05-24,62.3223762512207,62.42206361141901,62.032378543577636,62.413006152557884,14593900
2017-05-25,63.09271240234375,63.32833087403067,62.44927996518028,62.50365239493983,21854100
2017-05-26,63.40081024169922,63.636435546406275,63.00206078974742,63.25581484086552,19827900
2017-05-30,63.808631896972656,63.808631896972656,63.22862948019152,63.24675822882719,17072800
2017-05-31,63.29206466674805,64.10768548236936,63.264878458575936,63.917375111072985,30436400
2017-06-01,63.527679443359375,63.98986564779758,62.9386196791288,63.654553003151754,21603600
2017-06-02,65.03204345703125,65.12266643530728,63.65454929651135,63.83580216715347,34770300
2017-06-05,65.50330352783203,66.05611282233725,65.07736781756489,65.22237015046085,33316800
2017-06-06,65.72079467773438,65.81142458534482,65.49423373689069,65.52142685762855,31511100
2017-06-07,65.60296630859375,65.94733634897949,65.20421695671295,65.82952718323708,22301800
2017-06-08,65.2042465209961,65.72080527283241,64.79643952736986,65.71174781188415,24588300
2017-06-09,63.72705841064453,65.32204930121863,62.159253725542506,65.28579872255888,49187400
2017-06-12,63.2376823425293,63.38268464885086,61.74237890051811,62.75737430249752,47761700
2017-06-13,64.026123046875,64.18018282674137,63.40081263976994,63.45518505287779,25258600
2017-06-14,63.681732177734375,64.43391599497195,62.92049090300455,64.26173441945336,25510700
2017-06-15,63.34642791748047,63.62736121606965,62.34956135769288,62.77549003442524,26068700
2017-06-16,63.43706512451172,63.46425133188189,62.730196076521786,63.19238234408882,48345100
2017-06-19,64.22550201416016,64.28893880499815,63.754251355856454,63.890189311678355,23798300
2017-06-20,63.35549545288086,64.22548850745198,63.319244878012455,64.18017356034393,21512200
2017-06-21,63.681732177734375,63.99892295629482,63.382677056427475,63.62735977642215,19891100
2017-06-22,63.67267608642578,63.97173121414931,63.174239350070174,63.92642318344688,22965700
2017-06-23,64.53360748291016,64.56985805747534,63.364552381020836,63.51861213735529,27617300
2017-06-26,63.91737747192383,64.98674548877179,63.83581884439505,64.70581210849463,19607000
2017-06-27,62.72112274169922,63.60018019623064,62.69393653821316,63.53674341673303,25215100
2017-06-28,63.25581741333008,63.29206107944425,62.34050927689499,62.721129997914694,25806200
2017-06-29,62.06861877441406,62.97486232398858,61.706119971766334,62.87517498040822,28918700
2017-06-30,62.46737289428711,62.875179756940284,62.29518439427839,62.33143496870602,24161100
2017-07-03,61.77861785888672,63.074546343036076,61.642679950797636,62.8298636397471,16165500
2017-07-05,62.60331726074219,62.92956555006647,61.82394711558872,61.86019769374596,21176300
2017-07-06,62.141136169433594,62.331446534925064,61.733329231107795,61.869260267822135,21117600
2017-07-07,62.94770050048828,63.292070693613,62.25895320014659,62.25895320014659,16878300
2017-07-10,63.418941497802734,63.66362427130727,62.71206555570819,62.94769086973971,15014500
2017-07-11,63.42799377441406,64.05330413151727,63.2104972252832,63.43705814723762,17460000
2017-07-12,64.479248046875,64.59705725233933,63.93550314721355,64.06237672666484,17750900
2017-07-13,65.04112243652344,65.28581216433344,64.62425106724262,64.79643962280578,20269800
2017-07-14,65.95640563964844,66.40046305112695,65.21328619195205,65.4670332842255,25868100
2017-07-17,66.47296142578125,66.563584395804,65.9020304919575,65.97453163361146,21803900
2017-07-18,66.42767333984375,66.50923196312183,65.8476778606724,66.23735605734524,26435300
2017-07-19,66.93514251708984,67.09826661647378,66.56357937968075,66.60889431832197,22416200
2017-07-20,67.26141357421875,67.3339147350482,66.40954221970084,67.22516299380402,42361000
2017-07-21,66.8717269897461,67.32484886371313,66.30985337695417,66.56360052012114,46717100
2017-07-24,66.69953155517578,66.83546948610118,66.27359593151837,66.63609477595598,21394800
2017-07-25,67.23421478271484,67.34295958951321,66.6089044872644,66.88078033244022,22018700
2017-07-26,67.10735321044922,67.40640839661484,66.88984972984908,67.37015781651482,16252200
2017-07-27,66.30079650878906,67.44265866322178,65.53954815840943,66.84454137957957,36844200
2017-07-28,66.19203186035156,66.43671458455783,65.73891007071123,65.85671924694537,18306700
2017-07-31,65.88391876220703,66.55454412454257,65.62111415550585,66.42767055093125,23600100
2017-08-01,65.7751693725586,66.53641076141517,65.69360384427212,66.24641305412351,22132300
2017-08-02,65.48516845703125,65.75703740512179,64.74204893637247,65.74797994671539,26499200
2017-08-03,65.385498046875,65.6483096046683,65.11362211423581,65.42174863216637,18214400
2017-08-04,65.86579895019531,66.19204726780401,65.46704946998659,65.61205179518664,22579000
2017-08-07,65.612060546875,66.06518250242787,65.48518695244758,65.97455949413578,18705700
2017-08-08,65.96548461914062,66.27360418110787,65.02299027191941,65.33110983388667,22044600
2017-08-09,65.67547607421875,65.71172664861383,65.29485541420551,65.47610137209084,22213400
2017-08-10,64.71487426757812,65.42174333833053,64.66049493699528,65.15893180180358,24734500
2017-08-11,65.70266723632812,65.88391320789555,64.59704883313128,64.89611090889908,21443700
2017-08-14,66.69047546386719,66.80829157854099,66.11048000638321,66.21016737383432,20096600
2017-08-15,66.70869445800781,67.04578665702347,66.54470121626878,67.04578665702347,19181400
2017-08-16,67.10047149658203,67.51045122195195,66.66315376538186,66.81803437710565,18150400
2017-08-17,65.96163177490234,67.30090908408883,65.96163177490234,67.03669729954126,22977500
2017-08-18,66.04361724853516,66.36249110622053,65.53341907623854,65.84318026629612,18761500
2017-08-21,65.7338638305664,66.03451933947316,65.32387714998549,66.02540667076792,17734800
2017-08-22,66.65403747558594,66.72691796011833,65.91606435566999,65.91606435566999,14343700
2017-08-23,66.25316619873047,66.64492749144351,66.08006027027417,66.4718215629872,13766500
2017-08-24,66.225830078125,66.38071065966356,65.66096290019073,66.27137951043908,17098300
2017-08-25,66.34428405761719,66.82715126046286,66.03452281463316,66.38072778342648,12794300
2017-08-28,66.3533935546875,66.59026733472886,66.09829443714779,66.56293627941099,14569700
2017-08-29,66.55381774902344,66.65403623318191,65.64274567553059,65.82495730985785,11478400
2017-08-30,67.42842864990234,67.6106402370595,66.35336360345157,66.51735681226361,16897800
2017-08-31,68.120849609375,68.29395551170954,67.23711561817228,67.44665828327739,27652800
2017-09-01,67.36466217041016,68.09351555945464,67.09133780518889,68.06618451311799,21736200
2017-09-05,67.06401062011719,67.31910966851666,66.49003776121837,66.8180172870693,21556000
2017-09-06,66.87267303466797,67.45575844388635,66.82711666325895,67.18243411728494,16535800
2017-09-07,67.72909545898438,67.96597614733219,67.05490406237887,67.12779149739795,17471200
2017-09-08,67.4011001586914,67.82019238576065,67.27354370174038,67.71997392375205,14703800
2017-09-11,68.11174011230469,68.2757333393772,67.70175356915978,67.70175356915978,17910400
2017-09-12,68.03886413574219,68.54906228316864,67.75643401140661,68.11175157135409,14394900
2017-09-13,68.52172088623047,68.53994621784577,67.92041701054617,68.26662185103547,13380800
2017-09-14,68.120849609375,68.77682255408733,67.89308161195697,68.33039922540775,15733900
2017-09-15,68.61283874511719,68.68572618252811,67.48311126896219,68.17552802250881,38578400
2017-09-18,68.47618865966797,69.2141549041281,68.36685749529533,68.53996343448638,23307000
2017-09-19,68.73127746582031,68.97726386015866,68.33951620748289,68.52172783655365,16093300
2017-09-20,68.2757568359375,68.83151146611249,67.70177686818941,68.6492928450299,21587900
2017-09-21,67.61065673828125,68.54905984792985,67.51955092246716,68.43062298246437,19186100
2017-09-22,67.7928466796875,67.88395245701118,67.28264181500946,67.41019129344765,14111400
2017-09-25,66.74514770507812,67.64710718799125,66.4353795593639,67.50133230743658,24149200
2017-09-26,66.74514770507812,67.2462332173948,66.49915433187435,67.11868367237392,18019600
2017-09-27,67.2826919555664,67.57423483082155,66.66316247678293,67.00937441991309,19565100
2017-09-28,67.3008804321289,67.39198622744486,66.79067546669164,67.0002250517523,10883800
2017-09-29,67.86575317382812,67.91130955543441,67.30999868268538,67.36466773079852,17079100
2017-10-02,67.97508239746094,68.33951258722502,67.69265230208444,68.06618820717003,15304800
2017-10-03,67.65619659423828,68.2210566848555,67.59242184365483,68.02973243310517,12190400
2017-10-04,68.04798126220703,68.07531231462043,67.15512749477233,67.50133241022351,13317700
2017-10-05,69.21417236328125,69.35083461548757,68.29398727941835,68.53086805318057,21195300
2017-10-06,69.24148559570312,69.26881664892119,68.82239322752483,68.94083010844616,13959800
2017-10-09,69.50567626953125,69.74255691041932,69.1139150734547,69.21413353879478,11386500
2017-10-10,69.50567626953125,69.8154373799082,69.36901409398325,69.54211997973918,13944500
2017-10-11,69.62411499023438,69.66055870142412,69.19591007241375,69.56945289891333,15388900
2017-10-12,70.26189422607422,70.41677483991847,69.57859004048287,69.68791426158252,16876500
2017-10-13,70.5989761352539,70.94518798700959,70.41676449290884,70.69008195642645,15335700
2017-10-16,70.74474334716797,70.89051125506948,70.47141896232684,70.53519372533272,12380100
2017-10-17,70.69005584716797,70.71739383925824,70.38029477940538,70.58073168251107,16824000
2017-10-18,70.70832061767578,70.92697601988576,70.4896652154658,70.76298273049579,13300700
2017-10-19,70.98162841796875,70.999846800988,70.47142333136252,70.67186029921551,15092800
2017-10-20,71.80157470703125,71.94734954847574,71.26404561879048,71.35515141922977,22866400
2017-10-23,71.81982421875,72.28446604270916,71.75604944187741,71.9655921583462,20627200
2017-10-24,71.84713745117188,72.1568985903078,71.48270726618495,71.88358116476333,17517200
2017-10-25,71.63758850097656,72.06579345099294,71.07272831238281,71.59203907176,20410800
2017-10-26,71.75602722167969,72.35733108157257,71.74691455611136,72.15689414463255,32120700
2017-10-27,76.35693359375,78.53439487522664,76.17472199440942,76.86713858357216,71066700
2017-10-30,76.42985534667969,76.83072938641672,75.71922005873137,76.25674938389686,31756700
2017-10-31,75.78296661376953,76.85803181457851,75.71919185401508,76.85803181457851,27086600
2017-11-01,75.78296661376953,76.31139002369356,75.50964224286332,76.23850259799491,22307400
2017-11-02,76.57557678222656,76.94911255312036,75.72827984955866,75.93782244151915,23992900
2017-11-03,76.6575927734375,77.02202294103922,75.98340148147705,76.60293068112179,17633500
2017-11-06,76.9582748413086,77.16781756838908,76.6029572163202,76.71228143882142,19860900
2017-11-07,76.77601623535156,77.3499959082835,76.46625516500983,77.2315521276843,17939700
2017-11-08,77.0402603149414,77.0858167037208,76.37518152470805,76.657611672539,18034200
2017-11-09,76.61205291748047,76.77604618072046,75.52788179749328,76.6302782528009,21178400
2017-11-10,76.41162872314453,76.62117143883665,75.82854306506222,76.3387412781519,19397800
2017-11-13,76.46627807617188,76.47539074300822,76.03807309693028,76.22029167901616,14196900
2017-11-14,76.57557678222656,76.62112619525374,75.60073037160222,76.0744845824511,18801300
2017-11-15,75.9804458618164,76.63055486178436,75.71490720225137,76.42911125895314,19383100
2017-11-16,76.18187713623047,76.38332072493459,75.94381379124992,76.09031377386589,20962800
2017-11-17,75.44935607910156,76.10862340279398,75.3028491245761,76.10862340279398,22079000
2017-11-20,75.56840515136719,75.62334177905369,75.31202490771325,75.4493734627672,16315000
2017-11-21,76.65801239013672,76.76788562288867,75.76067473625703,75.76067473625703,21237500
2017-11-22,76.09945678710938,76.82281907914938,76.03536174785698,76.75872403989699,20553100
2017-11-24,76.2367935180664,76.39245187708407,75.79727975549588,76.00788170098127,7425600
2017-11-27,76.79537200927734,76.89609381107245,76.27345312081059,76.28260456763758,18265200
2017-11-28,77.72013854980469,77.88495533950723,76.93268133076303,76.97846648906042,21926000
2017-11-29,76.31006622314453,77.75679108105835,76.16356624248208,77.56450592690575,27381100
2017-11-30,77.07006072998047,77.39053600909085,76.31007150677787,76.46573691592047,33054600
2017-12-01,77.1524887084961,77.65609082738759,76.20021411963103,76.54815778281998,29532100
2017-12-04,74.2406997680664,77.30811744596595,73.8927492527955,77.29895901508095,39094900
2017-12-05,74.7076644897461,75.7057237413141,74.149126029054,74.47875265054108,26152300
2017-12-06,75.79729461669922,76.1269282567982,74.56117195924585,74.67105216789072,26162100
2017-12-07,75.53176879882812,75.81562430606475,75.08310342949109,75.57755397330278,23184500
2017-12-08,77.0608901977539,77.44546043744039,76.30090116277675,76.57559119719478,24489100
2017-12-11,78.0406494140625,78.16883952148255,77.02428000106289,77.17993841923911,22857900
2017-12-12,78.3611068725586,78.79146227215834,77.90328316844572,78.11387816026986,23924100
2017-12-13,78.15052032470703,78.7456926547299,77.98570347925204,78.5076223255534,22062700
2017-12-14,77.54615783691406,78.62662173200104,77.39965094260853,78.22373475849406,19306000
2017-12-15,79.52397155761719,79.74372496726156,77.7201451466087,78.06809561320014,53936700
2017-12-18,79.0936279296875,80.11915563673871,78.95628639440758,79.77121210430296,22283800
2017-12-19,78.59001922607422,79.06615280762212,78.07725192382797,79.06615280762212,23524800
2017-12-20,78.30618286132812,79.02039388646325,77.5645105106474,78.92882353407154,23674900
2017-12-21,78.28785705566406,78.837244129063,78.19629370773686,78.79146594801722,17990700
2017-12-22,78.29705810546875,78.40693138845421,77.75682218271217,78.19633627217243,14145800
2017-12-26,78.19630432128906,78.31533599116699,77.85751220355503,78.11389240688388,9891200
2017-12-27,78.4801254272461,78.72735409828765,78.03146022810385,78.42518882738537,14678000
2017-12-28,78.48931884765625,78.68160401872679,78.33366042143304,78.6541357065506,10594300
2017-12-29,78.32450866699219,78.7914909713157,78.28788191902193,78.40691361054688,18717400
2018-01-02,78.69991302490234,79.02954673903314,78.28787437515744,78.86472988196773,22483800
2018-01-03,79.066162109375,79.21266906606273,78.71821856599594,78.80062348975564,26061400
2018-01-04,79.76203918457031,80.26564800856941,79.26758878987158,79.28589866263759,21912000
2018-01-05,80.75094604492188,80.95238958966628,80.05505206830534,80.26565404303865,23407100
2018-01-08,80.8333511352539,81.10804814884374,80.2107106255075,80.76009766685192,22113000
2018-01-09,80.77840423583984,81.24538630511574,80.4487706558609,81.17213284604613,19484300
2018-01-10,80.41216278076172,80.75095486902036,80.0367509402163,80.4487895188845,18652200
2018-01-11,80.65023803710938,80.69601622319637,79.88109046098184,80.69601622319637,17808900
2018-01-12,82.04202270507812,82.20683955078843,80.9890265789199,81.19047016654768,24271500
2018-01-16,80.89743041992188,83.13161187025794,80.58611371859118,82.4998130535371,36599700
2018-01-17,82.53646087646484,82.66465096105202,81.2637114753238,81.56587681149459,25621200
2018-01-18,82.49984741210938,83.02176626498765,82.09696721823776,82.22515732344738,24159700
2018-01-19,82.40828704833984,82.96683266386778,82.09697020602567,82.53647715821474,36875000
2018-01-22,83.88249206542969,83.89165049908759,82.17022823498087,82.40829860921994,23601600
2018-01-23,84.14800262451172,84.51426300417002,83.81836898140281,84.14800262451172,23412800
2018-01-24,84.0747299194336,85.54892254560784,83.85497653624118,84.74315548334624,33277500
2018-01-25,84.541748046875,85.37498376436372,84.17548759470802,84.66993815725789,26383200
2018-01-26,86.12581634521484,86.12581634521484,84.77066172550174,85.26511229837129,29172200
2018-01-29,85.99761962890625,87.39855931821482,85.81449290598047,87.11471080192887,31569900
2018-01-30,84.91714477539062,85.75954576063309,84.33113095094811,85.42991211115469,38635100
2018-01-31,86.99566650390625,87.35276845186678,85.62219532380091,85.84194875658378,48756300
2018-02-01,86.3089370727539,87.96625684621124,85.68629648057518,86.79422913995393,47227900
2018-02-02,84.0381088256836,86.04337866603281,83.78172869713083,85.74121337773794,47867800
2018-02-05,80.57698059082031,85.37497156996687,80.57698059082031,82.92103597254027,51031500
2018-02-06,83.6260986328125,83.7634471726869,78.05895943848726,79.56062097321701,67998600
2018-02-07,82.05119323730469,84.02898869166187,81.67577431666412,82.85696072080758,41107600
2018-02-08,77.83919525146484,82.29839406659909,77.61028337846334,82.14273566955869,55628700
2018-02-09,80.74179077148438,81.42852634495952,76.75872584249565,79.0203761155408,63499100
2018-02-12,81.61170196533203,82.2068745496665,80.51292718336047,81.2545998118993,35720300
2018-02-13,82.25260925292969,82.4082676374221,80.39384611173038,81.42852517938839,26407700
2018-02-14,83.5405502319336,83.70614130054472,81.332678675322,81.42467215373873,34960900
2018-02-15,85.2424545288086,85.29764920783016,83.36575823690377,83.9085246303544,27823900
2018-02-16,84.63528442382812,86.01520753943402,84.45129748254143,85.04925855104912,30596900
2018-02-20,85.29765319824219,85.61043241886618,83.72454160466629,84.15691866030133,30911700
2018-02-21,84.16612243652344,85.88642939685167,84.16612243652344,85.53685134347427,26922500
2018-02-22,84.38689422607422,85.30684289213622,84.0465106929168,84.68127751846801,24392800
2018-02-23,86.53038787841797,86.53958933227827,84.96647761750297,86.107212243331,26329200
2018-02-26,87.7815170288086,87.80911437115007,86.70517856557466,86.84317229593475,30199800
2018-02-27,86.65916442871094,88.16787972992923,86.65916442871094,88.07588626398207,25869100
2018-02-28,86.26361083984375,88.04831406715468,86.1348185470124,87.24795594571395,31167300
2018-03-01,85.41724395751953,86.99955700318941,84.48809371211529,86.46598501920263,37135600
2018-03-02,85.60124969482422,85.69324318296607,83.58655931684739,84.24892366131392,32830400
2018-03-05,86.1440200805664,86.72358539883722,84.87449304207408,84.948083624721,23901600
2018-03-06,85.84961700439453,86.92595535660489,85.50003900637334,86.78796164047876,22175800
2018-03-07,86.34642028808594,86.42001789817697,85.03089283699,85.70245874642544,26716100
2018-03-08,86.87078094482422,87.48714506618165,86.26361125967551,86.7235857416414,25887800
2018-03-09,88.81183624267578,88.81183624267578,87.39511459541725,87.66190052431503,36937300
2018-03-12,89.0234375,89.42821719619918,88.35187884256258,88.77505442556539,26073700
2018-03-13,86.85237121582031,89.45582103477052,86.44759149021354,89.23503528382705,35387800
2018-03-14,86.33719635009766,87.77232129855095,86.01521566311065,87.50553529543241,32132000
2018-03-15,86.64077758789062,87.00875850874635,85.39884812132331,86.0428094688316,27611000
2018-03-16,87.02714538574219,87.74470424685718,86.40157999065319,87.10074296602362,49081300
2018-03-19,85.45401763916016,86.38316761151601,84.73645891505076,86.23597247905757,33344100
2018-03-20,85.67485046386719,86.2636172803838,85.55525961692459,85.60125987579318,23075200
2018-03-21,85.07687377929688,86.52119321075892,84.82848365630595,85.49084795941134,24457100
2018-03-22,82.60221099853516,84.40530996592305,82.48262017053011,83.9637314141338,38604700
2018-03-23,80.20114135742188,83.21857247499142,80.10914787576968,82.3354224175554,44068900
2018-03-26,86.27279663085938,86.47518648817777,83.1633722391695,83.35656064334098,56396800
2018-03-27,82.30780029296875,87.52390703918236,81.42465050143925,87.33992013127437,56569000
2018-03-28,82.23422241210938,83.92693184848972,81.75585212581954,82.62980067561247,52501100
2018-03-29,83.96371459960938,84.90206620225291,81.32346632761482,82.96097388748707,45867500
2018-04-02,81.43385314941406,83.60493257128557,80.50471004649422,83.22775726642683,48515400
2018-04-03,82.52860260009766,82.8413888288893,80.85429613393647,82.4090117877476,37213800
2018-04-04,84.93885803222656,85.33443622079814,80.70709577084627,80.81748511365164,35560000
2018-04-05,84.98487091064453,85.61963785321196,84.08332498215286,85.04007261346732,29771900
2018-04-06,83.00697326660156,85.05845491188343,82.31701175010156,84.16610356089251,38026000
2018-04-09,83.50375366210938,85.71163229621074,83.36576695013335,83.7521437809716,31533900
2018-04-10,85.44486236572266,85.8128433770867,84.30412754728275,84.99408931159506,26812000
2018-04-11,84.5064697265625,85.82199636160908,84.15689182346237,84.64446340521914,24872100
2018-04-12,86.08881378173828,86.62238579124602,85.03087121630813,85.03087121630813,26758900
2018-04-13,85.62886047363281,86.6408030392624,85.04009363476997,86.52121218778082,23346100
2018-04-16,86.63157653808594,87.08235650209282,85.94161494026369,86.53958306210677,20288100
2018-04-17,88.37947082519531,88.81184783471846,87.28472963245811,87.3951260025443,26771000
2018-04-18,88.71986389160156,88.97744843079862,87.87350566740112,88.51747403404606,21043300
2018-04-19,88.41626739501953,89.2994172775778,87.70790298739428,88.71985214114463,23552500
2018-04-20,87.3951416015625,88.41628539650456,86.521192993008,88.23229843217293,31154400
2018-04-23,87.7171401977539,88.58189454760785,87.05477576115551,88.075919764469,22331800
2018-04-24,85.66563415527344,88.74746120897072,85.01247135429568,88.53586989831345,34524800
2018-04-25,84.92045593261719,85.83121013128265,83.05296133355034,85.83121013128265,33729300
2018-04-26,86.7143783569336,87.53313225108135,85.64723434916874,86.06121553231306,42529000
2018-04-27,88.14948272705078,90.06297767656801,86.39238438817834,89.78699026357268,48272800
2018-04-30,86.03361511230469,88.6830723460889,85.69323852282476,88.61867620602627,41523600
2018-05-01,87.3951416015625,87.66192761290034,85.36205546549081,85.74843230177893,31408900
2018-05-02,86.02442169189453,87.55153318224714,85.73003833118482,87.38594210318212,27471000
2018-05-03,86.5395736694336,87.33073011055954,85.04925425317623,85.51843005399547,31142500
2018-05-04,87.54235076904297,87.73553921804051,85.48165994242805,85.84964094851313,22531300
2018-05-07,88.51747131347656,88.968244243217,87.4871261697035,87.55152230252355,24242000
2018-05-08,88.1402816772461,88.46226933342734,87.45032016026029,88.17708046705685,23484600
2018-05-09,89.1798324584961,89.20742979751279,87.44112991392596,88.32427985571938,27327400
2018-05-10,90.07219696044922,90.10898873872432,89.28104037313035,89.65821575899938,22388100
2018-05-11,89.87901306152344,90.0354097232103,89.27185038089043,89.97101357498174,16778300
2018-05-14,90.18255615234375,90.78972557048213,89.52019206661116,90.0813612493207,19454100
2018-05-15,89.52941131591797,90.01698302633103,88.62785846029713,89.45581373206078,24594000
2018-05-16,89.76041412353516,89.99139820154268,89.27072900601117,89.95443990317251,17384700
2018-05-17,88.86418151855469,90.12073527942137,88.540805267392,89.40006619138063,17246700
2018-05-18,89.0304946899414,89.55713805318216,88.70711842287673,88.70711842287673,17865800
2018-05-21,90.17617797851562,90.5549952304034,89.43703319658043,89.62181762979566,19422500
2018-05-22,90.08379364013672,90.70282929952685,89.80660991699864,90.25010246420457,15441200
2018-05-23,91.15552520751953,91.220200442764,88.99351139535628,89.35384585587148,21251200
2018-05-24,90.83213806152344,91.41422220267044,89.44623418118736,91.220196505312,26649300
2018-05-25,90.87836456298828,91.45120754066518,90.41639646620573,90.82293064707797,18363900
2018-05-29,90.55500030517578,91.35882038869043,89.83433110654555,90.39792577415855,28671000
2018-05-30,91.42346954345703,91.70065317873973,90.46258225237509,90.83215103398845,22158500
2018-05-31,91.32183074951172,92.384358558082,91.10932941724101,91.73760617846823,34140900
2018-06-01,93.12355041503906,93.18822568094627,91.62677091237519,91.7284044800973,28655600
2018-06-04,93.93658447265625,94.11213459273701,93.17895712941178,93.55777432557065,27281600
2018-06-05,94.41703033447266,94.54638082183392,93.80722913770711,94.24148022345113,23514400
2018-06-06,94.6942138671875,94.79584740742816,94.14909492323616,94.68497958103718,21122900
2018-06-07,93.2066879272461,94.87901736119444,92.74471979448978,94.84205906468503,28232200
2018-06-08,93.89962768554688,94.19528696937581,92.89254067312352,93.4007013223843,22165100
2018-06-11,93.36378479003906,93.86270428961342,93.01268441372439,93.32682648468615,23490900
2018-06-12,93.60396575927734,93.73331625173385,93.0865637894513,93.40994002059259,18325200
2018-06-13,93.178955078125,94.25072434691567,92.91101276092733,93.98278202971801,29492900
2018-06-14,93.70563507080078,94.26923688127756,93.31758344528177,93.91814356043787,25691800
2018-06-15,92.51374816894531,93.80726052442357,92.45831424126382,93.7887848982215,65738600
2018-06-18,93.18820190429688,93.41918594489863,91.85773157472727,92.40285757606563,23586000
2018-06-19,93.18820190429688,93.31755240310798,91.93164815949747,92.07023999367321,28653100
2018-06-20,94.1213607788086,94.72191352628637,93.4284087941138,93.65939278901207,26180800
2018-06-21,93.44692993164062,94.66652573682559,93.2067044861885,94.31543243122292,23198200
2018-06-22,92.77244567871094,93.10505625586957,92.05176945582303,92.77244567871094,38923100
2018-06-25,90.90606689453125,92.49523801962391,89.89897998913683,92.39360449075826,35433300
2018-06-26,91.5436019897461,92.46753820591452,91.23870134663277,91.30337659980161,26897200
2018-06-27,90.12071990966797,92.41207728347278,89.99136943126314,92.00555022951718,31298400
2018-06-28,91.12782287597656,91.57131534387281,89.86203482105812,89.97290265122696,26650700
2018-06-29,91.10934448242188,92.31046429925279,90.85064348779945,91.40500376900086,28053200
2018-07-02,92.40287017822266,92.44906276319877,90.54575626476569,90.63814848379239,19564500
2018-07-03,91.51588439941406,92.97569825358748,91.41425085241116,92.83711346137795,14670300
2018-07-05,92.17185974121094,92.31968583955448,91.49738334200224,91.93163440119616,18977400
2018-07-06,93.46537017822266,93.71482979939239,92.0887004476508,92.29196749775254,19234600
2018-07-09,94.10289764404297,94.472473522405,93.54853735103673,93.91811322939876,18212000
2018-07-10,94.35236358642578,94.71269812638765,94.11213821009338,94.24148870910155,19293100
2018-07-11,94.2230224609375,94.55563302785202,93.4099540444876,93.4561536769038,19644600
2018-07-12,96.26490020751953,96.46816726827643,94.91595440776423,94.95290564692665,24335900
2018-07-13,97.41058349609375,97.56765094162441,96.17250545414652,96.43121348387548,24635200
2018-07-16,96.93016052246094,97.77093888912599,96.56981888066215,97.38288733528057,21786900
2018-07-17,97.89104461669922,98.39921238290734,96.38503103996091,96.65297340313661,25901700
2018-07-18,97.12418365478516,97.98344467151716,96.75460773539221,97.88181111745725,29493900
2018-07-19,96.45893096923828,97.29970916099111,95.98772158098339,96.94861597803883,40171600
2018-07-20,98.18669128417969,99.9698883306532,98.01114820954078,99.8590205043704,56004000
2018-07-23,99.75740814208984,99.91447562871717,98.0573616044194,98.2144361401216,29707000
2018-07-24,99.4709701538086,100.5427324315701,99.101394280794,100.31174839207016,26316600
2018-07-25,102.39987182617188,102.6955311890975,99.41555418398424,99.74817184840997,30702100
2018-07-26,101.28190612792969,102.5569357646338,101.1710312272739,102.31671033775042,31372100
2018-07-27,99.48943328857422,101.79927339366829,98.06657093794757,101.79927339366829,37005300
2018-07-30,97.35516357421875,99.35086217536963,96.79156190720565,99.03672723917165,34668300
2018-07-31,98.01114654541016,98.60246510578976,97.36438702375708,98.38995669390025,27655200
2018-08-01,98.19595336914062,98.3530208556134,97.40136755053442,97.96496928347777,23628700
2018-08-02,99.38780975341797,99.86825344199397,96.86546100344243,97.38287003237808,26104300
2018-08-03,99.82207489013672,99.83131622652508,98.6948715192824,99.60033216033605,18659600
2018-08-06,99.90521240234375,100.17315472915924,99.37856908386456,99.89597811626528,20265900
2018-08-07,100.59815979003906,100.80142685940521,99.94216600649477,100.30250052070821,16080200
2018-08-08,101.1617660522461,101.4019914225229,100.48729661714455,101.01393993528036,15487500
2018-08-09,101.32807922363281,101.78081302741072,101.26340397296077,101.36503751674164,13677200
2018-08-10,100.70905303955078,101.3465713190829,100.13621001670494,101.09710457966847,18183700
2018-08-13,99.97911834716797,101.24491326349123,99.87748481853247,100.93077134341624,18472500
2018-08-14,101.2264633178711,101.40201347845803,99.8220831804002,100.30252697638173,16788300
2018-08-15,99.85377502441406,101.08733379534961,99.07467819814832,100.62358787472989,29982800
2018-08-16,99.83519744873047,100.96673835775339,99.51985369438611,100.4473453147394,21384300
2018-08-17,99.7795639038086,100.07636097998875,98.95409681455128,99.57551458714715,18061500
2018-08-20,99.12104797363281,100.07636336421592,98.75932674955185,99.71464214013496,17914200
2018-08-21,98.29560089111328,99.56626034569261,98.17502240771962,99.1674385204256,22881900
2018-08-22,99.2972640991211,99.55696065590512,98.11007579599384,98.17499993518985,18000600
2018-08-23,99.76101684570312,100.33606431548814,99.12105230844985,99.38074888312666,18167700
2018-08-24,100.54011535644531,100.68851036898491,99.76101854295902,99.86304320991796,17234000
2018-08-27,101.65308380126953,101.69018431655091,100.64212129560093,101.34700985734794,19662300
2018-08-28,102.2652359008789,102.487831925535,101.82931367361901,101.96843884260409,19151500
2018-08-29,103.89762878417969,103.90690568355716,102.27451812696678,102.44146693475672,20818000
2018-08-30,103.83270263671875,104.44485061219955,103.35968692061168,103.57300606876959,22798700
2018-08-31,104.1851577758789,104.60252626414608,103.43388459031657,103.59156357753398,23222700
2018-09-04,103.61009216308594,103.84196507735554,102.22813157537503,102.81244877190251,22634600
2018-09-05,100.62358856201172,103.3411399584528,100.2618673075538,102.96087198057192,32872400
2018-09-06,100.8554458618164,101.08731878770189,99.71463502913187,100.40097690841688,23477600
2018-09-07,100.36388397216797,100.83690675804041,99.45494599671183,100.38243777031235,22498600
2018-09-10,101.44902801513672,101.69017781093831,100.50298970268325,100.94818170517925,20727900
2018-09-11,103.17417907714844,103.4987997705965,100.99457490548238,101.00385180420959,24301800
2018-09-12,103.61009216308594,103.73994042898093,102.49710500507175,103.35039563129594,18891100
2018-09-13,104.72311401367188,105.48365708998983,103.99039456221163,103.99039456221163,26055600
2018-09-14,105.14974212646484,105.4836397221847,104.28717451688864,105.14046522763917,19122300
2018-09-17,104.00891876220703,105.45580355107921,103.74922221817357,105.44653372893525,20736500
2018-09-18,105.0013198852539,105.45578877362803,103.6193594260433,104.05528159652832,22170900
2018-09-19,103.60081481933594,105.10335384476876,102.9886740079224,104.85293421196316,21728400
2018-09-20,105.3352279663086,105.54855416249349,103.81414220389402,104.13876287095813,23714500
2018-09-21,105.97520446777344,106.93051979419361,105.27958568723056,105.73405464251586,71229700
2018-09-24,106.3554916381836,106.56881788302285,104.08313937426847,104.83440552884748,27334500
2018-09-25,106.15142822265625,106.75429927690499,105.50218682651177,106.476055996929,22668000
2018-09-26,105.71550750732422,106.71719316946565,105.49290440355935,106.16997646082729,19352000
2018-09-27,106.11432647705078,106.57807231692699,105.91954699724681,106.45749386979121,19091300
2018-09-28,106.07725524902344,106.26275080570993,105.43728354891182,105.91030641752484,21647800
2018-10-01,107.22732543945312,107.29224958111865,106.41113521905774,106.42968194116186,18883100
2018-10-02,106.80067443847656,107.4406389222403,106.14215615738615,106.93979961362533,20787200
2018-10-03,106.81922912597656,107.7559978272269,106.59663307485798,107.05110207645035,16648000
2018-10-04,104.61180877685547,106.43896889138293,103.53591481200017,106.2998436957618,34821700
2018-10-05,103.9996337890625,104.96422593215057,102.61767324349766,104.4633796034587,29068900
2018-10-08,102.81246185302734,103.9069024306767,101.4119472913115,103.56373500266335,29640600
2018-10-09,104.1202163696289,104.88075925243162,102.76607938689236,103.08142315664477,26198600
2018-10-10,98.4625244140625,103.41532680340741,98.11934993015274,103.17417697481676,61376300
2018-10-11,98.23066711425781,101.03168944145621,96.64464979327902,97.71126685647825,63904300
2018-10-12,101.6252670288086,103.1741764960841,99.35291515531817,101.10587393228512,47742100
2018-10-15,99.79810333251953,101.54179221933386,99.19523232540182,101.01312224488908,32068100
2018-10-16,102.95159149169922,103.3318665325243,101.05023043997573,101.59745429059215,31610200
2018-10-17,102.68260955810547,103.7028490555921,101.60672282067242,103.58227767697473,26548200
2018-10-18,100.63285827636719,102.51566546031356,100.01144048115152,102.11684371128545,32506200
2018-10-19,100.78125762939453,102.82173666263786,100.36388209336712,101.03167729005055,32785500
2018-10-22,101.68092346191406,102.52494439628585,100.39171042632272,101.39340326836806,26545600
2018-10-23,100.2618637084961,101.0687841343526,97.48866516513328,99.95578971149526,43770400
2018-10-24,94.90093231201172,100.62355330832447,94.22386038696753,100.54935936442547,63897800
2018-10-25,100.4473648071289,101.34702590944842,98.45325602116118,98.82425415653671,61646800
2018-10-26,99.20451354980469,100.8647245782131,97.16403459571404,98.02660217860333,55523100
2018-10-29,96.32003784179688,100.81837239571036,94.2610045752702,100.27115554036965,55162000
2018-10-30,96.2087173461914,96.81158129143232,92.85119483807064,96.14379321011006,65350900
2018-10-31,99.06539154052734,100.29895726615871,97.74835495398283,97.79473237195712,51062400
2018-11-01,98.23992156982422,99.53841139684069,97.87820036406825,99.2879917452405,33384200
2018-11-02,98.4625244140625,99.5384111298819,97.36808390116677,98.75932148148168,37680200
2018-11-05,99.71466064453125,99.92797982847276,98.22139805213295,98.65732039697248,27922100
2018-11-06,99.90940856933594,100.94819476030045,98.57381823672418,99.59405770693584,24340200
2018-11-07,103.84199523925781,104.10169184647917,101.46761817186042,101.50471869806374,37901700
2018-11-08,103.64720916748047,104.07385454846649,102.8681194481671,103.69358658819236,25644100
2018-11-09,101.6252670288086,103.36894890728041,100.87400100330854,102.81245529297665,32039200
2018-11-12,99.12104797363281,101.98699414538214,98.40687534830326,101.48614774060833,33621800
2018-11-13,99.18595123291016,100.85543182114753,98.90770093010435,99.75172165940258,35374600
2018-11-14,97.7793960571289,100.84402689266916,97.31364681963227,100.69498372542094,39495100
2018-11-15,99.9311752319336,100.41555851552734,96.79202929216486,97.79804244506956,38505200
2018-11-16,100.87197875976562,101.4215594926208,99.48404791115941,99.74486636788863,33502100
2018-11-19,97.45337677001953,101.12347607040829,96.45667364761479,100.85334064943153,44773900
2018-11-20,94.74272155761719,95.91641178109012,92.54438429761342,94.8265601269647,64052500
2018-11-21,96.04680633544922,97.27638401269836,95.236400120556,96.50323858884532,28130600
2018-11-23,96.00955963134766,96.69886659980608,95.01285642178213,95.17120947686023,13823100
2018-11-26,99.17666625976562,99.32570235404117,97.4161343113366,97.61174818263194,32336200
2018-11-27,99.80076599121094,99.97775301100344,98.14269951137845,98.99035959753932,29124500
2018-11-28,103.50811004638672,103.70372386755272,100.47142311759002,100.49936693393244,46788500
2018-11-29,102.64183807373047,103.50813209875449,101.56129623315398,102.77224731562478,28123200
2018-11-30,103.29386138916016,103.36838296994586,101.86866991378687,103.11687441148639,33665600
2018-12-03,104.41165924072266,105.65055390135774,103.14482787006752,105.25932625276855,34732800
2018-12-04,101.08621215820312,104.92398846318406,100.79744990289637,104.27194236837224,45197000
2018-12-06,101.71033477783203,101.75690544393909,97.80735335548016,98.57118192598548,49107400
2018-12-07,97.63967895507812,101.95251473739826,97.15530282996325,100.95581156063011,45044900
2018-12-10,100.21993255615234,100.58322355415702,96.77339052406371,97.62105767479058,40801500
2018-12-11,101.15144348144531,103.34978104848376,100.08022562945928,102.27856319649773,42381900
2018-12-12,101.60784912109375,103.64782582350992,101.5705883315688,103.2938589831763,36183000
2018-12-13,101.9525146484375,103.27524800606902,101.1886861127655,102.07361400968807,31333400
2018-12-14,98.76678466796875,101.77552794537948,98.27309160080141,100.83471247191235,47043100
2018-12-17,95.84188842773438,98.55255270961447,94.74271981791584,98.18926883157675,56957300
2018-12-18,96.84790802001953,97.35091810354068,95.49723082164701,96.64297719635128,49319200
2018-12-19,96.58707427978516,99.55854943269603,94.40736426260312,96.54981348985045,68198200
2018-12-20,94.55642700195312,97.16461887653492,92.01343263979614,95.99093573101983,70334200
2018-12-21,91.50111389160156,95.94435924621926,90.78385596404704,94.66820355994379,111242100
2018-12-24,87.68194580078125,91.25890351414245,87.54222671987462,90.98876811310777,43935200
2018-12-26,93.6714859008789,93.79258525293807,87.52359728687782,88.62276578959084,51634800
2018-12-27,94.2490234375,94.25834041288216,89.79646151199734,92.4978087244599,49498500
2018-12-28,93.51313781738281,95.394768847075,92.70273152953283,95.09668249191833,38196300
2018-12-31,94.61231231689453,95.38545785887824,93.55972145956619,94.35149384653143,33173800
2019-01-02,94.19314575195312,94.77998734118098,92.16247841703095,92.73069316029616,35329300
2019-01-03,90.72795104980469,93.32683259525948,90.5416470945143,93.2429940386865,42579100
2019-01-04,94.94766235351562,95.48793330274081,92.15316626592872,92.88905108847246,44060600
2019-01-07,95.06873321533203,96.19584553067855,94.06272025150858,94.67750555680239,35656100
2019-01-08,95.75804138183594,96.84789283857305,94.74270439830389,95.98159901498917,31514400
2019-01-09,97.12734985351562,97.69556453271322,96.167907492278,96.74543914679175,32280800
2019-01-10,96.50324249267578,96.64296868803648,95.36681319367068,96.14927562362891,30067600
2019-01-11,95.75804138183594,96.35419980809056,94.67749979251883,96.12132520074832,28314200
2019-01-14,95.05941772460938,95.82324615374536,94.32353311131985,94.91969153860799,28437100
2019-01-15,97.8166732788086,97.85393407687918,94.90107801402655,95.4879267001753,31587600
2019-01-16,98.16133117675781,98.98105458718067,97.77010342547663,98.04955588026098,29853900
2019-01-17,98.85064697265625,99.32570620417194,97.58380814173859,97.80736584520311,28393000
2019-01-18,100.33173370361328,100.50872074767831,98.65504014758938,100.09885900637897,37427600
2019-01-22,98.44078063964844,99.76350705764791,97.67695200746007,99.43748394148902,32371300
2019-01-23,99.40021514892578,99.70761139377449,98.12405950340775,98.85063438398751,25874300
2019-01-24,98.92515563964844,99.6703574163105,98.12406621710652,99.53994817141026,23164800
2019-01-25,99.8287124633789,100.49007567756269,98.92515760096258,99.89391708712179,31225600
2019-01-28,97.88187408447266,99.18597353904319,97.49064638013259,98.98104271102594,29476700
2019-01-29,95.88846588134766,97.77940685736505,95.17120799658717,97.69556828983518,31490500
2019-01-30,99.09282684326172,99.09282684326172,97.18325881672939,97.4533942862602,49471900
2019-01-31,97.2763900756836,98.01227475436224,96.11201693349011,96.68954857045516,55636400
2019-02-01,95.73942565917969,96.96900353574821,95.3388809740294,96.67092426587615,35535700
2019-02-04,98.49665069580078,98.55254543913937,95.73009897732443,95.82325451396552,31315100
2019-02-05,99.87528991699219,99.92186058707432,98.7015995866497,98.79474803358492,27325400
2019-02-06,98.76678466796875,99.6703393486801,98.30103541867585,99.6703393486801,20609800
2019-02-07,98.05884552001953,98.35692476046651,97.14598095536239,97.98433103998504,29760700
2019-02-08,98.43147277832031,98.53393821099789,97.11806321537307,97.23915549636857,21461100
2019-02-11,98.04022216796875,99.2791169423194,97.77940371163596,98.92514294577926,18914100
2019-02-12,99.56787109375,99.8007457117271,98.25446194387918,98.86924723981868,25056600
2019-02-13,99.49335479736328,100.39690950021166,99.40020636657648,100.13609105130074,18394900
2019-02-14,99.57720184326172,99.94048572901892,98.42214556820731,99.02761397328908,21784700
2019-02-15,100.80677032470703,100.88129191145363,100.00568103410524,100.51800805952604,26606900
2019-02-19,100.76018524169922,101.21662459731007,100.3969014161439,100.40621839050328,18038500
2019-02-20,100.236328125,100.97535556186591,99.43181760573435,100.90051571423173,21607700
2019-02-21,102.35050964355469,102.41599272737103,99.97439795817183,100.00246111736158,29063200
2019-02-22,103.80986785888672,104.02502353899213,102.73406804699364,102.94923086422106,27763200
2019-02-25,104.38983917236328,104.9417741242156,104.08113729253878,104.54887563198757,23750600
2019-02-26,105.11016082763672,105.93337774052556,103.99694128934875,104.0811379022455,21536700
2019-02-27,104.93241119384766,105.11015403627373,103.72564549251746,104.48338641114633,21487100
2019-02-28,104.80145263671875,105.59660639729655,104.52081391146109,104.81080940203023,29083900
2019-03-01,105.2691879272461,105.72756949451394,104.46467742470709,105.60596009747732,23501200
2019-03-04,105.01660919189453,105.94272906345955,103.65081415931894,105.72756629677257,26608000
2019-03-05,104.49275207519531,105.13823332865095,104.053083989651,105.00726715217029,19538300
2019-03-06,104.53952026367188,105.39080747866157,104.2401680079095,104.65178003600305,17687000
2019-03-07,103.26727294921875,104.35242935341722,102.78082820269172,104.21210642016798,25339000
2019-03-08,103.37952423095703,103.56661670183973,101.77986005241297,102.11663220969807,22818400
2019-03-11,105.54986572265625,105.66211838862252,103.8192347968234,103.82858442757211,26491600
2019-03-12,106.28885650634766,106.63497828920401,105.38144303982757,105.5404723528762,26132700
2019-03-13,107.11207580566406,107.57981412795954,106.43853147961931,106.76594687780207,35513800
2019-03-14,107.1962890625,107.76693051328365,106.95307021966781,107.14951950216549,30763400
2019-03-15,108.43111419677734,109.6846496238026,107.19627802741456,107.89788559430455,54681100
2019-03-18,109.98401641845703,110.02143635008527,108.5620947021948,108.67434735995732,31207600
2019-03-19,110.058837890625,110.79786535826463,109.4414198276143,110.47044279551113,37588700
2019-03-20,109.93722534179688,111.0878648932349,109.17949145250918,109.81561593275109,28113300
2019-03-21,112.46302032470703,113.02430496873225,109.53497341755433,109.58175011169037,29854400
2019-03-22,109.49757385253906,111.87367889467477,109.48821708515739,111.78948939960675,33624500
2019-03-25,110.06819152832031,110.39560694464829,108.81464904379506,109.03916145254556,27067100
2019-03-26,110.30207061767578,111.05044775982397,109.31046037707532,110.96625827539488,26097700
2019-03-27,109.23561096191406,110.58269969185966,108.06626508859208,110.27399066839367,22733400
2019-03-28,109.38533020019531,109.99339170154936,108.63694571589441,109.86242548736521,18334800
2019-03-29,110.33013153076172,110.68561013075379,109.41336116419514,110.45174094038818,25399800
2019-04-01,111.3404312133789,111.42462782580611,110.47979438145998,111.27494813132247,22789100
2019-04-02,111.49948120117188,111.77077032749823,110.87270632587649,111.37786465036814,18142300
2019-04-03,112.2291488647461,112.65946732105715,111.46205820138789,112.12624584941939,22860700
2019-04-04,111.65850830078125,112.47237566341686,110.74173792204958,112.35075911505533,20112800
2019-04-05,112.15428161621094,112.47234735056459,111.66783695658248,111.68654334701759,15826200
2019-04-08,112.19171142578125,112.27590089584136,110.98494572841143,112.0794516619142,15116200
2019-04-09,111.58364868164062,111.82687459816077,110.92881791076343,110.9755874589003,17612000
2019-04-10,112.4349365234375,112.58460907037887,111.82687529689778,112.03268129392232,16477200
2019-04-11,112.56591796875,113.05236273378559,112.18236907908332,112.76236722792521,14209100
2019-04-12,113.1458969116211,113.17396720604151,112.60332588387266,112.85590143669346,19745100
2019-04-15,113.23948669433594,113.73528833170178,112.79045462180078,113.13658365973669,15792600
2019-04-16,112.97752380371094,113.80074791035034,112.35075609497136,113.7913911444691,14071800
2019-04-17,113.91299438476562,113.98783423352094,112.76236204291591,113.41719287672299,19300900
2019-04-18,115.4097671508789,115.55008295117011,113.47333059852848,114.30590432015464,27991000
2019-04-22,115.77461242675781,115.99912486358359,114.66139273491385,114.70816943043332,15648700
2019-04-23,117.34620666503906,117.47717284003048,115.84008851551653,116.09266409953676,24025500
2019-04-24,116.94392395019531,117.7297208158707,116.48553530809842,117.67359450749949,31257000
2019-04-25,120.81681823730469,122.89357779319953,120.51747309573709,121.66810551749202,38033900
2019-04-26,121.50908660888672,122.0984415879413,120.6952263229495,121.33134372477541,23654900
2019-04-29,121.39683532714844,121.78036998882123,121.0039367614205,121.51843761166928,16324200
2019-04-30,122.17330169677734,122.26684083206659,121.04136824808171,121.43426687448743,24166500
2019-05-01,119.6287612915039,122.22002868522291,119.46037519514202,122.10777604572901,26821700
2019-05-02,118.06649780273438,119.74100173026036,117.42101668140383,119.72229533907276,27350200
2019-05-03,120.58293914794922,121.07874064972249,119.03940832533303,119.14231133179021,24911100
2019-05-06,119.88134765625,120.26489657469453,117.97298124189926,118.2349136071191,24239800
2019-05-07,117.4210433959961,118.9739382913038,116.20492785276527,118.30039386139306,36017700
2019-05-08,117.41169738769531,118.2162080218855,116.7007330078506,117.34621429594131,28419000
2019-05-09,117.40234375,117.67363289081717,115.59687315824021,116.27041762687296,27235800
2019-05-10,118.92716217041016,119.67554645994625,115.8307362682696,116.8504096843345,30915100
2019-05-13,115.39105224609375,117.44910531703063,115.10105674611523,116.10201655329892,33944900
2019-05-14,116.68202209472656,117.75781468373503,115.71847501461691,115.87751149168133,25266300
2019-05-15,118.32515716552734,118.97302773764963,116.14681772871896,116.67262874004524,24722700
2019-05-16,121.05744934082031,121.4799835303043,118.73827505215104,119.01056833637176,30112200
2019-05-17,120.25,122.49406504387602,120.10915046544845,120.4753363319527,25770500
2019-05-20,118.51295471191406,119.79929734944015,118.08104336554746,118.79463228726247,23706900
2019-05-21,119.15141296386719,119.7429422152896,118.85095263819464,119.64904970668053,15293300
2019-05-22,119.87440490722656,120.40960730217815,118.79462304356026,118.88852272491032,15396500
2019-05-23,118.47537231445312,118.5786562202599,117.1232973028292,118.49414795026388,23603800
2019-05-24,118.53170013427734,119.63964884069594,118.27818966473706,119.16079493561556,14123400
2019-05-28,118.45662689208984,120.18427236889306,118.35334295993955,119.22655710041143,23128400
2019-05-29,117.31110382080078,117.73362373181999,116.46605683522245,117.72423233099691,22763100
2019-05-30,118.05286407470703,118.08103111296509,117.16086726980984,117.61156137255807,16829600
2019-05-31,116.12805938720703,117.01066497477491,115.79004053084238,116.64447907430339,26646800
2019-06-03,112.52250671386719,116.77590868409635,111.74319236988596,116.28765613046434,37983600
2019-06-04,115.63980102539062,115.7524691892667,113.28306069593012,113.87459004690082,29382600
2019-06-05,118.14676666259766,118.184325104657,116.62568199512563,117.3204952643727,24926100
2019-06-06,120.0152587890625,120.15610116107074,117.9308117412543,118.71952472637606,21459000
2019-06-07,123.37665557861328,124.17475995566357,120.42838585860932,121.3016071216122,33885600
2019-06-10,124.50341033935547,125.89303708810871,123.9400407867643,124.31561093710317,26477100
2019-06-11,124.03392028808594,126.04325035203922,123.2639829800733,125.70523154094987,23913700
2019-06-12,123.46115112304688,123.91183803901326,122.72877951194697,123.3766356855517,17092500
2019-06-13,124.240478515625,124.87895048320266,123.52687534353302,123.92122820475676,17200800
2019-06-14,124.362548828125,125.6207244705567,123.60201003422347,124.18414800939125,17821700
2019-06-17,124.73812866210938,125.56438574829443,124.43766112016502,124.53156080879288,14517800
2019-06-18,126.90708923339844,126.98220612624696,125.41417859662528,125.99631660734836,25934500
2019-06-19,127.40470886230469,127.63004518325837,125.63949793707187,126.75683828540198,23744400
2019-06-20,128.58775329589844,129.25440660145264,127.43286179759795,129.0572230153629,33042600
2019-06-21,128.60653686523438,129.32012568533872,128.12768290626582,128.24035105494573,36727900
2019-06-24,129.3671112060547,129.94924923757614,128.63473938346874,128.63473938346874,20628800
2019-06-25,125.28268432617188,129.18867588881974,124.6254295745434,128.86943991332578,33327400
2019-06-26,125.75216674804688,127.45165936415292,125.44232930513282,126.14653396591669,23657700
2019-06-27,125.9587173461914,126.48453545565324,125.35779669102784,125.94933310974832,16557500
2019-06-28,125.78034210205078,126.38126281077415,125.02918763437661,126.35309577185585,30043000
2019-07-01,127.39527893066406,128.35300104015107,126.72864004254,128.287282738414,22613500
2019-07-02,128.24037170410156,128.24975594230963,127.07608144764667,127.80845318614985,15237800
2019-07-03,129.06663513183594,129.32953705617595,127.96806326510324,128.44693159857144,13629300
2019-07-05,128.69105529785156,128.9445729935824,127.43287971131925,127.63944756308794,18141100
2019-07-08,128.59716796875,128.7286189335835,127.10424318525715,128.0713497823353,16779700
2019-07-09,128.12765502929688,128.60650888408034,127.50795169222948,127.6957366748656,19953100
2019-07-10,129.4327850341797,130.11820669464362,128.65346371520778,128.75674760873602,24204400
2019-07-11,129.94921875,130.71915600325744,129.45158197004756,129.7614337187673,22327900
2019-07-12,130.41868591308594,130.63465230545916,129.58303036260477,130.37175040151538,18936800
2019-07-15,130.41868591308594,131.01960659739734,130.0055645833737,130.925721247177,16651500
2019-07-16,128.7098388671875,130.5595509790779,128.18403499667505,130.47504985569148,22726100
2019-07-17,127.94927978515625,129.5079083460821,127.90232994836987,129.29195628935912,20211000
2019-07-18,128.09019470214844,128.27797983910799,126.44704968134909,127.27332147647621,30381800
2019-07-19,128.2779083251953,132.08061611876917,128.1182903314111,131.65809621438976,48992400
2019-07-22,129.97740173339844,130.69100499753577,128.94457677137632,129.01969365850033,25074900
2019-07-23,130.78489685058594,131.44216606376384,129.60183805561326,131.22619962991078,18034600
2019-07-24,132.12759399414062,132.14637679947703,130.3717813628768,130.41871688559382,20738300
2019-07-25,131.6299285888672,132.02428145300124,130.81305582223808,131.85526489575548,18356900
2019-07-26,132.70968627929688,133.02892222458237,131.73319564457722,131.7989139499818,19037600
2019-07-29,132.4186248779297,132.86931178665947,130.85998200668604,132.85992755023454,16605900
2019-07-30,131.78013610839844,132.59700871239428,131.26371662946218,131.58295255204945,16846500
2019-07-31,127.94927978515625,131.91160531500554,126.83193957420215,131.76137156812058,38598800
2019-08-01,129.63003540039062,132.33418679481488,128.5690287688395,128.6347614363554,40557500
2019-08-02,128.54083251953125,129.87413943207872,127.00097206463354,129.6581729968018,30791600
2019-08-05,124.1371841430664,125.75214672709916,122.79449335352587,125.16062464863143,42749600
2019-08-06,126.46575927734375,127.39530018162769,125.07613287584543,125.63010372364202,32696700
2019-08-07,127.01976013183594,127.36716323250997,123.78042106637497,125.62073483582314,33414500
2019-08-08,130.40928649902344,130.50318616539488,127.63001970311251,128.25912167906165,27496500
2019-08-09,129.3013458251953,130.86937284024663,128.1276716228745,130.14638552003524,23466700
2019-08-12,127.49859619140625,129.44220795216162,126.98219089651707,128.7004520057545,20484300
2019-08-13,130.13705444335938,130.3248395270228,126.75686562908375,127.7427552271711,25154600
2019-08-14,126.218017578125,128.98769433333086,125.92597937430739,128.46013959420375,32527300
2019-08-15,125.9354019165039,126.78327011599423,124.58825415895623,126.6042752391644,28074400
2019-08-16,128.24342346191406,128.55430690454367,126.9151072183467,127.06584119806715,24449100
2019-08-19,130.39137268066406,130.52326136000605,128.95942818010255,129.86381796329613,24355700
2019-08-20,129.30799865722656,130.67400611769185,129.28916768347977,130.20297302781805,21170800
2019-08-21,130.74932861328125,131.4087862868741,130.005102827796,130.5232419821393,14970300
2019-08-22,129.79788208007812,131.13561438171598,128.39419824342653,130.62690495002428,18697000
2019-08-23,125.6622085571289,130.3348631862218,125.10639295476594,129.24206295545477,38508600
2019-08-26,127.60289001464844,127.70651789283582,126.14268423102335,127.16954752389562,20312600
2019-08-27,127.87606048583984,128.79928125981397,126.85862734981627,128.48839771479663,23102100
2019-08-28,127.70648956298828,127.89489992477131,125.81294170866676,127.06589145796818,17393300
2019-08-29,130.1182098388672,130.41967799434562,128.97831751609732,129.29861665019854,20168700
2019-08-30,129.87322998046875,131.11674972750893,128.3753483676388,131.08848889517535,23940100
2019-09-03,128.1587371826172,129.25153791622546,127.83843798046176,128.69572205810942,18869300
2019-09-04,129.65655517578125,129.71307683886516,128.5731705924535,129.3456716540326,17995900
2019-09-05,131.9363250732422,132.24720852849427,130.72105207773092,131.0507808749091,26101800
2019-09-06,131.04141235351562,132.05883118559822,130.19354416039448,131.91752700747264,20824500
2019-09-09,129.55296325683594,131.6537671077461,128.55437526603893,131.50303304786965,25773900
2019-09-10,128.1963653564453,128.95943664952355,126.71731457867034,128.87465414469017,28903400
2019-09-11,128.2340545654297,128.37537312914318,127.26372746871645,128.03622870093727,24726100
2019-09-12,129.55296325683594,130.40081718775647,128.94061152913451,129.86384686478445,27010000
2019-09-13,129.36456298828125,130.06168291385407,128.6580131989841,129.79790547583318,23363100
2019-09-16,128.43186950683594,128.78042935404903,127.80068696265583,127.9608364701534,16731400
2019-09-17,129.43048095703125,129.5529541689385,128.52609103600494,129.02539937116904,17814200
2019-09-18,130.4949951171875,130.63629927677184,128.6202784762406,129.40219503377762,23982100
2019-09-19,132.89727783203125,134.12195231938244,131.95521168804507,132.17188287622108,35772100
2019-09-20,131.3616943359375,133.44365228863472,130.24063341919867,132.84073058233662,39167300
2019-09-23,131.07907104492188,131.54068858935628,130.4196276777208,131.16385354039332,17139300
2019-09-24,129.4210662841797,132.53930327795948,128.95003315823615,132.2284196898619,29773200
2019-09-25,131.28628540039062,131.85153060850723,128.14920468238728,129.53404250496845,21382000
2019-09-26,131.45591735839844,132.05883917954642,130.41965311490762,131.3617193588757,17456600
2019-09-27,129.75076293945312,132.22840143988893,128.7333298028649,132.03056122939054,22477700
2019-09-30,130.9754180908203,131.15441290790986,129.79783574132017,130.05219755375188,17280900
2019-10-01,129.12904357910156,132.12480772056614,129.0630920336368,131.56899201504288,21466600
2019-10-02,126.84920501708984,128.4695599919467,125.84120168232033,128.35651665060894,30521700
2019-10-03,128.38479614257812,128.8275684602126,125.50207552124122,127.13184621978174,24132900
2019-10-04,130.1182098388672,130.2406830738794,128.51669979356828,128.82758343835812,22897700
2019-10-07,129.1761016845703,130.17468947110925,129.0819036975088,129.1949470318979,15303700
2019-10-08,127.81011199951172,129.7790267900296,127.7630058173658,129.13842871216846,25550500
2019-10-09,130.231201171875,130.664543455897,129.0347733989885,129.49639088611113,19749900
2019-10-10,131.04141235351562,131.57838260518204,130.24065034469942,130.46675140448957,17654600
2019-10-11,131.5878143310547,132.8596095902909,131.4182492963784,132.00232580442918,25446000
2019-10-14,131.4652862548828,132.16240575227076,131.43702543065268,131.5971748928846,13304300
2019-10-15,133.36830139160156,133.57554270369167,131.71025589658038,131.94577241577883,19695700
2019-10-16,132.2755584716797,132.82195875738853,131.44653536580506,132.63353396074882,20751600
2019-10-17,131.59722900390625,133.22699949537883,130.96604637859363,132.7842272340001,21460600
2019-10-18,129.44931030273438,131.88925812815606,128.64854834275522,131.6631570821554,32273500
2019-10-21,130.41021728515625,130.4761688191154,129.07248500490974,130.4290626341145,20078200
2019-10-22,128.46954345703125,131.89866332588625,128.36591561587957,130.9189209525508,27431000
2019-10-23,129.2891845703125,129.4870104440162,127.75361189682589,128.95004012631517,29844600
2019-10-24,131.83277893066406,132.28496679355064,130.63635053584218,131.31463951756854,37029300
2019-10-25,132.5769805908203,132.96323120692122,131.13562036467823,131.26750906593338,25959700
2019-10-28,135.83653259277344,137.23078659427898,135.19592007870443,136.03435845204905,35280100
2019-10-29,134.55531311035156,136.1285618930684,134.38573372445262,135.73289582568952,20589500
2019-10-30,136.23219299316406,136.5995982341125,134.51762561887838,135.20534429087087,18496600
2019-10-31,135.06407165527344,136.53369311870264,134.70609615443442,136.50543227323624,24605100
2019-11-01,135.3937530517578,136.05319650529455,134.68720341408505,135.90246246597496,33128400
2019-11-04,136.1756591796875,136.59958605455438,135.8082539714978,136.43943654070637,16912000
2019-11-05,136.09085083007812,136.61840545191018,135.57271169264115,136.57129928036403,18250200
2019-11-06,135.7140655517578,136.1474223640445,134.90388797862317,136.00610379763356,16575800
2019-11-07,135.90249633789062,136.48658729213378,135.4408929927609,135.50683016715396,17786700
2019-11-08,137.50399780273438,137.53225864058572,135.43144052836647,135.63869625580327,16732700
2019-11-11,137.64524841308594,137.9372865403999,136.34519287881375,136.91985364941968,14362600
2019-11-12,138.5496826171875,139.02071571611077,137.5981865574973,137.80544227100668,18641600
2019-11-13,138.77574157714844,138.91706010346334,137.8054147372228,138.23877142655405,16919200
2019-11-14,139.48231506347656,139.81204397344354,138.48372722157296,138.5025725699454,19729800
2019-11-15,141.28170776367188,141.30055311776167,139.6801976610799,140.30195059810956,23485700
2019-11-18,141.63023376464844,141.82807399813032,140.3490231150802,141.37588623204445,21534000
2019-11-19,141.67733764648438,142.56288218947344,141.4983427654815,142.13895526723965,23935700
2019-11-20,141.43154907226562,142.58478171593035,140.33504484728581,142.0837888619762,25696800
2019-11-21,141.29922485351562,141.60171875338148,140.3728625266567,141.22360137854915,18576100
2019-11-22,141.40321350097656,142.0743628652784,140.67536455680172,141.85695437699914,15901800
2019-11-25,142.9534454345703,143.0668878548469,141.71514172629512,141.79076519857867,22420900
2019-11-26,143.7096710205078,144.07832644663813,143.03853611781818,143.07634064349944,24620100
2019-11-27,143.98382568359375,144.15396770570413,143.22760526334744,143.99327321025382,15184400
2019-11-29,143.0952606201172,143.96490901164137,143.00072766342154,143.7758575219542,11977300
2019-12-02,141.36538696289062,143.5206053054718,140.2027067994801,143.50169583265574,27418400
2019-12-03,141.13853454589844,141.25196254984613,138.62410801789912,139.41814731664337,24066000
2019-12-04,141.6489715576172,141.96089852915804,141.03453629170258,141.92309400717485,17574700
2019-12-05,141.724609375,142.09327926361837,141.29923990374633,141.83805181138433,17869100
2019-12-06,143.44500732421875,143.55843533386508,142.04600898499862,142.726605890285,16403500
2019-12-09,143.07630920410156,143.87979582937618,142.6509398710679,142.80218678796427,16687400
2019-12-10,142.85894775390625,143.57734920985484,142.50918734060494,143.01018029683436,16476100
2019-12-11,143.39773559570312,143.55843007805365,142.10271778730538,143.24648863924253,18856600
2019-12-12,144.85342407226562,145.04247550608443,142.75491998236723,143.3504312777115,24612100
2019-12-13,146.0728302001953,146.41312857878364,144.4658712438564,144.62656569712018,23845400
2019-12-16,147.0181121826172,147.367858109915,146.34697732625102,146.62109978370296,24144200
2019-12-17,146.2240753173828,147.1882564487192,145.99720492656812,146.94247658607804,25425600
2019-12-18,145.92164611816406,146.97089870207265,145.7420421154858,145.85548457300786,24129200
2019-12-19,147.18832397460938,147.24503799240665,145.33558432555637,145.57190234884996,24958900
2019-12-20,148.7952117919922,149.8161068904541,147.73649775079065,148.7384978015833,53477500
2019-12-23,148.7952117919922,149.46634657676498,148.66287433980457,149.46634657676498,17718200
2019-12-24,148.76690673828125,149.07884821814415,148.521126795762,148.86142528073012,8989200
2019-12-26,149.98634338378906,150.04305740993942,148.78584361000458,148.9370906288786,14520600
2019-12-27,150.26040649414062,150.81811337522475,149.5609001937233,150.7235804290026,18412800
2019-12-30,148.9653778076172,150.31712396658284,148.15244349190644,150.28876696680132,16348400
2019-12-31,149.06935119628906,149.1355271417693,147.88776151587507,148.19025539743808,18369400
2020-01-02,151.82955932617188,151.93353980620552,149.6648931447306,150.0902625907942,22622100
2020-01-03,149.9390106201172,151.19622386441185,149.4096607117201,149.65544061469248,21116200
2020-01-06,150.32656860351562,150.3927445508696,147.94447970171677,148.48329153461876,20813700
2020-01-07,148.95594787597656,150.93156268718585,148.71018237427404,150.60072617609066,21634100
2020-01-08,151.3285369873047,151.99968621410528,149.30565620651117,150.23201839712107,27746500
2020-01-09,153.21908569335938,153.34197562938405,152.21710000371593,152.98276776943587,21385000
2020-01-10,152.5101776123047,154.28729354820234,152.35893063399303,153.90919052612892,20725900
2020-01-13,154.343994140625,154.37235114362988,152.43454087063708,152.90717681899122,21626500
2020-01-14,153.25692749023438,154.64647824399333,152.8693625755226,154.4479648118691,23477400
2020-01-15,154.2494354248047,154.9678511775123,153.6728335108503,153.72008555883195,21417900
2020-01-16,157.07583618164062,157.14201214066856,155.05295481159047,155.35544875508083,23865400
2020-01-17,157.95494079589844,158.30468678450072,156.37632402467744,158.2574203045993,34371700
2020-01-21,157.38775634765625,158.98526801417273,157.32158039758605,157.55789835006,29517200
2020-01-22,156.63148498535156,158.32352905108053,156.61257551667737,158.23844365389584,24138800
2020-01-23,157.595703125,157.6713265938342,156.22506200867213,157.09471026471257,19680800
2020-01-24,156.0076446533203,158.3613765241698,155.44993777757642,158.3424670503659,24918100
2020-01-27,153.3987274169922,154.43853230791845,151.43256007468932,152.33056552210473,32078100
2020-01-28,156.40467834472656,156.6882483457103,154.14547932010373,154.81661422070258,24899900
2020-01-29,158.8434600830078,159.51460937852576,156.62208010292088,158.65440861589227,34754500
2020-01-30,163.32403564453125,164.52453468683692,161.44293985569806,164.52453468683692,51597500
2020-01-31,160.91355895996094,162.96479632743683,160.29913827141814,162.78520686330597,36142700
2020-02-03,164.8365020751953,164.94993007628167,161.07430990386203,161.10266690413363,30107000
2020-02-04,170.26231384277344,170.7538591072496,166.6608313996974,167.44540854870948,36433300
2020-02-05,170.05441284179688,174.11908498739666,168.64596691048436,173.95839049164914,39186300
2020-02-06,173.5802459716797,173.75984990152529,170.20561909708994,171.06581980124434,27751400
2020-02-07,173.82601928710938,175.47079730341426,172.49318267512277,172.8429430262262,33529100
2020-02-10,178.37277221679688,178.50510968178952,173.22104418313037,173.53298558426346,35844300
2020-02-11,174.34597778320312,180.26337557524943,173.4574197556807,180.21610908839483,53159900
2020-02-12,174.6011505126953,175.67875972595644,171.89767274276622,175.42353231595447,47062900
2020-02-13,173.6559295654297,176.03800467658817,172.86189010467047,173.06040357578686,35295800
2020-02-14,175.2061004638672,175.26281445325165,172.65385555196474,173.22102429320978,23149500
2020-02-18,176.9832305908203,177.42750947945905,175.3479144568941,175.4518949292075,27792200
2020-02-19,177.51402282714844,178.3670852904449,176.746263717562,178.25334748549824,29997500
2020-02-20,174.80316162109375,177.48558908217993,171.6562951458951,177.20123010558348,36862400
2020-02-21,169.27719116210938,173.9311563648692,168.00707065761887,173.6183629039544,48572600
2020-02-24,161.97872924804688,165.44787749750017,154.7181659403322,159.0214301307952,68311100
2020-02-25,159.30575561523438,165.72271383699095,158.90764439039998,165.1160881339019,68073300
2020-02-26,161.29624938964844,164.2251136153781,159.43846438675976,160.86024482213514,56206100
2020-02-27,149.9314727783203,158.3199827709648,149.74190495438836,154.8034540782687,93174900
2020-02-28,153.56179809570312,155.17316122234865,144.07378619818417,144.46240975052115,97012700
2020-03-02,163.7796173095703,163.90284290585905,153.8461156233935,156.68967642563902,71030800
2020-03-03,155.93138122558594,165.87437010304947,153.79871075283245,164.73694874353373,71677000
2020-03-04,161.65643310546875,161.79860535911507,156.98350737328664,159.7038570188698,49814400
2020-03-05,157.59962463378906,161.95974258543,157.0498678014542,157.39109568141728,47817300
2020-03-06,153.14474487304688,154.60443335618072,147.86519228321035,154.1305064578371,72821100
2020-03-09,142.76571655273438,149.5239179145605,142.17805189974058,143.12590557907217,70419300
2020-03-10,152.52862548828125,152.63288998051783,144.6235285924919,149.91255431457344,65354400
2020-03-11,145.61878967285156,149.47654727038636,143.26810174258725,148.93627810386312,56371600
2020-03-12,131.8085174560547,145.46709111192325,131.35355178409353,137.72312904394167,93226400
2020-03-13,150.547607421875,153.46699860222324,133.39144937999532,139.80842308587606,92727400
2020-03-16,128.3583526611328,141.56196287538836,127.9602558230332,132.6995245572196,87905900
2020-03-17,138.92691040039062,139.8084073143908,127.96023720300174,132.69950524755737,81059800
2020-03-18,133.0786590576172,138.38664577676045,127.97921578102556,130.80381587118453,81593200
2020-03-19,135.26817321777344,142.32019078914172,131.75163052839716,135.3250421111004,85922700
2020-03-20,130.18772888183594,139.42930369211481,128.7754214733434,138.38665869750938,84866200
2020-03-23,128.88912963867188,133.23978869379377,125.60956425248216,129.86541769841315,78975200
2020-03-24,140.6046142578125,141.79891917510017,133.90329612577463,136.25396924994934,82516700
2020-03-25,139.2586669921875,146.28226653788022,136.90799381312664,141.14490110421414,75638200
2020-03-26,147.96942138671875,148.49074374282242,140.63302954842695,140.66146399847827,64568100
2020-03-27,141.89370727539062,146.81307068348792,141.41978038772191,143.8368104074525,57042300
2020-03-30,151.87457275390625,152.22528840805572,142.18750815722464,144.4907998422536,63420300
2020-03-31,149.48599243164062,156.18730963025092,148.39595215161313,151.08785281104335,77927200
2020-04-01,144.1780242919922,149.5239184853041,142.9552994047509,145.02161349129338,57969900
2020-04-02,147.1637725830078,147.372301571524,142.51929484918563,143.9410755182864,49630700
2020-04-03,145.80831909179688,149.1732022198361,144.25383978691568,147.01209719751583,41243300
2020-04-06,156.6517791748047,157.8176351324215,149.3627821810192,151.95990642835253,67111700
2020-04-07,154.96461486816406,161.13513757689245,154.74659809212773,160.74651406806288,62769000
2020-04-08,156.51907348632812,157.97876170284414,154.97406745173703,157.03090807928612,48318200
2020-04-09,156.52853393554688,158.64224329248236,154.81292133217562,157.68491641818002,51385100
2020-04-13,156.8792266845703,156.93611004324742,153.83662506623762,155.77972762278742,41905300
2020-04-14,164.64215087890625,164.68954644676208,159.23938879456708,160.18724229929663,52874300
2020-04-15,162.9170684814453,164.51894325255736,160.41473575433392,162.27252056372882,40940800
2020-04-16,167.80801391601562,168.0355040124014,163.883900147735,165.21090401533556,50479600
2020-04-17,169.28665161132812,170.6136408101682,166.6990009789437,170.13971403013997,52765600
2020-04-20,165.9312286376953,169.42881030865183,165.86488641460832,167.41936555024498,36669600
2020-04-21,159.06884765625,164.61378426605776,157.44801113147378,164.4526508394243,56203700
2020-04-22,164.4716033935547,164.92656918992733,161.91240090219344,162.45267007355434,34620200
2020-04-23,162.48110961914062,165.93129714778695,161.99770934930336,165.03083885859098,32790800
2020-04-24,165.44784545898438,165.4573187880793,161.80809117902592,163.087684835539,34277600
2020-04-27,164.97389221191406,167.67526580673695,164.26300214015612,167.38143355783893,33194400
2020-04-28,160.95501708984375,166.5094397501478,160.55692031443468,166.43360972677016,34392700
2020-04-29,168.17767333984375,168.41463676243595,162.9170969287767,164.18721740272696,51286600
2020-04-30,169.86488342285156,170.99281727965172,167.0402687259744,170.61368155033583,53875900
2020-05-01,165.4668426513672,169.32460004626728,164.93603238128148,166.63269876050148,39370500
2020-05-04,169.51412963867188,169.66578968159777,164.7369539912882,165.3909752711956,30372900
2020-05-05,171.33401489257812,174.0733112718267,170.51886020205268,171.20131596449716,36839200
2020-05-06,173.0211944580078,174.59463494769062,172.15865865064302,172.58518988955504,32139300
2020-05-07,174.02597045898438,174.92642871255168,173.05915549446175,174.56623962588404,28316000
2020-05-08,175.04962158203125,175.35294172080944,173.79846216732196,175.33398059636073,30877800
2020-05-11,177.00218200683594,177.73201884699927,173.31503217434738,173.5993766766979,30892700
2020-05-12,172.99276733398438,177.2865432828998,172.79372616350702,177.05906765949712,32038200
2020-05-13,170.37672424316406,174.45249856413267,167.3341071154464,173.0307178333135,44711500
2020-05-14,171.11602783203125,171.2676878956432,166.51893158760433,168.28194005356912,41873900
2020-05-15,173.6088409423828,177.30546360297237,167.77006023372707,169.72263602178697,46610400
2020-05-18,175.2676544189453,176.490379490596,174.36719617695738,176.0638481615598,35264500
2020-05-19,174.05435180664062,176.86947800382345,173.92165288832314,175.3813409898155,26799100
2020-05-20,176.46861267089844,176.64920874209136,174.83376282051205,175.66068745873378,31261300
2020-05-21,174.34901428222656,177.42861841763434,174.21594577347696,176.22148762180447,29119500
2020-05-22,174.42507934570312,175.32805988927586,173.5030993721259,174.1209289284326,20826900
2020-05-26,172.58108520507812,177.26701047752772,172.13435216853748,177.1149280601144,36073600
2020-05-27,172.80923461914062,172.980331004467,167.85717121330865,171.27893938264498,39517100
2020-05-28,172.41952514648438,175.03338242380826,171.45003216242014,171.79221042249597,33810200
2020-05-29,174.1779327392578,175.1474401638824,171.47853469767063,173.68367206153434,42130400
2020-06-01,173.77871704101562,173.94029918509904,172.47654567180405,173.50306582205417,22622400
2020-06-02,175.7557830810547,175.8413240281486,172.3720280311082,175.12845379560204,30794600
2020-06-03,176.1834716796875,176.7347596373877,174.49159444895008,175.67021158300358,27311000
2020-06-04,173.8642578125,176.6396969090423,173.2749565224485,175.17594339707023,28761800
2020-06-05,177.932373046875,178.43613342107156,172.99930966240385,173.57911125390655,39893600
2020-06-08,179.03494262695312,179.21553869876203,175.3090101306654,176.73475027225717,33211600
2020-06-09,180.40370178222656,181.25914028536988,177.98943973430954,178.69281027255752,29783900
2020-06-10,187.09515380859375,188.6919905733056,181.55377446710472,181.66784355961488,43872300
2020-06-11,177.04840087890625,186.06857351440414,176.85830510903045,183.5687858589512,52854700
2020-06-12,178.44566345214844,182.22862370226562,176.0123877928457,181.10703377682555,43373600
2020-06-15,179.58624267578125,181.3731750815915,174.9003022190702,175.44209047106233,32770200
2020-06-16,183.98704528808594,185.89753212160974,181.98150329725257,183.3407021258186,42556700
2020-06-17,184.62388610839844,186.60091457988608,184.10111171633025,185.3747696872733,25687800
2020-06-18,186.6009063720703,186.7624885400783,184.39575430738998,184.39575430738998,23061600
2020-06-19,185.48878479003906,189.42382696188116,184.7474010839948,188.75848446971048,44441100
2020-06-22,190.6405029296875,190.8210845257473,185.56485622646053,186.0971303068874,32818900
2020-06-23,191.9141387939453,193.85313907898706,191.45789148879962,192.0852206558405,30917400
2020-06-24,188.04563903808594,193.1878125857555,186.82900846349898,191.61950404139304,36740600
2020-06-25,190.42189025878906,190.67852759970847,185.79299092407084,188.00764282127645,27803900
2020-06-26,186.61038208007812,189.99413646513128,185.23216946864412,189.8420540312599,54675800
2020-06-29,188.61595153808594,188.70149248092682,183.96803843310832,186.0876350915484,26701600
2020-06-30,193.43490600585938,194.28084454907003,187.9505695474995,188.08363804294686,34310300
2020-07-01,194.56600952148438,196.1343324418635,191.78107062870032,193.0832420355836,32061200
2020-07-02,196.0487823486328,197.72166017594725,194.85116577047972,195.49749438312054,29315800
2020-07-06,200.26895141601562,200.67767110943888,197.78816312460114,198.49153344403433,31897600
2020-07-07,197.94027709960938,204.0424438056839,197.6931540036791,200.0313599594094,33600700
2020-07-08,202.29351806640625,202.7022232789149,198.3584758537507,199.67016142576213,33600000
2020-07-09,203.70980834960938,205.66782297036744,201.0008956149056,205.62029538664976,33121700
2020-07-10,203.09194946289062,203.48165528840798,200.63017471738777,203.04442188603093,26177600
2020-07-13,196.8186492919922,205.11645151657413,196.27686116396254,203.86179343274316,38135600
2020-07-14,198.0353240966797,198.51057084084894,192.02819828875812,195.92522739229784,37591800
2020-07-15,197.74066162109375,200.867793362139,194.87968140351137,199.1854158039586,32179400
2020-07-16,193.82461547851562,195.51649259722572,192.29432049997686,195.23134167200274,29940700
2020-07-17,192.83615112304688,194.88920632879422,191.4199104017401,194.34743250474673,31635300
2020-07-20,201.1244354248047,201.78977799074687,192.95968503330636,194.85117236676646,36884800
2020-07-21,198.41551208496094,203.34857552033253,197.73115562552331,203.08243850870448,37990400
2020-07-22,201.26699829101562,201.7897726158241,198.07333955618,198.84323696936167,49605700
2020-07-23,192.51292419433594,200.47806341735327,192.14223235359336,196.93272714528928,67457000
2020-07-24,191.33436584472656,192.81713354998143,187.7319869550339,190.4979268301186,39827000
2020-07-27,193.7581024169922,193.87215699393317,190.91612168004946,191.4959232851321,30160900
2020-07-28,192.01869201660156,194.56600751672175,191.75255500922717,193.52997313063014,23251400
2020-07-29,193.95770263671875,194.5184903248029,192.0091880475081,192.47493508696,19632600
2020-07-30,193.80560302734375,194.33789152672946,189.6899792712966,191.0491779037162,25079600
2020-07-31,194.8606414794922,194.94619690576195,189.15768123265423,194.28083994092853,51044000
2020-08-03,205.8198699951172,206.86541871701198,200.02186795595566,201.04840274562122,78983000
2020-08-04,202.73077392578125,204.13751489873653,199.8983070536526,203.56721293636207,49280100
2020-08-05,202.3980712890625,204.35608541482208,201.095899944012,204.26103027141724,28806400
2020-08-06,205.6392822265625,205.65828165484047,201.07691035504746,201.82779386667735,32656800
2020-08-07,201.9608917236328,205.021482513169,200.48762362874464,204.21357159256627,27820400
2020-08-10,197.94027709960938,201.39057324547656,196.13434519873215,201.19096322321653,36716500
2020-08-11,193.3113555908203,197.3699520347846,193.08323194975972,196.90421954309804,36446500
2020-08-12,198.83375549316406,199.86979002066158,194.61356165253872,195.1268218072775,28013100
2020-08-13,198.36798095703125,200.88679731225912,197.8452066566346,199.07135133423577,22588900
2020-08-14,198.55810546875,199.21394836744497,197.23691995666195,198.42503694607137,17958900
2020-08-17,199.86976623535156,200.73471877613036,198.57709453262723,199.2234376356791,20184800
2020-08-18,201.01983642578125,201.84676096881321,198.85271282768738,200.1073564618263,21336200
2020-08-19,199.80030822753906,202.08701579049102,199.37155510274798,201.5058125871485,27627600
2020-08-20,204.4499053955078,204.85007589217304,199.04758188287093,199.6478303586499,26981500
2020-08-21,202.9635772705078,206.0410886510413,202.8016045176839,203.76391835685175,36249300
2020-08-24,203.6019744873047,205.345584304616,202.40144814904102,204.65003619045197,25460100
2020-08-25,206.25070190429688,206.38409208408316,203.0398003733022,203.0398003733022,23043700
2020-08-26,210.70977783203125,211.6054039276982,207.0987054135543,207.59416093128425,39600800
2020-08-27,215.88340759277344,220.2376553277193,209.04235998516526,212.36760613351487,57602200
2020-08-28,218.1033935546875,219.75171793097093,215.88338875711744,217.4078456498201,26292900
2020-08-31,214.8829803466797,217.90332645550527,213.7205740160353,216.28358445756368,28774200
2020-09-01,216.54086303710938,216.71235847698847,213.83492494312688,214.86394119772189,25725500
2020-09-02,220.714111328125,221.86699526332427,216.61712013687557,217.20784612402568,34080800
2020-09-03,207.04153442382812,218.48455170958857,204.8120064646057,218.44644645781082,58400300
2020-09-04,204.13551330566406,208.05148569437216,195.5032274145481,204.94539163590494,59664100
2020-09-08,193.0926513671875,200.11471725105895,192.6543610562122,196.75136576926477,52924300
2020-09-09,201.31521606445312,204.69762722495835,196.9419086014435,197.79942927592472,45679000
2020-09-10,195.67471313476562,204.60237606499447,194.47420152382745,203.32562487927262,35461500
2020-09-11,194.3980255126953,198.78087170796042,191.7397439400694,197.41837246465715,33620100
2020-09-14,195.7128143310547,199.32388603691476,194.39795802128066,194.59805053998278,30375800
2020-09-15,198.92376708984375,199.876558392904,197.16109736380568,198.5807616392044,21823900
2020-09-16,195.3698272705078,200.70544896164475,194.97917941167134,200.6768663903581,26328100
2020-09-17,193.33082580566406,194.68378728459578,190.5200952559886,190.60584295698837,34011300
2020-09-18,190.92977905273438,194.03587233482992,186.98522507722865,193.22600874545523,55225300
2020-09-21,192.9783172607422,193.140304553541,187.109134700145,187.88089322203805,39839700
2020-09-22,197.6279296875,198.27583520030763,192.5400286648774,195.3793420932357,33517100
2020-09-23,191.12039184570312,198.2758633815495,190.58683107604844,198.0852935022952,30803800
2020-09-24,193.59759521484375,195.865242325311,189.79595409525504,190.41527693504318,31202500
2020-09-25,198.00909423828125,199.1714862447696,192.97834281685655,193.9406713310271,29437300
2020-09-28,199.5525665283203,202.53480726710254,198.2377101829386,200.92458801246855,32004900
2020-09-29,197.4755096435547,200.15286527380047,197.04675648786915,199.46685440932734,24221900
2020-09-30,200.4005584716797,201.97265800789293,196.78947197711074,197.9232957386492,33829100
2020-10-01,202.4300537109375,203.88782329242795,201.3438721690732,203.4114276242692,27158400
2020-10-02,196.4560089111328,201.02940932407267,195.83668594256645,198.18055856092133,33154800
2020-10-05,200.4482421875,200.47682476397242,197.20874298235645,197.4374181325775,21331600
2020-10-06,196.18922424316406,200.25763188349316,195.1506854050532,198.9618499090392,28554300
2020-10-07,199.92416381835938,200.1909441707046,196.96098283340308,197.28492832718817,25681100
2020-10-08,200.63877868652344,201.21998191757461,198.48547574347566,200.5720763220623,19925800
2020-10-09,205.62185668945312,205.6694991548574,201.25807145801653,201.25807145801653,26458000
2020-10-12,210.94796752929688,213.29184029670688,206.574659376011,208.4611818961351,40461400
2020-10-13,212.33901977539062,214.57808461932888,210.02372990076108,212.20562960629036,28950800
2020-10-14,210.43344116210938,213.634819812789,208.78511664370075,212.47241351746592,23421700
2020-10-15,209.29010009765625,209.9570509713848,205.81240380006528,206.85095716605545,22733100
2020-10-16,209.29010009765625,211.79593084741057,208.96615460733648,209.7569584400469,26057900
2020-10-19,204.10690307617188,211.8054566248075,203.6305075437447,210.01420477058122,27625800
2020-10-20,204.51663208007812,207.10822539351736,203.03028008469627,205.61235071965658,22753500
2020-10-21,204.65957641601562,206.6794893421019,203.05887945428486,203.05887945428486,22724900
2020-10-22,204.74530029296875,205.86006425184692,201.70589404020626,203.83061434447285,22351500
2020-10-23,206.0220184326172,206.06966089598714,203.09695727371624,204.87867200393134,18879600
2020-10-26,200.16238403320312,206.12685191973097,198.2758614620614,203.7544110534523,37111600
2020-10-27,203.18270874023438,204.5356704020045,200.400560381581,201.60107197312493,36700300
2020-10-28,193.1116943359375,198.98089103661246,192.55908828842558,197.86612718749194,51195600
2020-10-29,195.05540466308594,197.57077270816046,193.7691308000109,194.43609623327302,31432600
2020-10-30,192.91159057617188,194.6456625970207,190.1961304721257,193.89296412093262,36953700
2020-11-02,192.77821350097656,195.58894417052068,190.67253889874814,194.64567580398509,30842200
2020-11-03,196.68466186523438,198.29488116733683,193.5309256171822,194.26457884266878,27512000
2020-11-04,206.17445373535156,208.01334801298592,202.3918721219875,203.9163436100231,42311800
2020-11-05,212.74876403808594,213.53958256563163,210.70979122748378,211.55777490716312,36080100
2020-11-06,213.15843200683594,213.76821774632472,207.73704817031117,211.76735056508159,25231900
2020-11-09,208.08004760742188,217.35070093341986,207.59412938058674,213.84443666623005,44395000
2020-11-10,201.04844665527344,206.27927507697552,199.81935252170467,204.37369285917435,44045100
2020-11-11,206.32691955566406,207.74656901719345,202.1822723760831,202.36330501469286,29440800
2020-11-12,205.26934814453125,208.76609026899308,204.33561679521472,206.95579271890833,21593900
2020-11-13,206.288818359375,207.15586184430438,204.04976775287432,206.1459054941405,18621100
2020-11-16,206.97483825683594,207.46077109680175,204.39278212221393,204.72625033518352,24953300
2020-11-17,204.33560180664062,207.4035760150649,203.97353650780587,205.89817875225006,24154100
2020-11-18,201.6416778564453,205.54879230047052,201.49837627647196,204.0967541671124,28372800
2020-11-19,202.9217987060547,203.50452360075073,200.5431319241308,201.92830793266506,24792700
2020-11-20,200.98257446289062,203.75289739141846,200.61001359213682,202.71163939065835,22843100
2020-11-23,200.7150421142578,202.7975575607246,198.8522382569824,201.51747845639179,25683500
2020-11-24,204.2974090576172,204.6699699133725,199.5209803548547,200.21833486403702,33979700
2020-11-25,204.30691528320312,205.6634190108347,202.95997374000245,205.49147460908594,21012900
2020-11-27,205.6060791015625,206.59958411200816,204.4692871071578,205.24308055003328,14512200
2020-11-30,204.49795532226562,205.1570900128628,201.41237294373022,204.52661271853077,33064800
2020-12-01,206.5423126220703,207.6026802551805,203.8101951352775,204.91831538871995,30904500
2020-12-02,205.73989868164062,205.8354330925211,203.28482174826178,205.27181796723818,23724500
2020-12-03,204.66038513183594,206.70469566225796,204.0967555691371,205.01383612716327,25120900
2020-12-04,204.77500915527344,205.74940448853005,203.64776463709416,204.6412697625912,24666000
2020-12-07,204.70816040039062,205.90226749133078,203.46630068701492,204.7845850033911,24620000
2020-12-08,206.35122680664062,207.24919755761567,203.3707405493624,204.40245069453582,23284100
2020-12-09,202.32948303222656,205.60610548215897,201.76586805434036,205.53924307323217,32440600
2020-12-10,201.106689453125,203.55221778092496,200.95384028851285,202.30079622072253,26733300
2020-12-11,203.72421264648438,203.7815420297955,199.75978302617932,200.65775387019116,30979400
2020-12-14,204.6221923828125,206.54232595336725,203.36122284871206,203.57138686714595,28798400
2020-12-15,204.55532836914062,205.78764048898248,202.749839007766,205.54881906776095,27000600
2020-12-16,209.47499084472656,210.26787951186068,205.11889155543477,205.1475489526144,35023300
2020-12-17,209.6087646484375,211.01303564686324,208.17583624812565,210.03864025323077,32515800
2020-12-18,208.81588745117188,209.86670750037604,206.36081090203456,208.81588745117188,63354900
2020-12-21,212.6370391845703,213.98399551182237,207.56447448034749,207.82240569921558,37181900
2020-12-22,213.92666625976562,215.5411013062933,211.93012279193636,212.7325592225708,22612200
2020-12-23,211.13722229003906,213.5636412417296,210.92705829699878,213.1337656474204,18699600
2020-12-24,212.78988647460938,213.6114327473133,211.30919074657865,211.519354763538,10550600
2020-12-28,214.9010467529297,215.92319472597202,213.04779042772108,214.41384178664234,17933500
2020-12-29,214.12725830078125,217.02177246063968,213.58275309646694,216.19067866518566,17403200
2020-12-30,211.76771545410156,215.54110542494223,211.56711363086075,215.15898241983697,20272300
2020-12-31,212.47463989257812,213.02870733797383,209.85715187326116,211.78683303460437,20942100
2021-01-04,207.95616149902344,213.02872660293335,205.2049338183249,212.5797411251387,37130100
2021-01-05,208.15675354003906,208.74904060125732,206.05512786141864,207.54537125941306,23823000
2021-01-06,202.75941467285156,206.80983178476495,202.46327840180098,202.68299005830548,35930700
2021-01-07,208.529296875,209.53234971678856,204.15410145154507,204.46933288683374,27694500
2021-01-08,209.79981994628906,210.71690054092753,207.3256337272198,208.90184914517474,22956200
2021-01-11,207.76510620117188,209.12161023779376,207.03907969107567,208.70128216910732,23031300
2021-01-12,205.3195037841797,207.39248612899152,203.78150813560933,206.81930900323252,23249300
2021-01-13,206.66648864746094,207.0677068608454,204.3642467924793,204.45023357688456,20087100
2021-01-14,203.49493408203125,207.73640430086755,203.22745529133894,206.25570876749887,29480800
2021-01-15,203.14146423339844,204.91829592070977,202.5491918631282,203.97257256514928,31746500
2021-01-19,206.7620086669922,207.2778564550541,203.12237302041416,204.1922881817282,30480900
2021-01-20,214.3087921142578,215.69395347478093,207.57402496133145,207.9656955997527,37777300
2021-01-21,214.91061401367188,216.18114567833973,212.47463268897792,214.65268280655076,30709400
2021-01-22,215.8468017578125,219.7825887676581,215.70351473291043,216.92627926708488,30172700
2021-01-25,219.2667236328125,219.505545055719,214.1941589425185,218.87505300088512,33152100
2021-01-26,221.94149780273438,223.7087673579532,219.7921052743459,221.49251241957313,49169600
2021-01-27,222.48599243164062,229.68885343646144,219.84940963622762,227.35795442856718,69870600
2021-01-28,228.2464141845703,231.79053068312115,224.5781204522102,225.07487311695797,49111200
2021-01-29,221.5880126953125,227.37704001502485,221.00528800537288,225.43781177628287,42503100
2021-02-01,228.93417358398438,231.65674320065412,222.03701082648814,224.54941645846407,33314200
2021-02-02,228.80044555664062,231.47524811392537,228.0171189555544,230.51041491917857,25916300
2021-02-03,232.13438415527344,234.13092741775498,228.56161101991137,228.85776177893771,27158100
2021-02-04,231.1886749267578,232.36368677142988,229.6220070436973,231.80961934520695,25296100
2021-02-05,231.3701629638672,232.40187313232684,229.66975580932288,231.3988203649493,18054800
2021-02-08,231.62806701660156,232.78395426217978,230.04228965214776,232.27765413370346,22211900
2021-02-09,232.86996459960938,233.81568797324968,230.58683269861282,231.0549132931618,23565000
2021-02-10,231.96250915527344,234.9238864430231,230.1187999480879,234.045025240281,22186700
2021-02-11,233.55775451660156,234.188231861373,231.32237539359443,233.8347808948269,15751100
2021-02-12,234.0354461669922,234.33158239830547,231.87649118115476,233.02283109251383,16561100
2021-02-16,232.80307006835938,235.12442137957254,232.05794855525386,234.07360151416745,26728500
2021-02-17,233.8179931640625,233.92331717012576,230.69659519993473,231.06044442271175,21653500
2021-02-18,233.4254608154297,233.5595082453593,230.6200343854476,231.5200733907211,16925600
2021-02-19,230.72532653808594,233.492459581592,229.96890466577148,233.3871355719054,25262600
2021-02-22,224.54000854492188,227.8146085025634,222.51971275294736,227.32629596320396,36446900
2021-02-23,223.35267639160156,224.84635163271534,219.0056834616205,220.53766630946967,30228700
2021-02-24,224.5782928466797,225.20065276027566,219.26424384032524,220.2312992194705,26339700
2021-02-25,219.25466918945312,224.61658067323245,218.19185941267452,222.21329667802732,39542200
2021-02-26,222.50051879882812,225.36339152614113,219.78124846412535,221.68665015677448,37819200
2021-03-01,226.86668395996094,227.3741502565887,223.23780465757733,225.8708905631292,25324000
2021-03-02,223.92718505859375,227.21136873992538,223.52504280150532,226.9336896940317,22812500
2021-03-03,217.885498046875,223.64956749327112,217.5982493430205,222.289939212441,34029500
2021-03-04,217.0907440185547,222.60587139092198,214.7257530035434,217.10032822667858,44727800
2021-03-05,221.75369262695312,223.3526919831032,216.83221674303033,219.76212062975273,41872800
2021-03-08,217.7227325439453,223.4484945119107,217.47379145319076,221.53352258589504,35267400
2021-03-09,223.84104919433594,225.3730324555147,221.82075339106805,222.97931774121983,33080500
2021-03-10,222.53883361816406,226.92412005427826,222.17498436226296,226.92412005427826,29746800
2021-03-11,227.0486297607422,229.0018945134101,224.34851258579613,224.97088716934874,29907600
2021-03-12,225.7272491455078,225.79428015596775,223.31438114017362,224.06121880205077,22653700
2021-03-15,224.8272247314453,225.19107398861252,221.9547675055726,224.97085635878273,26034900
2021-03-16,227.60394287109375,229.8540256057872,225.9091890116329,226.23473065851354,28092200
2021-03-17,226.96240234375,228.4082150912853,223.31438418936858,226.11024066099444,29562100
2021-03-18,220.91114807128906,224.23362531391453,220.5377291546,222.67291862130548,34833000
2021-03-19,220.55686950683594,222.58673481626653,219.59938366501783,221.19838326764514,46430700
2021-03-22,225.95706176757812,226.8283626746955,220.35576442572489,220.48024224534427,30127000
2021-03-23,227.47947692871094,230.8019538061581,226.99116443288878,227.39330671357888,31638400
2021-03-24,225.44961547851562,227.881623009937,225.31556804938333,227.73800598232168,25620100
2021-03-25,222.46226501464844,226.8667058900846,221.72501140908014,225.2964296372037,34061900
2021-03-26,226.4262237548828,226.64645599438444,221.70582606846494,221.70582606846494,25479900
2021-03-29,225.23895263671875,226.7326280661036,222.02179993878485,226.53154963057577,25227500
2021-03-30,221.9931182861328,223.90809014243732,221.2750038400186,223.60168763259222,24792000
2021-03-31,225.74644470214844,228.93487436067073,222.51013782873864,223.00803456543431,43623500
2021-04-01,232.04664611816406,232.51580472205865,227.92945502541008,228.33159723306449,30338000
2021-04-05,238.48098754882812,239.333149299018,232.38179326413973,232.4392400726803,36910600
2021-04-06,237.3224639892578,238.79698589796425,236.38413186553555,237.0830925059559,22931900
2021-04-07,239.27565002441406,240.26185904186084,236.68087218203033,237.27450858979452,22719800
2021-04-08,242.48330688476562,243.3354687608856,241.28644949639067,242.0237177384508,23625200
2021-04-09,244.97276306152344,245.1068104974857,241.70773277335192,242.1194446802093,24326800
2021-04-12,245.0301971435547,246.71538151960232,243.79503226701306,243.88121709356932,27148700
2021-04-13,247.50051879882812,248.17077061108847,245.91108871216403,246.32282985291565,23837500
2021-04-14,244.72378540039062,247.82602995681816,244.3120735305234,246.53344753840463,23070900
2021-04-15,248.46755981445312,248.87927168685948,246.77282050375777,246.9643001275959,25627500
2021-04-16,249.65480041503906,249.90375603586548,246.64831065184072,248.43880415204717,24878600
2021-04-19,247.73985290527344,250.36338372256756,246.85898238104167,249.12821892691306,23209300
2021-04-20,247.28024291992188,249.137767340414,245.92060049723952,246.8589469140283,19722900
2021-04-21,249.50160217285156,249.5973565835507,246.31318775959062,247.9313408739318,24030400
2021-04-22,246.23663330078125,250.65062876395623,244.77166660182715,249.14736906186104,25606200
2021-04-23,250.0474090576172,250.39211913765618,246.33235950466667,246.9164410330128,21462600
2021-04-26,250.43040466308594,251.282581069,249.10909877572388,250.53574329781782,19763300
2021-04-27,250.8325653076172,252.0006991948617,249.06121066923387,250.45913180637936,31014200
2021-04-28,243.737548828125,245.63338096628055,242.19599632128015,245.19291652136513,46903100
2021-04-29,241.7747344970703,245.21211962839484,238.41396459315484,244.59932929978729,40589000
2021-04-30,241.45875549316406,242.32050145587482,238.9884550529176,239.12250247688505,30945100
2021-05-03,241.1523895263672,243.5365345797902,240.44384472962815,242.62691132381622,19626600
2021-05-04,237.25540161132812,240.53001592707363,235.31170659255298,240.30021407384137,32756100
2021-05-05,235.9915008544922,238.89268134693376,235.36914099561326,238.4713853027384,21901300
2021-05-06,239.1129150390625,239.23739286323433,234.28719323134123,235.972362911324,26491100
2021-05-07,241.7268829345703,243.48865338351683,240.4917180124829,241.43005005006262,27032900
2021-05-10,236.6713409423828,241.02790440002454,236.61389413007436,240.2044660000965,29299900
2021-05-11,235.76171875,236.11599842229506,232.25733191028016,234.15314965767922,33641600
2021-05-12,228.83908081054688,233.99035851824172,227.94862612817732,231.8743087065827,36684400
2021-05-13,232.69778442382812,235.15853006552896,231.15623162445522,231.5200809218459,29624300
2021-05-14,237.60011291503906,238.58632219282524,235.05321160322504,235.13938182515005,23901100
2021-05-17,234.75634765625,236.10640606144966,233.16693242516902,236.0681130601291,24970200
2021-05-18,232.74566650390625,235.9340961969697,232.57331145045896,235.8000487598773,20168000
2021-05-19,233.3214874267578,233.42705466326876,228.98366832095294,229.66504486622338,25739800
2021-05-20,236.54603576660156,237.95679107071055,234.0316351278429,234.12761065425127,21800700
2021-05-21,235.28880310058594,238.3214477349381,234.87614061014176,237.59208362345646,21863100
2021-05-24,240.67274475097656,241.03743419435494,237.53453234396076,237.8032462568259,21411500
2021-05-25,241.57485961914062,242.56334606960098,240.7111384283455,241.62284738392032,17704300
2021-05-26,241.35411071777344,242.74566790232322,240.6439299398986,241.29651661918214,17771600
2021-05-27,239.26199340820312,241.3445335898177,239.20441394645133,241.04702994155994,24426200
2021-05-28,239.61705017089844,241.92033089438252,239.50189126005725,240.88385676538599,18270200
2021-06-01,237.42898559570312,241.16220561121608,237.00673129893212,241.104626145466,23213300
2021-06-02,237.33297729492188,239.22358080973967,235.93181378502837,238.12952724758492,19406700
2021-06-03,235.80709838867188,236.41169739236216,233.20631371426092,235.33684170241455,25307700
2021-06-04,240.68234252929688,241.50768232361588,237.53453834719892,237.77446253573572,25281100
2021-06-07,243.58062744140625,243.84934135732763,239.74184047817525,239.90498716685534,23079200
2021-06-08,242.39060974121094,245.69196883019157,242.3330156367018,244.87622075345962,22455000
2021-06-09,243.36949157714844,245.23130558654012,243.00481677554484,243.58062603040793,17937600
2021-06-10,246.87237548828125,247.08350993870562,243.4462658042312,244.04127308607627,24563600
2021-06-11,247.4962158203125,248.07201045627983,246.26777582992523,247.59216206789282,18999700
2021-06-14,249.4156036376953,249.4731830999678,246.45011489255833,247.50578718025523,19150500
2021-06-15,247.9472198486328,249.51153012091862,247.29463313615113,249.3003956801018,18038900
2021-06-16,247.0067596435547,250.0777717386489,244.16605075768612,248.9453365777258,27220000
2021-06-17,250.3848876953125,251.20063582773113,245.69198560224893,245.74956506687877,27565500
2021-06-18,248.97412109375,251.72844608322075,248.3215343320705,249.1660721590066,37202200
2021-06-21,252.0452117919922,252.89932683819208,247.5250474095434,249.3484657362368,26696100
2021-06-22,254.80908203125,255.077795937688,251.82441004310962,252.13152001835851,24694100
2021-06-23,254.5787353515625,256.0758598739971,253.77259363083766,255.26971815327227,19518700
2021-06-24,255.94151306152344,257.054764738449,254.77068192610335,255.43287498640925,21446900
2021-06-25,254.3388214111328,256.4789557010309,254.0893201724312,255.5000755623851,25611100
2021-06-28,257.8896789550781,258.0624173190281,255.19293377437566,255.4616476586145,19590000
2021-06-29,260.4616394042969,260.70156354326315,257.179493584302,258.03360828946245,19937800
2021-06-30,259.9818420410156,260.42329434263524,258.7342479891088,259.7803139253489,21656500
2021-07-01,260.6535949707031,260.8839127760859,258.7342018255398,258.7437788756873,16725300
2021-07-02,266.4598388671875,266.7957386402668,261.5174056815565,261.8245157190933,26458000
2021-07-06,266.4693603515625,268.1104333301389,263.24476455954283,266.8244434060529,31565600
2021-07-07,268.64788818359375,269.3772670421519,265.97993254914314,268.13925010791996,23260000
2021-07-08,266.2391052246094,267.4963057183195,263.79186075613046,265.74004413313054,24618600
2021-07-09,266.73809814453125,266.84365072149694,264.2236975236495,264.60757033893503,23916700
2021-07-12,266.1431579589844,268.4943978499109,265.4329623197288,267.9089967844055,18931700
2021-07-13,269.6556091308594,271.45023740575635,266.2103012391227,266.3350372176916,26120100
2021-07-14,271.1239318847656,272.2275772639754,269.24290521159406,270.97037689383615,23113700
2021-07-15,269.7035827636719,271.12394453030225,268.5519349217963,270.634489804362,22604200
2021-07-16,269.4349365234375,272.6499273759891,268.19691917556315,270.7017436102099,26186800
2021-07-19,265.8455810546875,269.0701477729701,263.38875994905754,267.688182240101,32935600
2021-07-20,268.0624694824219,269.64596306299137,265.1258001402408,266.8244526302893,26259700
2021-07-21,270.0586242675781,270.17378317649553,266.1142851990735,267.6593827064098,24364300
2021-07-22,274.6075744628906,274.87628831519737,271.9971987743624,272.4002549090158,23384100
2021-07-23,277.9953308105469,278.30241146815854,274.9530796603886,275.78801102778897,22768100
2021-07-26,277.4002990722656,278.01451897326893,275.08745596802055,277.35232595583216,23176100
2021-07-27,274.991455078125,277.90891147588917,271.54614801020494,277.7649628522518,33604100
2021-07-28,274.68438720703125,278.4559881617901,272.3906980646863,277.3427364892114,33566900
2021-07-29,274.953125,276.9876774693035,274.5500394694676,274.70359446740275,18168300
2021-07-30,273.42718505859375,275.1066542513288,272.46748837703086,273.676715567838,20944800
2021-08-02,273.3408203125,275.2122112993794,272.3043314785068,274.8187321390319,16267400
2021-08-03,275.54815673828125,275.65373862205524,272.55390723217295,273.9166896548883,17879000
2021-08-04,274.9627380371094,275.99919768889043,273.1776867693029,274.6844177660965,16191300
2021-08-05,277.8513488769531,277.9569307324331,274.5692029085165,275.31776508444204,13900200
2021-08-06,277.7937927246094,277.83218879233317,276.02795434835366,276.8820984514025,16589300
2021-08-09,276.7093505859375,279.7995752873609,276.2103188203015,278.07213285524966,16117600
2021-08-10,274.8955078125,277.592253026987,273.70549335133626,277.1603778240849,18616600
2021-08-11,275.3849792480469,277.02605240134324,274.338884073963,275.63448047398396,13955900
2021-08-12,278.12969970703125,278.2832546943312,274.7995509694879,275.0778712144452,14561300
2021-08-13,281.0472106933594,281.09518381779094,277.64026951768847,277.81303719840986,18249000
2021-08-16,282.72662353515625,282.9377579581513,278.33119671669976,281.37344781790824,22507600
2021-08-17,281.2679138183594,281.60381354222284,279.3485202964206,280.60574999790174,20075300
2021-08-18,279.5467834472656,283.4794538884407,279.1044566907851,280.8063906085156,21813000
2021-08-19,285.3544616699219,286.0275472712108,277.5372141574895,277.5852791245708,29850500
2021-08-20,292.65252685546875,294.07560799546314,286.59487330209095,288.191023550766,40817600
2021-08-23,292.9312744140625,293.6524247840349,290.23899143697224,291.58513292551737,22830200
2021-08-24,290.97943115234375,293.89287816648005,290.3832847329818,293.287107016583,18175800
2021-08-25,290.39288330078125,292.8736280290071,288.86404781166596,292.5947749618287,20006100
2021-08-26,287.585205078125,290.7967251675743,287.4506055747187,289.4121138382239,17666100
2021-08-27,288.19097900390625,289.29673726337023,285.4121315880625,287.4890486022759,22605700
2021-08-30,291.912109375,292.51788050210155,289.47942948011064,289.53711917376893,16348100
2021-08-31,290.2678527832031,292.78706685723137,289.9024652133177,292.71015705794855,26285300
2021-09-01,290.2198181152344,293.45058787896966,289.8929000496603,291.2198217734967,18983800
2021-09-02,289.5659484863281,291.69093033858195,288.6332593639689,290.5755767585639,16285600
2021-09-03,289.55633544921875,290.96016674016533,288.7101809142856,289.4120818879158,14747900
2021-09-07,288.6332092285156,289.50820850832446,286.7293910832392,289.4312987154951,17180400
2021-09-08,288.662109375,289.04671710020153,286.0275156464967,288.2486568040006,15046800
2021-09-09,285.8160095214844,290.5179253274323,285.57562599791714,289.2486932805111,19927000
2021-09-10,284.335205078125,288.38328426235665,284.01791177587137,286.9409832920089,19633400
2021-09-13,285.5660400390625,287.0564356937497,282.7679719235952,286.10449685746556,23652900
2021-09-14,288.25830078125,289.79676112846977,286.6333058908585,288.0371373862397,21853400
2021-09-15,293.0947265625,293.5754934405264,290.2101252943416,291.59473625055216,28356300
2021-09-16,293.47943115234375,293.56596569773495,289.19099739981857,292.0755996209567,19550800
2021-09-17,288.335205078125,292.7871123350573,288.0082870289444,292.469819016164,41372500
2021-09-20,282.9794006347656,287.2293931677513,278.3832700003604,284.9313131787065,38278700
2021-09-21,283.460205078125,286.09482813249366,282.7583040538949,284.3159844038209,22364100
2021-09-22,287.0948181152344,288.6717480113228,283.18139690958066,285.3160036325235,26626300
2021-09-23,288.0371398925781,289.32559200827507,286.08522692976766,287.3544589280449,18604600
2021-09-24,287.8351745605469,288.26784720291187,285.50824964587054,286.7582613035244,14999000
2021-09-27,282.8545227050781,285.0660395820949,281.67182509968364,284.74874621384953,23571700
2021-09-28,272.61407470703125,279.5948200559048,271.8737041842086,278.65250629111523,43186200
2021-09-29,273.07562255859375,275.73906084869554,272.123713405147,274.1333156978042,26353700
2021-09-30,271.0756530761719,276.7582926672313,270.78717529668586,274.71984547108286,32343600
2021-10-01,277.97943115234375,278.82558560260657,270.4698544217859,271.2679145751983,30086300
2021-10-04,272.2198486328125,276.68138001851474,269.46987576086445,276.3448372844205,31350700
2021-10-05,277.6525573730469,279.22945781834716,273.12371126636924,273.12371126636924,24993000
2021-10-06,281.8352355957031,282.33525208926756,274.5276001795463,274.78720381326485,28002600
2021-10-07,283.50830078125,285.22945482720434,282.6140812194665,283.825594084445,20430500
2021-10-08,283.50830078125,285.22945482720434,282.46023226093035,284.82559764308587,17685700
2021-10-11,282.912109375,286.5082365093531,281.4890287428217,281.65250240514854,19298600
2021-10-12,281.6140441894531,284.07556854608913,281.10443241273595,283.979409290472,17974100
2021-10-13,284.91217041015625,285.8448596726452,282.2006371715357,283.56602852194857,23416300
2021-10-14,291.1043701171875,291.6043571503594,286.3736107122371,287.70053210668726,27262900
2021-10-15,292.50830078125,292.7390889350849,288.9602373568644,290.71023658361656,25384800
2021-10-18,295.4697570800781,296.3543518258326,291.0466953202489,291.8928498378823,22729300
2021-10-19,296.3736572265625,297.4024763811832,295.4024984250073,296.48903662007575,17682100
2021-10-20,295.5850830078125,297.7870034325731,294.33507157143436,297.315831958268,16537100
2021-10-21,298.8063659667969,299.0563448955344,294.57559217346744,295.35446184191204,16918100
2021-10-22,297.267822265625,299.1235756390308,295.960120910737,298.46011490450775,17449300
2021-10-25,296.2774353027344,297.4985727507945,294.6716608327069,297.46010317986077,17554500
2021-10-26,298.18133544921875,300.38325682669654,296.7294388642933,299.03711491126865,28107300
2021-10-27,310.739013671875,313.5563017750662,303.84480069426377,303.84480069426377,52588700
2021-10-28,311.87359619140625,312.37358336767323,308.9985892327168,311.8543467291355,26297900
2021-10-29,318.8638610839844,319.22924865393935,311.4408183451514,311.6619817016203,34766000
2021-11-01,316.7004089355469,318.7388560634213,313.81580729941845,318.6138519641994,27073200
2021-11-02,320.3157958984375,320.6234937918966,317.3061900673543,317.60426323174084,26487100
2021-11-03,321.15234375,322.01771844825345,317.9311991041292,321.0561844849301,21500100
2021-11-04,323.4985046386719,323.59466390839987,316.83508099254163,320.08507064099814,23992200
2021-11-05,323.13299560546875,325.757993029907,321.5560956804557,325.48876478204244,22570100
2021-11-08,324.02734375,324.661959731768,321.5754437081741,324.3254169521455,20897000
2021-11-09,323.0273742675781,325.69081300942594,321.6619830119795,324.1427279377186,21307400
2021-11-10,318.0754699707031,321.7581620227062,317.2293446076053,321.7004723239425,25500900
2021-11-11,319.6427001953125,320.9311520712927,317.7965715810098,318.5080972611384,16849800
2021-11-12,323.7676696777344,324.2580613168727,320.9503826221052,321.07538671393917,23831000
2021-11-15,323.14276123046875,324.8831355458123,321.18122351578705,324.5562174839805,16723000
2021-11-16,326.4504089355469,327.5657918667416,322.60427303916015,322.7677173822912,20886800
2021-11-17,326.6719055175781,329.6292219748661,325.59302210058706,326.4985198392835,19053400
2021-11-18,328.7430419921875,329.87975024868393,324.74538130798175,325.76646969293915,22463500
2021-11-19,330.5154724121094,332.4324456190178,329.63890158471446,330.06275288893943,21963400
2021-11-22,327.3558349609375,336.83466359463443,327.086114106962,331.9700164889101,31031100
2021-11-23,325.2847595214844,326.98980687418253,321.31599723176595,324.6778802533964,30427600
2021-11-24,325.5063781738281,325.7472014512142,321.65320573565054,323.9362057016911,21661300
2021-11-26,317.5784606933594,325.5256287318422,316.0757258160542,322.07705238453224,24217200
2021-11-29,324.27337646484375,326.585274135935,322.4527383080336,322.64540869619697,28563500
2021-11-30,318.455078125,325.38115820776426,316.9138032094252,323.0114652960252,42885600
2021-12-01,317.9637451171875,326.8260526046821,317.2990999831267,322.82839247617034,33337600
2021-12-02,317.3954162597656,321.2485884430419,315.76744866054173,318.1756812750894,30766000
2021-12-03,311.1533203125,320.48763300351385,306.3561099885442,319.8036737217345,41779300
2021-12-06,314.21661376953125,315.43037261838606,307.51210127524547,312.05884639145665,30032600
2021-12-07,322.62615966796875,323.47383295914125,317.98307955857507,319.46655926353213,31021900
2021-12-08,322.6742858886719,323.184830047875,318.65734078900067,323.00180200991804,24761000
2021-12-09,320.8729248046875,324.1384729979598,319.92888702095325,322.1348363640117,22214200
2021-12-10,329.9664611816406,330.4095678226741,322.5009388766094,322.6839669365227,38095700
2021-12-13,326.9417419433594,331.17061366442005,326.6334810302887,328.17475619826337,28899400
2021-12-14,316.2876281738281,322.3563918673137,312.2128880966609,320.98850283752,44438700
2021-12-15,322.3660583496094,322.88624490056276,312.5886384053127,316.54775928331173,35381100
2021-12-16,312.9739074707031,324.39857838163,311.1629118249928,323.3871030361662,35034800
2021-12-17,311.91424560546875,312.9931584037919,305.6046885387923,309.10144665260225,47750300
2021-12-20,308.1671447753906,310.95104695993683,305.9130421153367,308.301990542722,28326500
2021-12-21,315.2761535644531,315.70000480849893,308.0610694765146,311.42298181666746,24740600
2021-12-22,320.96923828125,321.3641625402389,313.7926936963985,316.24907907920306,24831500
2021-12-23,322.4045104980469,324.04212022481056,320.516464601709,320.53571987710177,19617800
2021-12-27,329.87969970703125,329.90859732114507,323.1173640307042,323.146261644818,19947000
2021-12-28,328.7237548828125,331.18978275080303,327.827899397402,330.5540058070814,15661500
2021-12-29,329.3980712890625,331.6617864461058,327.2113772440582,328.77190728660776,15042000
2021-12-30,326.8646240234375,330.5347684082041,326.38297747008363,329.3595496421258,15994500
2021-12-31,323.9747009277344,326.90309041033254,323.52195205286245,326.0843148981623,18000800
2022-01-03,322.4623718261719,325.59307446526094,317.67480384527,323.0403535774783,28865100
2022-01-04,316.9330139160156,322.8957994595312,314.1490832585769,322.53935638433114,32674300
2022-01-05,304.76666259765625,314.1009746877151,304.3813512536725,313.89866197929246,40054300
2022-01-06,302.35845947265625,307.0015395240339,300.0561747269668,301.65524488813156,39646100
2022-01-07,302.5125427246094,304.88223527940386,298.70752360593445,302.6184908441429,32720000
2022-01-10,302.73406982421875,303.16756341784094,293.5057361453158,298.1295306229004,44289500
2022-01-11,303.41802978515625,304.98817262993884,298.51487210343447,301.876755156164,29386800
2022-01-12,306.5873107910156,311.5386518627093,305.4409895513784,307.9359447652065,34372200
2022-01-13,293.6116027832031,309.1013658396806,292.8409803832439,308.70641230555947,45366000
2022-01-14,298.8135070800781,299.41074404993253,292.6002553313774,293.0819018422109,39846400
2022-01-18,291.54071044921875,298.4282516430957,290.6641100212884,292.90859986576606,42333200
2022-01-19,292.1957092285156,302.3873676008085,291.58885921501854,295.0470782257124,45933900
2022-01-20,290.5291748046875,300.2102576999121,290.08606825576,297.7249746936836,35380700
2022-01-21,285.1636657714844,292.94706137271686,284.7590697196657,291.5792015826187,57984400
2022-01-24,285.4912109375,286.2040385232011,265.9170853754429,281.47429461593225,85731500
2022-01-25,277.900390625,284.16179518047517,274.70228017866594,280.8191672649652,72848600
2022-01-26,285.8186340332031,297.17586579012413,282.2737231433276,296.6845769938161,90428900
2022-01-27,288.83380126953125,296.019959606394,286.9939079100606,291.55029488282537,53481300
2022-01-28,296.94476318359375,297.1566888577396,283.64168680427184,289.2095201733317,49743700
2022-01-31,299.56494140625,300.91354605848886,295.1241442973268,297.60945731115953,46444500
2022-02-01,297.4263916015625,299.2277450230752,293.9296328904505,299.01581936187534,40950400
2022-02-02,301.9538269042969,303.55289687211734,297.5419577332225,298.26442751039235,36636000
2022-02-03,290.1920471191406,299.8057228648471,288.9493907856898,298.12957287633566,43730000
2022-02-04,294.70989990234375,297.46490411870997,288.95903879189694,289.19021973386526,35096500
2022-02-07,289.9031066894531,296.54018169712276,288.8916311687313,294.9314984801919,28533300
2022-02-08,293.3805236816406,294.343816714322,288.9397569117174,290.192026095255,32421200
2022-02-09,299.7864685058594,300.4800407856737,296.1067108242928,298.4956591456946,31284700
2022-02-10,291.2805480957031,297.7731336434456,289.6622228774468,292.8796180366124,45386200
2022-02-11,284.2099914550781,293.12045222250043,283.4200840938403,292.06082398149493,39175600
2022-02-14,284.17144775390625,285.866852917156,280.65543402557785,282.9865867276755,36359500
2022-02-15,289.440673828125,289.7585476106749,286.11730093278925,288.9975672412042,27058300
2022-02-16,289.1028137207031,290.42524925713894,283.484848801482,288.0120371225755,29982100
2022-02-17,280.6373291015625,286.4965868814694,279.9326604203937,286.0718591090062,32461600
2022-02-18,277.9344482421875,283.65858009488875,276.3706915634675,282.87670175552876,34264000
2022-02-22,277.73175048828125,281.4191455825817,274.6235321794877,275.106174591051,41736100
2022-02-23,270.5403747558594,281.5736029979626,270.37629282765295,280.10635117029534,37811200
2022-02-24,284.3633117675781,284.9135313013762,262.0941791874867,263.0498313930732,56989700
2022-02-25,286.9889221191406,287.29782043336456,281.525404701234,284.89426986554474,32546700
2022-02-28,288.4174499511719,288.7553055184813,282.82844278237695,284.09296349755033,34627500
2022-03-01,284.7108459472656,289.5565664408294,282.00803005009567,286.1104916374732,31217800
2022-03-02,289.76885986328125,291.00442328606925,283.504170648304,285.10651756719705,31873000
2022-03-03,285.6471252441406,292.60682123875046,283.84201770674827,292.37516228556973,27314500
2022-03-04,279.7974853515625,285.3961558141852,277.20089590151974,284.07372012763096,32356500
2022-03-07,269.2275695800781,279.63333786848386,268.8607566666478,278.5136040383842,43157200
2022-03-08,266.27386474609375,274.10231170934804,260.6269417825075,268.1561527618495,48159500
2022-03-09,278.4846496582031,279.54646877210064,271.0326502290579,273.6003111924272,35204500
2022-03-10,275.6756896972656,276.6506367973392,270.83960329634476,273.194900626514,30628000
2022-03-11,270.34735107421875,279.4596429563479,269.7295545935928,277.9634336750457,27209300
2022-03-14,266.84332275390625,275.49226599874805,266.244850912999,270.6079274452205,30660700
2022-03-15,277.1816101074219,277.8283640849266,269.05392607565614,270.6176832217213,34245100
2022-03-16,284.1702575683594,284.34400179367987,273.3687163552092,279.0735246270153,37826300
2022-03-17,284.9713439941406,285.34778970055567,279.32442273270993,283.10835163440186,30816600
2022-03-18,290.00054931640625,290.55076880569743,282.56787290557435,285.11620984529543,43390600
2022-03-21,288.774658203125,289.72064808863075,284.66253476098274,288.5140418634162,28351200
2022-03-22,293.5045166015625,294.4118867402999,288.39815136686497,289.3923936093338,27599700
2022-03-23,289.0931396484375,292.70332488596847,287.3845961318238,290.0777490123799,25715400
2022-03-24,293.54315185546875,293.6396862396896,287.96380616213776,288.7553468713274,24484500
2022-03-25,293.1376953125,294.89452080427003,288.90011015175327,294.63390450047564,22566500
2022-03-28,299.91400146484375,300.01050637906735,293.7651124963967,293.7651124963967,29578200
2022-03-29,304.4606018066406,304.8563722649628,298.321372750695,303.0126740383153,30393400
2022-03-30,302.96429443359375,304.9817657302456,300.76344611358445,302.86778951334975,28163600
2022-03-31,297.60699462890625,304.19990720218783,297.20159145457893,303.0029338565664,33422100
2022-04-01,298.6784362792969,299.3637802401649,294.933126535701,298.6301543643232,27110500
2022-04-04,304.03570556640625,304.17083009835846,298.9582989112328,299.32511178933805,24289600
2022-04-05,300.0877685546875,303.93924580373067,299.11282139815006,302.3947841023135,23156700
2022-04-06,289.1028137207031,296.3424501243935,286.4096607302466,294.59528689562205,40110400
2022-04-07,290.9079284667969,293.10877703347046,286.06220849283096,286.3614444787001,31411200
2022-04-08,286.66064453125,290.6665707873598,285.9945956247322,290.0101841560006,24361900
2022-04-11,275.35723876953125,282.4520607322384,275.106255215354,281.6605493335074,34569300
2022-04-12,272.26824951171875,280.6469151575573,270.75274518786716,279.1989878449197,30966700
2022-04-13,277.63525390625,278.5619192143064,271.53464592371415,272.91502579688114,21907200
2022-04-14,270.1156311035156,278.3012567664223,269.6233558898287,278.0888929332903,28221600
2022-04-18,270.78173828125,272.65439354264834,268.67742404587597,269.22764356722877,20778000
2022-04-19,275.3957824707031,276.2356051160154,268.7449845312876,269.6813121043786,22297700
2022-04-20,276.4189758300781,279.6430533893089,275.4633531849248,279.35345023812204,22906700
2022-04-21,271.06170654296875,283.1181080139608,270.3377427180526,278.5619611641617,29454600
2022-04-22,264.51702880859375,273.36870459899797,263.8895994942571,271.90145264874303,29405800
2022-04-25,270.9747314453125,271.35117717297004,261.37013656802014,263.80267294857015,35678900
2022-04-26,260.8393249511719,268.6967298664818,260.62696106383044,267.86659887115906,46518400
2022-04-27,273.38800048828125,280.86895873505813,269.4689460085579,272.30688607431046,63477700
2022-04-28,279.5755310058594,280.878671795448,271.6891386988606,275.289662762596,33646600
2022-04-29,267.8858642578125,279.81680135936267,266.9012842301464,278.59087064005706,37073900
2022-05-02,274.5945739746094,275.0482590184196,266.6309742081337,268.0692391635906,35151100
2022-05-03,271.9979553222656,274.2663805402377,270.4245363528179,274.10226915929724,25978600
2022-05-04,279.91339111328125,280.78214183402685,267.1233632088205,272.77991990061037,33599300
2022-05-05,267.7217712402344,276.40933528615983,264.816254282709,275.6274568786791,43260400
2022-05-06,265.1927185058594,269.5557954403699,261.85281170163194,265.2699283325795,37780300
2022-05-09,255.3950958251953,262.9050120493982,254.17885674013965,260.6848683023518,47726000
2022-05-10,260.14422607421875,264.24668604013874,255.86802193263964,262.25820191919195,39336400
2022-05-11,251.50498962402344,261.939717895706,250.29838339965534,256.45690628213566,48975900
2022-05-12,246.48548889160156,250.85822802261495,241.3405189455736,248.74425187403014,51033800
2022-05-13,252.05519104003906,253.90855102922657,246.4855077130794,248.4160775334941,34925100
2022-05-16,252.42198181152344,256.59201932670356,246.90055143257808,250.9354349323041,32550900
2022-05-17,257.5572509765625,259.0148107302658,253.34859468900936,256.8718776822424,28828800
2022-05-18,245.830810546875,255.04172974493503,244.56334455457838,254.46120398258716,31356000
2022-05-19,244.92132568359375,249.30426416130737,243.7022393056512,245.65664551679004,32692300
2022-05-20,244.36021423339844,250.14607414733115,238.4389150078695,248.8882631085942,39199300
2022-05-23,252.18751525878906,253.0099243599592,245.2019245791374,247.19505531377055,33175400
2022-05-24,251.19097900390625,252.84545260288888,245.26968020605537,249.51716536945642,29043900
2022-05-25,253.996826171875,255.9899423675997,248.78183714380614,249.75905520569623,28547900
2022-05-26,257.26708984375,258.4377968295687,252.94221495828464,253.75493935952196,25002100
2022-05-27,264.3687438964844,264.46550311516876,258.87316278571984,259.763306260141,26910800
2022-05-31,263.04327392578125,265.84911459447005,260.1987236575402,263.68184944791426,37827700
2022-06-01,263.57537841796875,268.674267192914,261.27264493032675,266.26511923779674,25292200
2022-06-02,265.6652526855469,265.73298709587516,253.10669066458044,255.86416618600398,44008200
2022-06-03,261.2532958984375,264.5719571114333,259.6955816677973,261.5338887851949,28059000
2022-06-06,260.0245056152344,265.27820295854366,258.5441812387559,263.2270376292287,22400300
2022-06-07,263.65277099609375,264.26232157625736,257.3057561922374,257.9830411761452,22860700
2022-06-08,261.630615234375,264.1365222872214,260.85657107937885,262.88839638694134,17372300
2022-06-09,256.193115234375,263.8559613723618,256.0383063846379,259.08602995149107,26439700
2022-06-10,244.7762451171875,252.11980426463842,244.33117332105226,252.11980426463842,31422800
2022-06-13,234.3945770263672,240.9351106086177,233.68828195632932,237.1520524259518,46135800
2022-06-14,236.5522003173828,237.76161683238632,233.66894071597716,235.9426496695378,28651500
2022-06-15,243.58615112304688,247.01122689050288,238.4195274205562,240.24816456305055,33111700
2022-06-16,237.01661682128906,239.38707028498348,235.12992997318065,237.99382006995404,33169200
2022-06-17,239.6095733642578,242.3670486857971,236.10710816342058,236.75535358790026,43084800
2022-06-21,245.5019073486328,246.47911067673215,241.40923081845435,242.13488080081962,29928300
2022-06-22,244.9116668701172,248.82050899795738,242.24126597240473,243.71192046945043,25939900
2022-06-23,250.45562744140625,250.94907881697276,245.3954477538114,247.2724645049341,25861400
2022-06-24,259.0086669921875,259.2795751254641,253.22280743470034,253.3098818853851,33923200
2022-06-27,256.28985595703125,259.58911783064,254.73211231864522,259.50204339521724,24615100
2022-06-28,248.1529083251953,258.2442718055391,247.99809948086303,255.40940681520112,27295500
2022-06-29,251.8102569580078,253.46473083621518,247.45634181118567,249.22692973872202,20069800
2022-06-30,248.49151611328125,251.10386732586358,244.68911807030898,248.7043745789492,31730900
2022-07-01,251.15223693847656,251.33607059535083,246.343610863831,248.0658334178518,22837700
2022-07-05,254.31610107421875,254.44188511131125,246.46940643072733,247.84330176827007,22941000
2022-07-06,257.5670166015625,259.28922459470346,253.8807173042958,255.18689308896802,23824400
2022-07-07,259.6859130859375,260.32448856109585,256.4156460435075,256.5124052718838,20859900
2022-07-08,258.96990966796875,259.395626588486,254.74179480110894,256.1930944319359,19658800
2022-07-11,255.92222595214844,257.8766324611341,253.66785697508126,257.0251984883415,19455200
2022-07-12,245.4341583251953,257.3057954639804,243.8570743997537,257.24774583098747,35868500
2022-07-13,244.51495361328125,245.3180078165061,240.05462566158542,242.06709617748936,29497400
2022-07-14,245.830810546875,246.85639326542395,237.95509174418504,242.43477469827525,25102800
2022-07-15,248.38511657714844,251.91660674220472,246.49842984837338,247.41758340717305,29774100
2022-07-18,245.9953155517578,252.3713557823353,245.07616196648328,251.3167481398981,20975000
2022-07-19,251.10386657714844,251.28770022998475,245.44379198460823,249.21716520404595,25012600
2022-07-20,253.75494384765625,256.27053629222974,250.5040461852087,251.46189468811332,22788300
2022-07-21,256.24151611328125,256.2899104944366,248.6850833881356,251.35548474975212,22404700
2022-07-22,251.90692138671875,256.71556241158675,250.65882485957425,256.62848796970013,21881300
2022-07-25,250.4265594482422,253.0098856124285,248.47215337066098,252.52611910074125,21056000
2022-07-26,243.72158813476562,251.44251309723307,241.46724894665664,251.42314353761344,39348000
2022-07-27,260.0148620605469,261.28232818719346,250.4459740907152,252.68097341491003,45994000
2022-07-28,267.435791015625,268.8193560723427,259.1730512079758,260.99201791065275,33459300
2022-07-29,271.6252746582031,272.8443759995339,267.64872718084746,268.6839948428737,32152800
2022-08-01,268.98388671875,272.147709327751,266.8843268988861,268.80005306751355,21539600
2022-08-02,265.8974609375,268.8677947225736,263.53667774646465,267.0391429404589,22754200
2022-08-03,273.2991027832031,274.29566079302055,267.6293429063653,267.7744965070368,23518900
2022-08-04,274.4407653808594,274.58588944445677,271.0737689983291,272.65082319177765,18098700
2022-08-05,273.724853515625,274.4408187197017,269.6321769661417,270.0869188049732,16774600
2022-08-08,271.2188720703125,276.6370630638141,270.25133901885744,274.82775145511005,18739200
2022-08-09,273.1346130371094,273.8892877589125,268.5968799256363,270.5610006852255,23405200
2022-08-10,279.7719421386719,280.4008328998237,277.6240169581476,278.8140935874834,24687800
2022-08-11,277.70135498046875,281.7553212542064,277.20793315057733,281.40702349193015,20065900
2022-08-12,282.4326171875,282.4326171875,277.62397604955174,279.1139854304459,22619700
2022-08-15,283.9419860839844,284.62892642888846,280.6910589868737,281.55217775836655,18085700
2022-08-16,283.2066345214844,284.49347021164397,280.9910047541906,282.51000943686375,18102900
2022-08-17,282.4601135253906,284.4283741022155,280.6663715204341,280.9281493782367,18253400
2022-08-18,281.3450012207031,283.0320727028022,280.2881256209133,281.36438230357066,17186200
2022-08-19,277.447265625,280.4529907173876,276.8752129457477,280.11362940883,20570000
2022-08-22,269.302734375,273.8694799294029,268.7888545532896,273.5010322101689,25061100
2022-08-23,268.0325927734375,270.3789763942887,267.0242141584032,268.0325927734375,17527400
2022-08-24,267.40234375,268.7985510668254,266.74300225801466,267.03389604285996,18137000
2022-08-25,270.3692932128906,270.5341064037505,266.170965672793,268.89550229541334,16583400
2022-08-26,259.9365539550781,271.813993730699,259.82991359676106,270.59230474229855,27549300
2022-08-29,257.1635437011719,259.2675307004995,255.82550904713992,257.7646828438369,20338500
2022-08-30,254.9722137451172,258.9281144317048,252.73247085229136,258.5596963436321,22767100
2022-08-31,253.5178985595703,258.9863535184162,253.38214218494335,257.3186923863377,24791800
2022-09-01,252.48048400878906,252.9556018257144,247.64225367428696,250.99701687597764,23263400
2022-09-02,248.27243041992188,256.68843798920335,246.73079073027628,253.7409149849548,22855400
2022-09-06,245.54786682128906,249.98856152174304,244.27771043015858,248.408159830305,21328200
2022-09-07,250.24066162109375,250.9581464072949,245.5187784892074,246.95376285633063,24126700
2022-09-08,250.65760803222656,252.5095226601968,247.04105284590432,249.67834533210234,20319900
2022-09-09,256.4169616699219,257.1635625736853,252.37380057718096,252.57740555573184,22084700
2022-09-12,258.54034423828125,259.316031521762,257.09566920762467,257.6968083589195,18747700
2022-09-13,244.32623291015625,252.48044831794587,243.93838923418878,250.96789496848143,33353300
2022-09-14,244.54920959472656,246.49807394155667,242.26098391432333,245.8193660691324,23913000
2022-09-15,237.917236328125,243.75413876662034,236.59859756302296,242.1737221928397,31530900
2022-09-16,237.29669189453125,237.83965816543386,234.69819143342704,236.8312795525679,39791800
2022-09-19,237.0833740234375,237.68451311918642,233.5249921595804,235.09571807800603,26826900
2022-09-20,235.07632446289062,236.10408413767027,232.35178783208616,234.70789152713547,26660300
2022-09-21,231.6827850341797,240.12789337863492,231.634302730604,236.84099440441966,28625600
2022-09-22,233.65103149414062,236.44344631490495,230.3447516288207,230.63561584371612,31061200
2022-09-23,230.68406677246094,233.79644660106183,228.04678975477913,232.25479249816885,34176000
2022-09-26,230.22840881347656,234.10675645335732,229.69513305404854,229.84057996737735,27694200
2022-09-27,229.2200469970703,234.44611989699393,227.3681324316485,232.68146460352042,27018700
2022-09-28,233.7383270263672,234.96000122532365,227.5911346801097,229.60787725874428,29029700
2022-09-29,230.27687072753906,232.652355487679,227.28085099175377,231.6245958212714,27484200
2022-09-30,225.81675720214844,233.224399677071,225.65192922341265,231.04282940218874,35694800
2022-10-03,233.41831970214844,234.26185544099243,227.52323048220958,228.25042054527364,28880400
2022-10-04,241.3107452392578,242.74572942825094,237.52934819154362,237.6360033214855,34888400
2022-10-05,241.62106323242188,242.95909794804967,236.6761787000421,238.5086974304911,20347100
2022-10-06,239.28433227539062,242.72636855289312,238.59593389672287,240.38966069294162,20239900
2022-10-07,227.11602783203125,233.98070446797666,226.07856280672056,233.57346497384196,37769600
2022-10-10,222.2777862548828,227.4262900818972,219.83442324055144,225.962219258619,29743600
2022-10-11,218.55458068847656,222.0935668585732,217.29411479408543,220.69735939369207,30474000
2022-10-12,218.8842315673828,220.93006041435294,217.14867761413385,218.54487025171542,21903900
2022-10-13,227.11602783203125,228.91945995498912,212.46557001660585,213.163673728378,42551800
2022-10-14,221.60879516601562,230.02481774633813,221.39548484935546,228.37650806401442,30198600
2022-10-17,230.30596923828125,231.6924861628052,227.98865719878884,228.64798396705297,28142300
2022-10-18,231.24649047851562,236.51134058165383,228.21167855259944,235.84233800532098,26329600
2022-10-19,229.28790283203125,232.32271452181564,227.16450518293112,229.83086912144609,19985700
2022-10-20,228.9679412841797,233.97101325567382,227.72687123159972,228.59950832135635,21811000
2022-10-21,234.75640869140625,235.6096500183771,227.36816020291946,227.60086641792716,26299700
2022-10-24,239.7303466796875,240.30239936572295,233.96130792884753,236.34648327507583,24911200
2022-10-25,243.03662109375,243.40505400256714,238.35351526216095,239.74001722910089,34775500
2022-10-26,224.28482055664062,231.0525321235999,223.06313174791288,224.13937366312916,82543200
2022-10-27,219.8538055419922,226.58274025958372,218.9133051682239,224.01332637862237,40424600
2022-10-28,228.69644165039062,229.40425069094275,219.17510664004706,219.3593305055409,40647700
2022-10-31,225.07020568847656,227.77534655596756,224.11999990021067,226.65062223193135,28357300
2022-11-01,221.23060607910156,228.57038484843883,220.41615676312193,227.46505654968945,30592300
2022-11-02,213.4060821533203,224.26545245124476,213.34789451187777,222.48141610977814,38407000
2022-11-03,207.73399353027344,213.70665239090863,207.4722009244926,213.3963774811355,36633900
2022-11-04,214.6568145751953,214.85072897039285,206.93889737068497,210.93360492641042,36789100
2022-11-07,220.93975830078125,221.46334350265937,214.55018429237435,215.23859748900023,33498000
2022-11-08,221.90933227539062,224.6047824698309,218.97148537429405,221.74450429023085,28192500
2022-11-09,217.68194580078125,221.67665381960256,217.507427263288,220.45496487826287,27852900
2022-11-10,235.59017944335938,235.929540716647,227.852881482764,228.26979667507564,46268000
2022-11-11,239.5946044921875,240.44784564522814,234.5721369704996,235.59991144789905,34620200
2022-11-14,234.20370483398438,236.491930374749,231.9348751725974,234.63032541196574,31123300
2022-11-15,234.61090087890625,239.48792091889985,232.72990026647722,238.18867825897934,31390100
2022-11-16,235.0387420654297,237.05145015358517,233.76500614633548,236.06939815763067,24093300
2022-11-17,234.9901123046875,236.51666066871482,231.0522311596021,231.19807311445172,23123500
2022-11-18,234.54286193847656,236.99311072037338,232.4134803048627,236.76946659991202,27613500
2022-11-21,235.34988403320312,237.8973557920272,234.51368886128466,234.74703599252672,26394700
2022-11-22,238.2473907470703,238.51963895713513,234.04697919434565,236.8472486173572,19665700
2022-11-23,240.72682189941406,241.40744246425524,237.50844728562427,238.3251919634337,19508500
2022-11-25,240.63931274414062,241.81581080755163,239.9003405690243,240.46428755240743,9200800
2022-11-28,235.06788635253906,239.8225266855465,234.1344682213795,239.2683124519981,24778200
2022-11-29,233.6775360107422,236.06943355765867,231.61622351723406,234.71791011091975,17956300
2022-11-30,248.07754516601562,248.2622882065125,233.22050747543122,233.9108607052224,47594200
2022-12-01,247.63998413085938,249.03039349182038,243.97433652295894,246.84267525021951,26041500
2022-12-02,247.96087646484375,248.9720820268652,242.77841272299736,242.9048189819058,21528500
2022-12-05,243.27427673339844,246.79408255563942,241.19351410319612,245.03417222631165,23435300
2022-12-06,238.3349151611328,244.88835294425144,237.03201078829815,243.8771473447241,22463700
2022-12-07,237.60568237304688,239.3461423733255,235.50548378588942,238.0529558163032,20481500
2022-12-08,240.5518035888672,241.854722806182,236.3319411296729,238.06266840254827,22611800
2022-12-09,238.62660217285156,241.43660437225947,237.40148518904434,237.92653108598594,20609700
2022-12-12,245.5203399658203,245.5495083577721,240.32815848858516,240.6004067044122,30665100
2022-12-13,249.8083038330078,256.61453937496145,246.06486835036688,254.44625651294808,42196900
2022-12-14,250.09999084472656,255.32134114124744,247.27053790250687,250.01248566170938,35410900
2022-12-15,242.1172332763672,247.16357301987648,240.49346176051932,246.69686389132764,35560400
2022-12-16,237.9167938232422,242.92423190340745,236.76944942143655,241.66994662968148,86102000
2022-12-19,233.79417419433594,238.42242358687312,232.1023480969562,238.08210589515767,29696400
2022-12-20,235.1068115234375,236.18608654823132,231.82036751639754,232.77323628356203,25150800
2022-12-21,237.6640167236328,238.82107914890844,233.463604755998,234.99987114249353,23690600
2022-12-22,231.59674072265625,235.29155709825014,227.39631414751827,234.58175331390822,28651700
2022-12-23,232.1217803955078,232.25790450291396,227.46437751544144,229.57430859844388,21207000
2022-12-27,230.4007568359375,232.31621194954764,229.30203142721194,232.09258269485227,16688600
2022-12-28,228.03805541992188,233.0843952081068,227.68801986130742,230.33272967385747,17457100
2022-12-29,234.3386688232422,235.2234829457409,229.12703678909463,229.12703678909463,19770700
2022-12-30,233.18162536621094,233.3177494769252,230.1090927684712,231.6161906747891,21938500
2023-01-03,232.94827270507812,238.94748134129327,230.82860879757206,236.3513904454424,25740000
2023-01-04,222.75836181640625,226.42399496515415,219.70527974958796,225.85033012794412,50623400
2023-01-05,216.15631103515625,221.2512697398711,215.62153242856337,220.910952034835,39585600
2023-01-06,218.70376586914062,219.51079264209568,213.27823740876858,216.82719680304174,43613600
2023-01-09,220.83316040039062,224.8391261091335,220.14282198786435,220.18170823285104,27369800
2023-01-10,222.51527404785156,224.90717117777552,221.03734458217542,221.4554347527597,27033900
2023-01-11,229.2436981201172,229.41870845172386,224.71268716284243,224.88769749444907,28669300
2023-01-12,231.90786743164062,233.25939064495995,227.09488993594465,228.74782975392716,27269500
2023-01-13,232.6079559326172,232.74408004932297,228.41726187215806,230.4396879177981,21333300
2023-01-17,233.69696044921875,234.24145690846152,230.52718988997353,231.3828356610212,29831300
2023-01-18,229.2825927734375,235.6707371669467,229.00062672780834,234.88316097298835,30028700
2023-01-19,225.50999450683594,229.00063185867876,224.2945954552454,227.3087910377556,28623000
2023-01-20,233.570556640625,234.07616685941196,228.0186065956563,228.35892430446629,35389800
2023-01-23,235.86521911621094,238.38352255893335,233.0163158336519,234.4261906970003,31934000
2023-01-24,235.3401641845703,237.19729766623655,233.7844621578948,235.78743760454404,40234400
2023-01-25,233.94976806640625,236.56530958865662,224.5085403000208,227.9894454823822,66526600
2023-01-26,241.13519287109375,241.43660948835614,235.30127691453504,236.90559786802248,33454500
2023-01-27,241.29078674316406,242.91455836670545,239.99760015608618,242.09781362847204,26498900
2023-01-30,235.99160766601562,238.80160965707887,235.49571536167772,237.7417704170005,25867400
2023-01-31,240.95042419433594,241.0865482920522,236.22495217873632,236.71111179006792,26541100
2023-02-01,245.7537078857422,248.11643670951443,238.67522443009082,241.1351911203326,31259900
2023-02-02,257.2757263183594,257.36323150604915,250.12917259535388,251.65572121722164,39940400
2023-02-03,251.19873046875,256.88680506414505,249.98333118224824,252.3557929633264,29077300
2023-02-06,249.6623992919922,251.15004653464848,247.72749350962195,250.3138662354951,22518000
2023-02-07,260.15374755859375,261.33024559426707,252.88078856760495,253.31834411841427,50841400
2023-02-08,259.3466796875,269.0990389029527,258.84105477373936,265.63758534134274,54686000
2023-02-09,256.32281494140625,266.3960585481187,255.525505975814,266.2210185187912,42375100
2023-02-10,255.8172607421875,256.7798475306488,253.44479884068832,254.2907120393768,25818500
2023-02-13,263.8097229003906,266.9989295409681,259.7551376978075,260.2315944105398,44630900
2023-02-14,264.6361389160156,267.35862090148964,261.82612208741193,265.12229853290944,37047900
2023-02-15,262.52093505859375,263.89534271397224,259.4601911138888,261.54618038787015,28922400
2023-02-16,255.53189086914062,260.00601053578754,255.2882022397123,257.3546770577212,29603600
2023-02-17,251.5452423095703,253.5239935288887,249.53724963369683,252.8416829602165,30000100
2023-02-21,246.29127502441406,249.04009049318063,245.2385381346892,248.05557870006874,28397400
2023-02-22,245.16055297851562,247.91911060638247,244.0200917469653,247.6754219276689,22491100
2023-02-23,248.3382568359375,250.35599131241563,244.15655088158258,249.1083064975943,29219100
2023-02-24,242.92837524414062,244.66343747539474,241.83665470499022,243.64969909955178,24990900
2023-02-27,243.84463500976562,246.4374860355747,243.09406973943646,246.08657375483682,21190000
2023-02-28,243.12330627441406,245.14105556625483,242.4507231771338,242.7821510664902,22491000
2023-03-01,240.05282592773438,244.59517118131993,239.58493299824488,244.42946467971646,27565300
2023-03-02,244.77066040039062,245.0533327272031,239.4095093951341,240.32578121944115,24808200
2023-03-03,248.84510803222656,249.16677885152734,245.04357084699137,245.82337754163785,30760100
2023-03-06,250.38526916503906,253.5532223719332,249.51773795870963,249.9563746587947,24109800
2023-03-07,247.73390197753906,251.18454195758378,246.99309375726955,249.82961864090797,21473200
2023-03-08,247.29525756835938,248.11404792403098,244.47821715829852,247.62667058752513,17340200
2023-03-09,245.95013427734375,253.00734939553732,245.22881038258097,249.36177602188675,26653400
2023-03-10,242.31427001953125,246.40823683070676,241.3492723748031,244.74141460422547,28333900
2023-03-13,247.50967407226562,251.3989500894406,239.52643191118628,241.15427022828456,33339700
2023-03-14,254.206298828125,254.47922896742975,249.40075019061067,250.26828132059583,33620300
2023-03-15,258.7388610839844,259.75261418809725,252.6661292714571,253.41670934490338,46028000
2023-03-16,269.2272033691406,269.57810070864684,256.6333622072751,258.51463124296953,54768800
2023-03-17,272.375732421875,276.177270273355,269.3442592079885,271.2352859400092,69527400
2023-03-20,265.35748291015625,270.47494508940247,263.0375619626868,269.98756773899805,43466600
2023-03-21,266.8682861328125,268.0574878140918,262.71582243886,267.9405220334982,34558700
2023-03-22,265.4158935546875,273.94499486477235,265.3086550982741,266.49785669939456,34873300
2023-03-23,270.6503601074219,273.9645197282161,268.2524721711086,270.9232901997897,36610900
2023-03-24,273.4869079589844,273.54539085578926,268.33044774491924,270.2409584505626,28172000
2023-03-27,269.40277099609375,274.35451292753913,268.56446629186837,273.4187565285179,26840200
2023-03-28,268.2817687988281,269.1687992182552,265.18202599070054,268.8276290958363,21878600
2023-03-29,273.4284362792969,274.0425364680911,271.3814455656998,271.9175487241211,25087000
2023-03-30,276.87908935546875,277.2787423935812,274.3739921244632,277.05456782750633,25053400
2023-03-31,281.02178955078125,281.96730287180225,275.8556011455048,276.5671828397676,32766000
2023-04-03,279.97882080078125,280.992544334595,276.78162637356223,279.286723502298,24883300
2023-04-04,279.9300537109375,283.1175206876223,278.4581943099055,279.9788092952923,25824300
2023-04-05,277.1617431640625,279.90080144519544,275.77760817176124,278.6336322553814,22064800
2023-04-06,284.2384948730469,284.70635812116194,274.91008465074276,276.06028813189846,29770300
2023-04-10,282.0842590332031,282.28894917802717,277.52238471849756,281.90878059048885,23103000
2023-04-11,275.6898193359375,278.7603200001052,274.5298887759889,278.53611574215296,27276600
2023-04-12,276.3332214355469,279.7643772791171,274.84184782081707,277.60042049037634,27403400
2023-04-13,282.5228271484375,282.58131003585845,276.0212316039348,276.43061181588126,24222700
2023-04-14,278.9162902832031,281.19721243469814,276.52812965920475,279.7545649448243,20987900
2023-04-17,281.50909423828125,284.2384247499491,278.93575776704006,282.61057160840295,23836200
2023-04-18,281.0899963378906,284.39442891149264,279.76434427989847,284.2092231464568,20161800
2023-04-19,281.1679992675781,281.7528282776957,277.3567049001675,278.7700813374877,17150300
2023-04-20,278.88702392578125,281.7333204424285,277.88302787911294,278.0487492496202,23244400
2023-04-21,278.5459289550781,279.0430336532182,275.9140792116014,277.81486288712955,21676400
2023-04-24,274.6565856933594,277.75632784748706,271.6835961405842,274.9685142964532,26611000
2023-04-25,268.46697998046875,274.49095750236273,268.4182243921978,272.45372354096446,45772200
2023-04-26,287.91326904296875,292.00725036990406,285.33993229955405,289.2097093535968,64599200
2023-04-27,297.1344299316406,297.49511411918564,287.7962940057379,288.49811850361414,46462600
2023-04-28,299.5031433105469,301.13096702652024,295.6528502866571,296.33519048615636,36469600
2023-05-01,297.8460388183594,300.80930138647517,297.44638582832135,299.2204464922504,21294100
2023-05-02,297.6998291015625,301.3746435203023,296.237697087883,299.9905085390908,26404400
2023-05-03,296.71527099609375,300.81897921071857,296.41309947358855,298.8792272280922,22360800
2023-05-04,297.6998291015625,299.9905085390908,295.74056268414336,298.5088623937183,22519900
2023-05-05,302.8075256347656,304.0942089102195,296.58858621722317,298.00199235653776,28197100
2023-05-08,300.8580322265625,302.36891985995953,298.3626625741606,302.30067989163814,21318600
2023-05-09,299.2496643066406,302.21292664070313,298.5770812481338,300.22441891350263,21340800
2023-05-10,304.4256896972656,305.09827293430556,299.90284258938135,300.82884186341124,30078000
2023-05-11,302.2811584472656,303.2656701896078,298.5283767405059,302.2714311285641,31680200
2023-05-12,301.1699523925781,302.8075331032812,298.8597885779878,302.71005168658775,19774700
2023-05-15,301.6476135253906,302.07650801921994,299.8248268001941,301.2967160743426,16336500
2023-05-16,303.8700256347656,305.790293615096,302.0082405576207,302.0082405576207,26730300
2023-05-17,306.7420349121094,307.1620885056331,303.55737876771076,305.0715691203483,24315000
2023-05-18,311.1575622558594,311.6655618014146,306.4685237275618,307.25979860655974,27276000
2023-05-19,310.98175048828125,311.38227715164794,309.05728471229986,309.4187276052405,27546700
2023-05-22,313.7560729980469,315.1334851097125,310.659362704621,311.2357215634577,24115700
2023-05-23,307.972900390625,315.2604571188561,307.96312199673974,312.6326330108963,30797200
2023-05-24,306.5955505371094,309.1842914063532,305.38419212471825,307.45521463229585,23384900
2023-05-25,318.3865661621094,319.3438949651791,312.6033903237595,315.7684901108892,43301700
2023-05-26,325.1954650878906,325.69365647680604,316.39371620012895,316.5304646832212,36630600
2023-05-30,323.55419921875,327.9794888093755,322.8801459197919,327.48129753653654,29503100
2023-05-31,320.7994689941406,328.1749431768424,319.76394285514135,324.6093167826368,45950600
2023-06-01,324.892578125,325.8206313081567,317.21427212946173,318.396295279445,26773900
2023-06-02,327.6474304199219,329.6988961808169,324.86330044529166,326.5240179212979,25873800
2023-06-05,328.1749267578125,330.73436207197636,326.92451447409195,327.4715679849584,21307100
2023-06-06,325.96722412109375,327.61816339427435,324.4921469370549,327.57907961755546,20396200
2023-06-07,315.90521240234375,326.75839512631626,315.04554846139996,323.984044106474,40717100
2023-06-08,317.7418518066406,319.0899588404042,315.8759965452041,316.45235552980716,23277700
2023-06-09,319.2364501953125,322.3624661949436,316.9114577219513,317.47803824659906,22529000
2023-06-12,324.1794738769531,324.42369526305714,317.64410719983425,320.98503906691633,24260300
2023-06-13,326.5630187988281,329.1908428300205,322.75317181693185,326.73885101056743,22951300
2023-06-14,329.5425720214844,331.20328940233077,325.11728161658255,326.61191533447175,26003800
2023-06-15,340.0539245605469,341.7536961707786,329.40587619170174,329.67940300038487,38899100
2023-06-16,334.41729736328125,343.34604774006436,334.0461058075506,343.1995208348828,46552000
2023-06-20,330.2362060546875,334.1730543177765,328.0968239407517,331.4670916030304,26375400
2023-06-21,325.8499450683594,329.923570971666,324.3943951235906,328.59499110748806,25117800
2023-06-22,331.8577880859375,332.2583147464339,325.6350317853251,326.3970013361719,23556800
2023-06-23,327.2761535644531,330.1481991797799,325.7424660612822,326.6314055883412,23146900
2023-06-26,321.00457763671875,328.3409673865728,320.89710473059927,326.00622657027685,21520600
2023-06-27,326.8366394042969,328.38010561548896,321.6884329438187,324.1892578253604,24354100
2023-06-28,328.0870056152344,330.1677765285819,326.0941508206252,326.924509469394,20259500
2023-06-29,327.3055114746094,328.3410078355039,324.93168659890875,326.97337394490575,16997000
2023-06-30,332.6686096191406,334.80799133337183,329.40581549810116,329.94309061938924,26832800
2023-07-03,330.17755126953125,333.02029191600536,328.7903904255227,331.3498259032752,12508700
2023-07-05,330.3338623046875,333.7529619318794,326.99293022093957,327.3445947298887,18172400
2023-07-06,333.3817443847656,335.0619888415349,327.7451250968569,329.50350728576706,28161200
2023-07-07,329.4253845214844,333.8897591570252,329.210468483103,331.47685037654594,21214800
2023-07-10,324.1599426269531,327.48137758941004,320.0179571321777,326.8659348779879,32791400
2023-07-11,324.78515625,325.1661261312258,319.441590831674,323.4077439781263,26698200
2023-07-12,329.40582275390625,333.75294560855826,327.91118903960694,328.8196854554752,29995300
2023-07-13,334.73968505859375,335.7947085839661,331.1838065084139,331.71133317719415,20567200
2023-07-14,337.2599792480469,343.3069035731136,336.35148278353853,339.55566639937143,28352700
2023-07-17,337.7386779785156,338.9695335941496,334.29027291358,337.689815809939,20363900
2023-07-18,351.1805725097656,358.30207642907544,334.26093764915,337.8363124834503,64738600
2023-07-19,346.8725280761719,354.0819486228708,344.293565577068,353.388368189592,39732900
2023-07-20,338.8522644042969,349.6956992819866,337.3869361725058,345.3974090978353,33778400
2023-07-21,335.82391357421875,342.20297462021114,331.9749823654145,341.07956227112305,69405400
2023-07-24,337.1329345703125,338.9011247209187,334.3976671440658,337.85585009967554,26678100
2023-07-25,342.8672790527344,343.75624842360725,337.0938822455354,339.0867071747874,41637700
2023-07-26,329.9626159667969,336.70314999869004,325.41032580255074,333.5477989926325,58383700
2023-07-27,323.0756530761719,333.44039646614647,321.44424077325766,332.6100674370222,39635300
2023-07-28,330.5487365722656,332.1508430764587,325.4689499409115,325.9573926830905,28484900
2023-07-31,328.1554260253906,329.8942812123279,325.6545714457516,329.13231163180893,25446000
2023-08-01,328.5657043457031,330.7148646247149,325.98674182307207,327.44229185029457,18311900
2023-08-02,319.9300231933594,325.9183364890345,318.8163593371292,325.9183364890345,27761300
2023-08-03,319.1094665527344,322.25503950417715,318.4158860961526,318.4647184532504,18253700
2023-08-04,320.2034912109375,327.3933831672602,319.6759647541321,324.20872726323194,23741500
2023-08-07,322.4797058105469,323.4565914550908,319.94957556864017,320.7799343289393,17741500
2023-08-08,318.5135192871094,321.151122177393,315.5340303066097,319.4024887084689,22327600
2023-08-09,314.7818603515625,319.5490370786911,313.629112676302,318.92384579160165,22373300
2023-08-10,315.46563720703125,320.6724537793776,313.75608752866935,318.4842099187915,20113700
2023-08-11,313.5900573730469,314.9576912566164,311.8316453980151,312.8573931698293,24355500
2023-08-14,316.5499572753906,316.5694842512484,312.68146957881606,313.96121689583384,18836100
2023-08-15,314.4203796386719,317.5757308061961,313.482577825794,315.53404351386234,16966300
2023-08-16,313.6567687988281,317.59218190962685,313.0693905863645,314.0483443153716,20698900
2023-08-17,310.2109375,315.09590822983125,309.5550251977014,313.79391260029473,21257200
2023-08-18,309.8193054199219,311.679311641093,304.9930405423695,307.8711670676138,24755000
2023-08-21,315.1056213378906,315.9768745946358,310.36748902091307,311.2387422776583,24040000
2023-08-22,315.6734313964844,319.21723934340076,314.6944776045053,318.6494592891844,16084600
2023-08-23,320.1178894042969,322.2715996929162,316.6523846218089,317.00482352144604,21166400
2023-08-24,313.2358703613281,325.97206974501347,313.22607126255105,325.8448009621162,23281400
2023-08-25,316.1825256347656,318.5124107055097,312.0904758312742,314.70429575926823,21684100
2023-08-28,316.88739013671875,319.2858092722639,314.949050654982,318.8061314202153,14808500
2023-08-29,321.4981994628906,322.05621026150664,315.10563277299525,315.10563277299525,19284600
2023-08-30,321.8702392578125,322.86876141280084,319.57949087262745,321.75276957784916,15222100
2023-08-31,320.8619689941406,323.9456680844239,319.90258332981267,322.2716651283224,26411000
2023-09-01,321.7430114746094,325.0029150101556,319.9025732532159,324.3372334886783,14942000
2023-09-05,326.530029296875,327.8026871669536,321.74296073160247,322.07580143984785,18553900
2023-09-06,325.8741455078125,327.42087936565457,323.23095829944674,326.3636224074877,17535800
2023-09-07,322.9666442871094,326.06991103130065,322.10516018294953,324.31760527996926,18381000
2023-09-08,327.23492431640625,329.0851616119029,322.5261582327596,323.14290399792515,19530100
2023-09-11,330.82763671875,331.29754527961506,328.3704532160462,330.1423571352341,16583300
2023-09-12,324.7874450683594,329.70181156243297,324.50357001713206,328.7522253170888,17565500
2023-09-13,328.98724365234375,329.76062559468676,324.2001746396606,324.33721264984047,16544400
2023-09-14,331.57171630859375,333.6862305598508,329.4865396056531,332.0122276628957,20267000
2023-09-15,323.2701416015625,330.29902307578516,322.71213073688756,329.829144347891,37679800
2023-09-18,322.134521484375,323.4463159361462,319.4913343854658,320.9010301881777,16834200
2023-09-19,321.7331848144531,322.45763099664185,317.6803313099975,319.3053983263758,16505900
2023-09-20,314.01904296875,322.6534238453553,313.7645352608611,322.57512067569024,21436500
2023-09-21,312.80511474609375,318.50263318201627,308.37045511046944,312.54080796824985,35560400
2023-09-22,310.338134765625,314.6846917624831,309.4962190138313,314.5574229961994,21447900
2023-09-25,310.8570556640625,310.98432446171176,308.3705041858595,309.92703743147536,17836000
2023-09-26,305.5706481933594,309.2319257820145,303.49524107796117,308.4977104446982,26297600
2023-09-27,306.2069091796875,307.68510882110445,303.1721470023037,305.72720159379793,19410100
2023-09-28,307.03912353515625,308.8403951730469,302.9373041972711,304.44487173232886,19683600
2023-09-29,309.1046447753906,312.74635389934775,308.3508611473558,311.06255226407086,24147300
2023-10-02,315.02734375,315.1154758886586,308.5466739037748,309.62352913697714,20570000
2023-10-03,306.79437255859375,314.6260036436558,304.6602303826851,314.0777619824239,21033500
2023-10-04,312.2471008300781,313.3043876816742,307.3914982671209,307.420865686593,20720100
2023-10-05,312.638671875,313.24564832750764,308.27254628304615,312.3743651035606,16965600
2023-10-06,320.3724365234375,322.2618102249638,309.6430811517103,309.8878196065806,25673600
2023-10-09,322.87860107421875,323.34847985310256,316.3783324634904,317.91529734513176,19891200
2023-10-10,321.4786682128906,324.13162477364205,320.7738202479149,323.9945568948938,20557100
2023-10-11,325.42388916015625,325.81546476985574,322.2129213601342,324.23933335603755,20063200
2023-10-12,324.19036865234375,326.6083859172805,321.8017188086289,323.6127894514465,19313100
2023-10-13,320.8326110839844,326.80420669372097,319.4914189840269,325.38474129276136,21072400
2023-10-16,325.6391906738281,329.06552880865223,323.6421166530187,324.08262791660326,22158000
2023-10-17,325.0713806152344,326.44190989346447,320.5192516418675,322.6533636519186,18338500
2023-10-18,323.16241455078125,328.52709196343386,321.3905106177838,325.4923293025366,23153600
2023-10-19,324.34698486328125,329.78996567974724,323.9456102144574,325.1595033838665,25052100
2023-10-20,319.79486083984375,324.934368448125,318.6005359720502,324.73856573197526,25027700
2023-10-23,322.3890686035156,325.7273046053134,317.5628335992071,318.620090545015,24374700
2023-10-24,323.5736083984375,324.8560355263617,320.70528084515973,324.3273920928105,31153600
2023-10-25,333.500244140625,338.91385810810175,330.5144167677778,337.7586697804962,55053800
2023-10-26,320.9891662597656,334.4399815109655,320.05914822735156,333.3729254857893,37828500
2023-10-27,322.8687438964844,329.63331810351394,321.4884154812009,323.47569046023347,29856500
2023-10-30,330.2109069824219,332.3058824741977,324.84622935304117,326.39299310170355,22828100
2023-10-31,330.99407958984375,331.865362876774,327.64607407506094,331.71852577091533,20265300
2023-11-01,338.7865295410156,340.10812307119625,332.50163335597534,332.63870122035286,28158800
2023-11-02,340.9892578125,341.4885040275744,337.51395325496594,339.9319707829099,24348100
2023-11-03,345.3748779296875,346.9314407134558,340.01999961550734,342.27161121053757,23637700
2023-11-06,349.02642822265625,350.0151812088652,345.91336203130555,346.0112633950899,23828300
2023-11-07,352.94219970703125,354.83157330344505,350.10323976353783,351.8359771725129,25833900
2023-11-08,355.5560607910156,356.2119431597548,352.9618091115113,354.0680317747925,26767800
2023-11-09,353.0989074707031,357.11262469595323,352.7758359325908,354.67500901172906,24847300
2023-11-10,361.8898620605469,362.3108050217642,353.47085345970584,353.8819973228906,28042100
2023-11-13,358.9627990722656,360.71513487046275,358.1992162461448,360.4703964021509,19986500
2023-11-14,362.4771728515625,364.1218377596641,359.6186448005375,363.2016188989832,27683900
2023-11-15,362.6244201660156,366.0184671527949,360.1131840283514,364.20372057822027,26860100
2023-11-16,369.0005187988281,369.17708096054344,363.1246629725075,363.88979560921166,27182300
2023-11-17,362.80096435546875,367.23480603716206,360.0052770614011,366.4892814424939,40157000
2023-11-20,370.2463073730469,371.64904556813445,363.9290460653395,364.1448542442713,52465100
2023-11-21,365.9595642089844,369.0495215118682,364.04671781694736,368.51001608638865,28423100
2023-11-22,370.64849853515625,372.5515261398846,367.82338415552084,370.79563367244174,23345300
2023-11-24,370.2364807128906,370.766197129462,367.99014782412655,370.1383806452385,10176600
2023-11-27,371.3940124511719,373.38535117738047,369.0299712724483,369.5989038114079,22179200
2023-11-28,375.4060363769531,375.70030662709087,370.9525569972749,371.1389381343408,20453100
2023-11-29,371.62945556640625,376.9755653604363,370.2463253437472,376.4458788431164,28963400
2023-11-30,371.6882629394531,372.8457658390955,368.313824366715,371.2762546529022,30554400
2023-12-01,367.3721618652344,370.9525899274523,364.23313921740737,369.579278745005,33040500
2023-12-04,362.1045227050781,362.47725508494324,355.98343139448775,362.06527668869364,32063300
2023-12-05,365.4200134277344,365.96933781680315,358.6515286841893,359.4657262173714,23065000
2023-12-06,361.7709655761719,367.0484320232483,361.0156519151652,366.42064545969674,21182100
2023-12-07,363.8799743652344,364.3704447283438,359.3382140130918,361.21181439248187,23118900
2023-12-08,367.09747314453125,367.3230703614092,361.2118285564288,362.1633422956095,20154400
2023-12-11,364.2232666015625,364.51756677042914,359.1223929698161,361.45703660419446,27708800
2023-12-12,367.2445983886719,367.28384440026525,363.3992975227853,363.7818787799653,24838300
2023-12-13,367.23480224609375,370.4424978188213,363.70340938140794,368.8533485777596,30955500
2023-12-14,358.95562744140625,366.63640997800485,357.1899461347514,366.19497468337374,43277500
2023-12-15,363.6641540527344,365.30230824664153,359.2989559925913,359.8580993724713,78502300
2023-12-18,365.547607421875,365.89094271187565,361.6532709896756,362.408614614865,21802900
2023-12-19,366.14593505859375,366.14593505859375,362.7911046946417,364.4096508615579,20603700
2023-12-20,363.5562744140625,368.8631677330293,363.46799333439736,367.852799906723,26316700
2023-12-21,366.4205627441406,367.27397628253584,362.9872706194223,365.45923017228415,17708000
2023-12-22,367.4407958984375,368.02936637236263,365.60644137118885,366.55795515551875,17107500
2023-12-26,367.519287109375,369.7558309565617,366.38139217856946,367.852803392138,12673100
2023-12-27,366.9405212402344,367.9116430236214,365.70452628978785,366.5677589576593,14905400
2023-12-28,368.1274719238281,369.2849749136942,367.02882298863733,368.2157530058411,14327000
2023-12-29,368.87298583984375,369.9716347431921,366.361779793351,368.8337398258849,18730800
2024-01-02,363.801513671875,368.7356447522221,359.7796503608471,366.73451711634624,25258600
2024-01-03,363.53668212890625,366.1459883616317,361.4865193608946,361.9769897820248,23083500
2024-01-04,360.9273986816406,365.98905733956127,360.17208496235486,363.6053781270113,20901500
2024-01-05,360.7409973144531,364.9688499798779,359.51482125288123,361.93774634798484,21004600
2024-01-08,367.5487365722656,368.0490259949179,361.9769996213989,362.26145091951054,23134000
2024-01-09,368.6277160644531,368.8238862439724,364.11538283242464,364.9197613954772,20830000
2024-01-10,375.4747009277344,376.84804200266086,369.1476507008414,369.1966857666869,25514200
2024-01-11,377.29925537109375,383.2339350900792,373.1302570741052,378.64313944413783,27850800
2024-01-12,381.0660095214844,381.2719986726898,377.3188091126789,378.14279565343315,21661200
2024-01-16,382.831787109375,386.52013440392574,380.2322997601581,386.1571910674611,27202300
2024-01-17,382.0469970703125,382.67478358686355,377.47580955942465,380.58540492477397,22234100
2024-01-18,386.3631591796875,386.4808672893111,382.68463107425833,384.2541423864291,23392100
2024-01-19,391.0716552734375,391.0716552734375,386.0001785110236,388.21711414753673,29331100
2024-01-22,388.952880859375,392.9845335375129,386.08852029622886,392.3959630178593,27016900
2024-01-23,391.2972717285156,391.7681340805433,386.4219948473302,388.2073142541726,20525900
2024-01-24,394.8875427246094,397.89903829237466,392.81777191847715,393.8869938433054,24867000
2024-01-25,397.15350341796875,399.25273113363767,394.858105500646,396.613997943498,21021200
2024-01-26,396.23138427734375,398.4287118822507,394.75997317345707,396.66300059602537,17803300
2024-01-29,401.91107177734375,402.16612596865383,396.6237864171102,398.3208248033987,24510200
2024-01-30,400.8026123046875,405.17760004808207,398.70341448382425,404.4026783420674,33477600
2024-01-31,390.00244140625,407.404352059521,389.6394980894709,399.20367116692984,47871100
2024-02-01,396.0842590332031,400.2238302394902,394.1419855506921,394.17141257606636,30657700
2024-02-02,403.3824768066406,404.7852149654356,395.86846668943514,396.11370188933375,28256700
2024-02-05,397.9186096191406,403.32360273614995,396.290244380319,402.08760781050484,25352300
2024-02-06,397.76165771484375,400.1944015675409,395.23084373526007,398.14423897907153,18382600
2024-02-07,406.1585693359375,406.403804561943,399.63531831137925,399.6745643296035,22340500
2024-02-08,406.2173767089844,407.6397528307197,404.66750343056947,406.15852265638233,21225300
2024-02-09,412.53460693359375,412.799480086422,407.17867899598485,407.3356331031592,22032800
2024-02-12,407.345458984375,412.72099505038886,406.84516963028506,412.54443290280494,21202900
2024-02-13,398.5758972167969,402.25442543992307,395.70174768308635,397.22219404093613,27824900
2024-02-14,402.42828369140625,402.7722538955099,397.5931465072421,401.03278856568113,20401200
2024-02-15,399.5487365722656,402.0744232742021,397.31789426635277,401.1015057472966,21825500
2024-02-16,397.09185791015625,401.248921048528,396.48255480055184,400.924595205485,22296500
2024-02-20,395.8438415527344,397.5145068330212,391.1462744848481,396.28606324841394,24307900
2024-02-21,395.2442626953125,395.3523813035853,390.3698079702168,393.2689462191207,18518900
2024-02-22,404.5509948730469,405.710638303165,401.52412337910727,403.1161813071161,27009900
2024-02-23,403.2635803222656,408.6883757427927,401.9172111140197,408.5016799323737,16295900
2024-02-26,400.5119323730469,405.05225512208284,400.3350137011801,404.3643147092536,16193500
2024-02-27,400.4529724121094,401.27848291877046,396.88556737137105,400.95415701072204,14835800
2024-02-28,400.68878173828125,402.24152110085487,398.33017625490425,401.1408405413653,13183100
2024-02-29,406.5066833496094,407.05702360240457,398.91981558888216,401.5929096701564,31947300
2024-03-01,408.3346252441406,408.6982397267373,403.7943028017663,404.17756158377745,17823400
2024-03-04,407.7646484375,410.1527354833861,405.2094798738606,406.31016048803207,17596000
2024-03-05,395.7061767578125,407.10613735676765,393.73086019090937,406.82113009418805,26919200
2024-03-06,395.1559143066406,398.1729790488092,391.5197391699057,396.0207434176088,22344100
2024-03-07,402.0843200683594,402.71326755552275,395.30328784063323,399.1163813277323,18718500
2024-03-08,399.2146301269531,403.34221201538827,397.357209279769,400.9246137706761,18002200
2024-03-11,397.5439453125,398.68394443475927,394.34018518419236,396.7970720878644,16120800
2024-03-12,408.1183776855469,408.4033849510457,399.77479973523793,400.5904729541975,22457000
2024-03-13,407.9415283203125,410.96839994406946,404.3544792559954,410.88979275530687,17115900
2024-03-14,417.8869934082031,420.4421618629372,410.7816654727546,412.99286375239626,34157300
2024-03-15,409.2386779785156,415.31209412327667,405.6712740320299,412.05917884228217,45079900
2024-03-18,410.1231689453125,413.47436582893783,406.644209161319,407.10610503657034,20106000
2024-03-19,414.14263916015625,414.39816496544705,408.38368133647776,410.6243607307359,19837900
2024-03-20,417.8968200683594,418.61421185332546,413.4056235884817,414.7225113763612,17860100
2024-03-21,421.9654235839844,423.3904300401875,419.7935438740281,422.41748239432127,21296200
2024-03-22,421.3462829589844,422.446963535343,418.7223444405752,422.2897491598315,17648500
2024-03-25,415.56768798828125,420.03924040543956,414.3392444656493,417.9066492539799,18060500
2024-03-26,414.3785095214844,418.6436612820826,414.0836951106592,418.270209700842,16725600
2024-03-27,414.1623229980469,417.13026150811925,411.78407332169564,417.1204243635022,16705000
2024-03-28,413.4645690917969,414.5947310272611,411.89215553357553,413.70042062857715,21871200
2024-04-01,417.24822998046875,420.51098325002465,414.9387501061958,416.6389267777452,16316000
2024-04-02,414.1722106933594,415.0960026612766,410.6342871982826,412.8651299341305,17912000
2024-04-03,413.19927978515625,415.960818454912,411.86271762245,412.49169510873463,16502300
2024-04-04,410.6736145019531,421.27754806630895,410.368962888124,417.66098731056826,19370900
2024-04-05,418.1817932128906,419.1547408159618,411.10597696046364,412.76683489834704,16554800
2024-04-08,417.2678527832031,419.91146556821536,416.00009070624833,417.8378673566601,14272400
2024-04-09,418.9286804199219,420.3634939121141,414.3490398303801,419.08592477391875,12496900
2024-04-10,415.9608459472656,416.7175564186243,412.46224092463933,414.9092910129871,16216600
2024-04-11,420.5502624511719,421.96543178968227,415.076310912024,418.4766641791292,17966400
2024-04-12,414.6242370605469,417.84767154999884,412.5309645735886,416.7371538463039,19253800
2024-04-15,406.5066833496094,419.45938357073686,406.3002832613404,419.24317632918917,20273500
2024-04-16,407.4304504394531,411.18458077665684,406.59513289625886,407.4206432860486,16765600
2024-04-17,404.7377624511719,411.65636514019064,403.2537929988289,410.054469901942,15855500
2024-04-18,397.29827880859375,404.78689570186344,396.98382006074763,403.54861503604855,21029900
2024-04-19,392.2370910644531,398.48742718931453,390.91036608589934,397.0624207324797,30565800
2024-04-22,394.0453186035156,395.9027393940693,388.9251749817352,393.1804896634458,20286900
2024-04-23,400.5413818359375,401.16052215978465,396.10914808184776,397.26879155025864,15734500
2024-04-24,402.00567626953125,405.3568737379943,399.76499652417516,402.4970536697523,15065300
2024-04-25,392.1585388183594,392.993886513837,381.3383973548316,387.23492698224936,40586500
2024-04-26,399.3129577636719,405.8777529623426,398.76261744709456,405.0620796331898,29694700
2024-04-29,395.3131103515625,399.31292950505053,392.30588312333157,398.2613746922827,19582100
2024-04-30,382.6159362792969,395.2246979226767,382.45872189410846,394.5662389705951,28781400
2024-05-01,388.129150390625,394.79222617325195,383.5789912516123,385.83931510454033,23562500
2024-05-02,390.97918701171875,393.0331410549717,387.84419663220166,390.8022983361386,17709400
2024-05-03,399.6470642089844,400.12860445610875,394.92982324925293,395.3425934548566,17446700
2024-05-06,406.408447265625,406.7917060599517,399.36208182617884,401.71088030309346,16996600
2024-05-07,402.28082275390625,407.5189223273103,402.0351340682459,407.5090851826696,20018200
2024-05-08,403.4601745605469,405.1210326153664,399.6962067828019,401.13105042212936,11792300
2024-05-09,405.20947265625,405.60256858412407,402.04500095122404,403.48965172941627,14689700
2024-05-10,407.58770751953125,408.2166849740278,404.698406069441,405.8187609135271,13402300
2024-05-13,406.5852966308594,411.13545592488975,403.7353138522874,410.8013229086305,15440200
2024-05-14,409.3763427734375,410.29029755221785,404.45273155985166,404.91462752191757,15109300
2024-05-15,416.53387451171875,417.25259039103736,410.81377223604346,411.4340293579302,22239500
2024-05-16,414.4762268066406,418.83770651029647,413.846144823867,415.2736916860826,17530100
2024-05-17,413.7082824707031,416.3763735645946,411.56201978291415,416.00224831627656,15352200
2024-05-20,418.7588806152344,420.1667475860199,413.49165301735496,413.7082502471213,16272100
2024-05-21,422.4017028808594,426.27088889031637,418.2765300972595,420.2258753914369,21453300
2024-05-22,423.85870361328125,425.719474725285,420.5211715226864,423.4353640639669,18073700
2024-05-23,420.3931884765625,426.89107515061806,418.83764844643395,426.2708180980622,17211700
2024-05-24,423.5042724609375,424.39034103334086,417.84324041258554,420.58022514023406,11855300
2024-05-28,423.661865234375,424.15412896604386,419.999421868943,422.9825388810405,15718000
2024-05-29,422.5296325683594,424.27223522977,419.1034664398289,419.1034664398289,15517100
2024-05-30,408.2539978027344,417.7349716036768,407.8306281783295,417.7349716036768,28394500
2024-05-31,408.7068176269531,410.30174702528416,398.2511426419933,410.30174702528416,47995300
2024-06-03,407.121826171875,409.98680497957577,402.5930234279985,409.10073618383456,17484700
2024-06-04,409.6322937011719,409.9965640062738,403.34114963612075,406.04859979558495,14348900
2024-06-05,417.4494934082031,417.5183874951578,409.8587651411263,411.3454112041521,16988000
2024-06-06,417.9515686035156,418.7293536763162,414.0725281736093,417.44948005128595,14861300
2024-06-07,417.29193115234375,419.6843254469309,416.45507688003147,419.60557647742206,13621700
2024-06-10,421.249755859375,421.45649821147657,417.3313558315188,418.1288206635897,13982900
2024-06-11,425.98529052734375,426.1231387794062,418.67025946007556,418.89671156901073,14551100
2024-06-12,434.23565673828125,436.53944727057524,426.54650007534946,428.5844790234761,22366200
2024-06-13,434.74761962890625,436.52964196122593,432.57182236972,434.0289338170149,15960600
2024-06-14,435.7222900390625,436.2834778568933,429.96279885352675,431.49865916361745,13582000
2024-06-17,441.43255615234375,443.96279884211964,433.90092737019853,435.7419888452348,20790000
2024-06-18,439.4339599609375,443.1751821409538,438.00641324566425,442.75181252074634,17112500
2024-06-20,438.8038635253906,439.6210080275433,434.4423844149745,439.3945559147101,19877400
2024-06-21,442.82073974609375,443.6083496603445,439.60134591371855,440.45787995794916,34187100
2024-06-24,440.7433776855469,445.74476346815527,439.50286359400394,442.84039572999666,15913700
2024-06-25,443.9726257324219,444.4353547941903,439.83759879553867,441.3143898379412,16413400
2024-06-26,445.1639099121094,446.5816317625772,441.25533495755695,442.05279974277113,16507000
2024-06-27,445.8432922363281,449.11193080479063,444.77998569217993,445.1836455797366,14806300
2024-06-28,440.0345153808594,448.33407381119525,439.5028621939787,446.05981801420484,28362300
2024-07-01,449.6632385253906,450.2933204774516,438.76451231040363,441.71809469633655,17662800
2024-07-02,452.17376708984375,452.47896819642483,446.09921948918884,446.1878533998419,13979800
2024-07-03,453.6406555175781,453.88678735468443,450.79538710423196,451.1005881786126,9932800
2024-07-05,460.3255920410156,461.1033770377166,451.8685059547019,452.498587816865,16000300
2024-07-08,459.02606201171875,460.4634937005408,457.27360437796756,459.33126311315795,12962300
2024-07-09,452.42974853515625,460.09919566591896,450.9135678636905,459.77431483044427,17207200
2024-07-10,459.0359191894531,459.24266153927346,451.76024698147666,454.0837473649462,18196100
2024-07-11,447.66461181640625,457.5886345893225,444.5633265323156,455.81649732303464,23111200
2024-07-12,446.53240966796875,449.2989293786312,443.6772860929006,447.3003398715442,16324300
2024-07-15,446.9360656738281,450.185024234339,444.44521246679955,446.28627396172595,14429400
2024-07-16,442.56475830078125,447.27079820143007,439.7490242805094,447.19204922721934,17175700
2024-07-17,436.6575622558594,437.9670004651751,432.38471713490526,435.74195902538145,21778000
2024-07-18,433.5563659667969,437.7701424222079,427.67873564964367,437.46494130393756,20794800
2024-07-19,430.3467712402344,434.3144456334854,425.31585048613374,426.39883667006126,20940400
2024-07-22,436.0865783691406,437.7208974938516,432.1189340633458,434.95437784378936,15808800
2024-07-23,437.9670104980469,441.45224583194545,436.24408758502966,437.0316974699668,13107100
2024-07-24,422.2637939453125,434.64916540683873,420.9740654607642,433.6351033912307,26805800
2024-07-25,411.92626953125,423.14987619224735,411.05005574464656,422.1653487650477,29943800
2024-07-26,418.68994140625,422.28349032231534,410.8137224917234,411.7293557750341,23583800
2024-07-29,420.1273498535156,425.4634710488169,418.12876061583677,424.9022832711689,15125800
2024-07-30,416.3763122558594,422.41143955979663,410.9023126509883,421.1020314288797,32687600
2024-07-31,411.8770446777344,415.2539664560443,405.8320320070505,413.9937725831716,42891400
2024-08-01,410.6562194824219,420.8460843318748,406.69843005351635,414.27930323794226,30296400
2024-08-02,402.16961669921875,408.57890014493404,398.0838337068482,406.1077265801338,29437900
2024-08-05,389.0360107421875,394.83489176821496,379.6140759587015,383.1485558976655,40709200
2024-08-06,393.4269714355469,399.39323499306323,392.3341604668248,393.81095153508136,24946500
2024-08-07,392.2652587890625,403.7349973998657,391.32012086399686,402.3173055349637,20650900
2024-08-08,396.4593811035156,399.58031645092876,393.75193048039444,396.21324922868644,20203000
2024-08-09,399.7378234863281,401.736413003281,396.0360207139592,397.7786234799922,19276700
2024-08-12,400.515625,402.4354656198074,397.9853821448799,400.76175687200634,16762900
2024-08-13,407.60418701171875,408.5296451452922,403.23288307516907,403.2525628062739,19414300
2024-08-14,410.41009521484375,411.2568044389076,406.0683556338293,408.38197108714223,18267000
2024-08-15,415.2627258300781,415.34161674551206,411.9388929382302,414.0495635460023,20752100
2024-08-16,412.73779296875,415.56847485047064,411.58380640221424,414.8386210132459,22775600
2024-08-19,415.755859375,415.9728470077707,410.75530126947416,413.22105614207504,15234000
2024-08-20,418.9810485839844,420.0265262237166,415.86436096713305,415.92353667507666,16387600
2024-08-21,418.330078125,420.5590998224222,415.9432144212139,418.27087232284174,16067300
2024-08-22,409.85772705078125,420.94378045645306,408.9306008917766,418.5470440541718,19361900
2024-08-23,411.080810546875,413.51697764071497,406.4451792024677,411.26821033098173,18493800
2024-08-26,407.82598876953125,411.56408163461276,405.7054455704439,410.6665432369522,13152800
2024-08-27,408.1712341308594,408.68410035771785,404.63041340611323,407.2046472922476,13492900
2024-08-28,404.9755859375,409.3153084895278,401.7306441001557,409.1969570716752,14882700
2024-08-29,407.4610595703125,416.26872882049446,404.975589475056,409.2561363555491,17045200
2024-08-30,411.4259948730469,411.7711764633265,406.4846126518204,409.90708149754283,24308300
2024-09-03,403.8314514160156,414.1284456363182,401.45446023053216,412.18542969380115,20313600
2024-09-04,403.2988586425781,405.6068015782242,398.830912042889,400.3498254636215,15135800
2024-09-05,402.79583740234375,407.44131080829675,400.56678553175374,402.0363656944642,14195500
2024-09-06,396.197509765625,405.0248942566708,395.30981392110493,403.4566777506577,19609500
2024-09-09,400.16241455078125,403.0522719406784,396.6413094868822,401.6615826272171,15295100
2024-09-10,408.5262756347656,410.627073483588,402.11531302402886,402.6084639940855,19594300
2024-09-11,417.2452087402344,418.1821775855184,403.9695620775317,409.80848319257257,19266900
2024-09-12,421.15093994140625,421.51586685329676,414.00025068010603,417.51148327493246,17395700
2024-09-13,424.6917419433594,425.914746697553,419.6320082561189,419.9969351521576,15874600
2024-09-16,425.43145751953125,427.5914610863902,422.3542004104568,424.70160374609685,13834700
2024-09-17,429.1893005371094,435.79753584231287,426.34874601904636,434.1997314507894,18874200
2024-09-18,424.90875244140625,430.05724996700025,424.5142376703877,429.04136013434226,18898000
2024-09-19,432.6807861328125,435.452292084435,430.91529729082623,435.1860014052933,21706600
2024-09-20,429.3075866699219,433.2232061386539,428.27198178833163,431.23088727806737,55167100
2024-09-23,427.5718078613281,430.4813808255123,424.4945503062013,428.3312495978339,15128900
2024-09-24,423.29119873046875,427.4139334394583,420.2632446802758,427.0687217553129,17015800
2024-09-25,426.1909484863281,427.1871231515397,422.69946103119116,423.94218110016,13396400
2024-09-26,425.4018859863281,429.3372210826113,423.251754987828,429.1301061037402,14492000
2024-09-27,422.1569519042969,425.9345052473445,421.61449786891575,425.60900874647825,14896100
2024-09-30,424.4056701660156,424.5240516705587,419.54320931350645,422.3443029301565,16807300
2024-10-01,414.9273681640625,422.61066875300435,413.07311568923785,422.58108089859957,19092900
2024-10-02,411.4161376953125,417.0281982052677,411.00187763203274,416.7914652693021,16582300
2024-10-03,410.8341979980469,413.8029462214933,408.61501874387466,411.90926344701154,13686400
2024-10-04,410.3607482910156,414.00020455197927,409.28568287863294,412.51087911578094,19169700
2024-10-07,403.93011474609375,411.39639773757887,403.3975032576847,410.3016170053712,20919800
2024-10-08,409.029296875,409.9662958214234,402.57890342121186,405.2714886364785,19229300
2024-10-09,411.7415771484375,414.6215919010832,408.62485957486433,410.16348810998284,14974300
2024-10-10,410.1437683105469,411.63309377445904,407.49061385739407,409.5421386142519,13848400
2024-10-11,410.6172180175781,411.41612015597997,407.589263932771,410.4396908978323,14144900
2024-10-14,413.3985900878906,418.2314633461143,411.80075573680847,412.0473312101826,16653100
2024-10-15,413.0040588378906,416.69284850861214,409.57174739931537,416.3969398711013,18900200
2024-10-16,410.4199523925781,410.65665522282575,404.85722518493617,409.4829836231505,15508900
2024-10-17,411.0117492675781,416.7125733271007,409.89722324961605,416.57447660649984,14820000
2024-10-18,412.4320373535156,413.90161766396704,410.5580696214905,411.4260201751563,17145300
2024-10-21,413.04351806640625,413.22104518863654,408.08242059822123,410.4199513395574,14206100
2024-10-22,421.65399169921875,424.6819160644371,412.3137102440662,412.75752809912296,25482200
2024-10-23,418.7838134765625,425.17503084101816,416.74216121867397,424.9580432083023,19654400
2024-10-24,418.9120178222656,420.144895200207,416.6139175340375,419.5037748840412,13581600
2024-10-25,422.28515625,426.5952907757042,420.72681247783265,420.9142122484759,16899100
2024-10-28,420.7465515136719,426.02327304477956,420.46051551603273,425.74710969864265,14882400
2024-10-29,426.03314208984375,427.2364316805858,419.9673609785876,422.1372373224,17644100
2024-10-30,426.6051940917969,432.4934181148105,426.1810914644013,431.44794042425275,29749100
2024-10-31,400.7837829589844,410.4594021869807,400.7344498042727,409.6703426075015,53971000
2024-11-01,404.74871826171875,409.80845197934053,401.9180365381017,403.40736208449033,24230400
2024-11-04,402.8648681640625,404.7980415718176,400.01447130701087,404.18650910637746,19672300
2024-11-05,405.8237609863281,409.2166418436789,402.4900558335031,402.7760918050739,17626000
2024-11-06,414.4243469238281,414.69066771455005,404.8966664565658,406.77066424480597,26681800
2024-11-07,419.6024169921875,421.0029789570154,414.12845339700306,415.5092700597973,19901800
2024-11-08,416.75201416015625,420.65776126477715,416.0024150826717,419.4939322441371,16891400
2024-11-11,412.2840881347656,418.99092936118404,410.301611581567,416.7322894657105,24503300
2024-11-12,417.2352600097656,418.62594919557404,411.4851336112788,412.52073848816826,19401200
2024-11-13,419.3756408691406,423.4490430245243,412.4813691184813,415.86440800280457,21502200
2024-11-14,421.04241943359375,422.304884622317,414.24678510633004,419.17829445283394,30246900
2024-11-15,409.3153381347656,417.0084818478404,407.9739818358906,414.0693210931382,28247600
2024-11-18,410.06488037109375,412.66870168958155,406.45501186857297,409.1870572477352,24727000
2024-11-19,412.067138671875,412.215077958307,405.91259346035645,407.4512222383487,18133500
2024-11-20,409.798583984375,411.57394553855335,404.9558378403451,411.1596854793811,19191700
2024-11-21,408.0295715332031,414.85856338751086,405.47983232208855,414.5818472703372,20780200
2024-11-22,412.11114501953125,412.50644943843054,406.2407824115055,406.547145598137,24814600
2024-11-25,413.8801574707031,416.14328803070504,409.9863472135053,413.4749606494442,27691100
2024-11-26,422.9722900390625,424.0099980685231,413.93946191933657,414.6707766023476,23458900
2024-11-27,418.0309143066406,422.22122564388053,417.07228524559736,420.12605489536344,18332400
2024-11-29,418.49542236328125,419.8987878079345,412.90177557031507,415.16493646523105,16271900
2024-12-02,425.9272766113281,427.92358362660957,416.37063273208213,416.62759418862754,20207200
2024-12-03,426.1446533203125,427.3997530713115,422.7251964040861,424.80058218242306,18302000
2024-12-04,432.2917785644531,434.5153999624501,427.55792723241916,427.95323167121506,26009400
2024-12-05,437.4307556152344,439.4468472719849,431.05639296725934,432.78587611481566,21697800
2024-12-06,438.3696594238281,440.8699968788184,436.5907442566123,437.1145294101148,18821000
2024-12-09,440.7908935546875,443.0738089240489,435.3356203613735,437.4110061952819,19144400
2024-12-10,438.1324768066406,444.3487425824553,436.42277827381423,439.1800773312265,18469500
2024-12-11,443.72613525390625,445.07020661100427,438.8440482605507,438.8440482605507,19200200
2024-12-12,444.2893981933594,450.81202644259827,443.8446618873549,443.8446618873549,20834800
2024-12-13,442.0262451171875,446.13747735633456,440.3560560775405,443.1825414368637,20177800
2024-12-16,446.2955627441406,446.8786419747949,440.05954349180166,442.02620311382134,23598800
2024-12-17,449.1319885253906,449.9522746519603,444.2993336430134,445.7224537683285,22733500
2024-12-18,432.2620849609375,447.34315728839636,431.89639748062007,446.02876338491484,24444500
2024-12-19,431.9063415527344,437.98423408144293,431.2046739034814,436.4425256398133,22963700
2024-12-20,431.4813537597656,438.53762947103075,423.6047919913248,428.03224964237955,64263700
2024-12-23,430.147216796875,432.5190736490341,427.755575118412,431.619738686297,19152500
2024-12-24,434.1793212890625,434.4461751355928,429.09959787026054,429.5541964268554,7164500
2024-12-26,432.97369384765625,435.77053252746487,431.511064298451,433.9323230175154,8194200
2024-12-27,425.4825134277344,430.1175308072659,421.35152651661633,429.5048044431988,18117700
2024-12-30,419.849365234375,422.5374777077036,416.9537232035626,421.0649558192297,13158700
2024-12-31,416.5583801269531,421.727075036825,415.72823181420273,421.1044562623139,13246500
